$MeshFormat
4.1 0 8
$EndMeshFormat
$Entities
0 0 1 1
1 -0.9486256837844849 0.3343586623668671 -0.6247441172599792 0.6101460456848145 1.872439622879028 0.5866695046424866 0 0 
1 -0.9486256837844849 0.3343586623668671 -0.6247441172599792 0.6101460456848145 1.872439622879028 0.5866695046424866 0 1 1 
$EndEntities
$Nodes
2 832 1 832
2 1 0 752
1
2
3
4
5
6
7
8
9
10
11
12
13
14
15
16
17
18
19
20
21
22
23
24
25
26
27
28
29
30
31
32
33
34
35
36
37
38
39
40
41
42
43
44
45
46
47
48
49
50
51
52
53
54
55
56
57
58
59
60
61
62
63
64
65
66
67
68
69
70
71
72
73
74
75
76
77
78
79
80
81
82
83
84
85
86
87
88
89
90
91
92
93
94
95
96
97
98
99
100
101
102
103
104
105
106
107
108
109
110
111
112
113
114
115
116
117
118
119
120
121
122
123
124
125
126
127
128
129
130
131
132
133
134
135
136
137
138
139
140
141
142
143
144
145
146
147
148
149
150
151
152
153
154
155
156
157
158
159
160
161
162
163
164
165
166
167
168
169
170
171
172
173
174
175
176
177
178
179
180
181
182
183
184
185
186
187
188
189
190
191
192
193
194
195
196
197
198
199
200
201
202
203
204
205
206
207
208
209
210
211
212
213
214
215
216
217
218
219
220
221
222
223
224
225
226
227
228
229
230
231
232
233
234
235
236
237
238
239
240
241
242
243
244
245
246
247
248
249
250
251
252
253
254
255
256
257
258
259
260
261
262
263
264
265
266
267
268
269
270
271
272
273
274
275
276
277
278
279
280
281
282
283
284
285
286
287
288
289
290
291
292
293
294
295
296
297
298
299
300
301
302
303
304
305
306
307
308
309
310
311
312
313
314
315
316
317
318
319
320
321
322
323
324
325
326
327
328
329
330
331
332
333
334
335
336
337
338
339
340
341
342
343
344
345
346
347
348
349
350
351
352
353
354
355
356
357
358
359
360
361
362
363
364
365
366
367
368
369
370
371
372
373
374
375
376
377
378
379
380
381
382
383
384
385
386
387
388
389
390
391
392
393
394
395
396
397
398
399
400
401
402
403
404
405
406
407
408
409
410
411
412
413
414
415
416
417
418
419
420
421
422
423
424
425
426
427
428
429
430
431
432
433
434
435
436
437
438
439
440
441
442
443
444
445
446
447
448
449
450
451
452
453
454
455
456
457
458
459
460
461
462
463
464
465
466
467
468
469
470
471
472
473
474
475
476
477
478
479
480
481
482
483
484
485
486
487
488
489
490
491
492
493
494
495
496
497
498
499
500
501
502
503
504
505
506
507
508
509
510
511
512
513
514
515
516
517
518
519
520
521
522
523
524
525
526
527
528
529
530
531
532
533
534
535
536
537
538
539
540
541
542
543
544
545
546
547
548
549
550
551
552
553
554
555
556
557
558
559
560
561
562
563
564
565
566
567
568
569
570
571
572
573
574
575
576
577
578
579
580
581
582
583
584
585
586
587
588
589
590
591
592
593
594
595
596
597
598
599
600
601
602
603
604
605
606
607
608
609
610
611
612
613
614
615
616
617
618
619
620
621
622
623
624
625
626
627
628
629
630
631
632
633
634
635
636
637
638
639
640
641
642
643
644
645
646
647
648
649
650
651
652
653
654
655
656
657
658
659
660
661
662
663
664
665
666
667
668
669
670
671
672
673
674
675
676
677
678
679
680
681
682
683
684
685
686
687
688
689
690
691
692
693
694
695
696
697
698
699
700
701
702
703
704
705
706
707
708
709
710
711
712
713
714
715
716
717
718
719
720
721
722
723
724
725
726
727
728
729
730
731
732
733
734
735
736
737
738
739
740
741
742
743
744
745
746
747
748
749
750
751
752
-0.6860259771347046 1.499228000640869 -0.4005129933357239
-0.7225388288497925 1.502527713775635 -0.4177379012107849
-0.6622920036315918 1.53404426574707 -0.4770260751247406
-0.6334384083747864 1.727411389350891 -0.5085118412971497
-0.6795764565467834 1.74390172958374 -0.4566600620746613
-0.6392629742622375 1.679244041442871 -0.4073039889335632
-0.0543692335486412 1.285966515541077 -0.0222310833632946
-0.1641534417867661 1.277793169021606 0.03351382166147232
-0.001046214019879699 1.308714509010315 0.03517258912324905
-0.08736941963434219 1.303709387779236 0.1122252866625786
-0.4063427150249481 0.4525637328624725 -0.2115437090396881
-0.3915624618530273 0.4880826771259308 -0.1158864945173264
-0.3220321238040924 0.511313259601593 -0.124632366001606
-0.260895848274231 1.251289486885071 0.1781467944383621
-0.3135890066623688 1.21409797668457 0.2597109973430634
-0.2685122191905975 1.196785926818848 0.2976348698139191
-0.02089100889861584 0.9682210683822632 0.5399016141891479
0.04890607297420502 0.9414327144622803 0.5355177521705627
0.0662538930773735 0.9960233569145203 0.47821906208992
-0.7903244495391846 1.553208470344543 0.1398901790380478
-0.8613179326057434 1.535038709640503 0.1720302850008011
-0.7514020800590515 1.556720972061157 0.237456277012825
-0.9486256837844849 1.237191557884216 0.2149896621704102
-0.9300596117973328 1.308333873748779 0.194301575422287
-0.9294535517692566 1.24882173538208 0.1044866666197777
0.07012853771448135 1.318211913108826 0.1067314445972443
0.03806911408901215 1.315395355224609 0.1718306243419647
-0.6233637928962708 1.61421537399292 -0.2582729160785675
-0.664406418800354 1.690865874290466 -0.3311490118503571
-0.6490736603736877 1.624306440353394 -0.1911214888095856
-0.677818238735199 1.581176280975342 -0.06585976481437683
-0.625037670135498 1.548550844192505 -0.1362745761871338
0.09580152481794357 1.299056529998779 0.01419463753700256
-0.09176214784383774 1.299618005752563 0.2039939761161804
-0.1222851574420929 1.258005738258362 0.2892031669616699
-0.4975830018520355 1.503416776657104 0.1196006610989571
-0.49151611328125 1.570368051528931 0.09640299528837204
-0.5440376400947571 1.545740008354187 0.1329260915517807
-0.8213001489639282 1.479981660842896 0.3757562935352325
-0.7631893157958984 1.474409580230713 0.4191723167896271
-0.7863968014717102 1.533271312713623 0.3116813898086548
-0.4089619517326355 1.695107817649841 0.02037947252392769
-0.4900143146514893 1.655350804328918 0.02760285139083862
-0.7147822976112366 1.596381187438965 -0.06309434771537781
-0.6932188868522644 1.556535482406616 0.009339663200080395
-0.563374936580658 1.593213200569153 0.05587831139564514
-0.571750819683075 1.555362701416016 0.1366326808929443
-0.7318890690803528 1.21930193901062 0.5373382568359375
-0.7511656284332275 1.335984826087952 0.5160973072052002
-0.803059458732605 1.300399303436279 0.5300554633140564
0.4420101344585419 0.8966551423072815 -0.02095643244683743
0.4133594632148743 0.9461567997932434 -0.06051857024431229
0.4264110028743744 1.019928097724915 0.0335797481238842
-0.2882200181484222 1.256475925445557 0.09590660035610199
-0.2487293183803558 1.264287233352661 0.1294639408588409
-0.8973774313926697 0.9053630232810974 0.1759930551052094
-0.8929161429405212 0.985478401184082 0.09796340018510818
-0.8818138837814331 0.8702129721641541 0.05442001298069954
-0.6492538452148438 1.531008243560791 -0.02573268674314022
-0.771364152431488 1.402357459068298 0.4841919243335724
-0.71510249376297 1.816870331764221 -0.5433622002601624
-0.730451762676239 1.761083006858826 -0.4344108104705811
-0.1774136573076248 0.8681514859199524 -0.3866138756275177
-0.0570722334086895 0.9459453225135803 -0.3396952748298645
-0.05207438766956329 0.8398556113243103 -0.3781186640262604
-0.8255992531776428 0.7505762577056885 0.04715204238891602
-0.8590126037597656 0.7969224452972412 0.1517015844583511
-0.8648847341537476 0.8313125967979431 0.06793416291475296
-0.295244425535202 1.702024102210999 -0.1768706887960434
-0.2012056857347488 1.736528158187866 -0.2225488424301147
-0.2650284767150879 1.618930339813232 -0.1491266787052155
-0.3898144066333771 1.593130588531494 -0.1189437955617905
-0.03204824402928352 1.286880493164062 0.2757088243961334
-0.6598891019821167 1.455533266067505 -0.1932560652494431
-0.6448407173156738 1.483512401580811 -0.256008118391037
-0.6289680004119873 1.469478011131287 -0.1309860050678253
0.463113933801651 0.4792941808700562 -0.03380217403173447
0.5248261690139771 0.5658980011940002 -0.03511155024170876
0.5498324632644653 0.5125918388366699 0.02113118208944798
-0.5629147887229919 1.356133937835693 -0.04905638098716736
-0.5036479830741882 1.371575951576233 0.01952599920332432
-0.500934362411499 1.286652088165283 -0.03526315465569496
-0.6700765490531921 1.003156185150146 0.4153430163860321
-0.7392522096633911 1.049065589904785 0.3706117570400238
-0.7303945422172546 0.9180142879486084 0.4120345711708069
-0.6702840924263 1.174663901329041 0.5158213376998901
-0.7493926882743835 1.157632946968079 0.5196130275726318
-0.8432503342628479 1.095728278160095 0.03719839453697205
-0.8251105546951294 1.039143562316895 -0.03623369708657265
-0.80336993932724 0.7157586812973022 0.1310200542211533
-0.7409127950668335 0.6739374399185181 0.01417788211256266
0.4598962664604187 0.7449924349784851 0.0352327823638916
0.4601386487483978 0.8642306923866272 0.07223404943943024
0.4663152396678925 0.7438963651657104 0.1677493751049042
-0.9209463000297546 1.277984142303467 0.3113461434841156
-0.9040219187736511 1.294767379760742 0.4133512079715729
-0.8918238878250122 1.367925763130188 0.2715588510036469
-0.8668062686920166 1.422769069671631 0.08586641401052475
-0.9077043533325195 1.494639277458191 0.1341762244701385
-0.8448776006698608 1.510606646537781 0.06011940911412239
-0.6485933661460876 1.539049506187439 -0.4068878889083862
-0.6306989789009094 1.589746952056885 -0.4295180141925812
-0.5359670519828796 1.451645493507385 -0.007967927493155003
-0.4799299538135529 1.493908166885376 -0.03996618837118149
-0.4375570118427277 1.477341055870056 -0.02143299952149391
0.4413394033908844 0.9519466161727905 0.192499190568924
0.4475617706775665 0.9506211876869202 0.0402047336101532
0.1095429733395576 0.4421662986278534 0.4498857855796814
0.06429921090602875 0.4860694110393524 0.5103276371955872
-0.01490701641887426 0.4516785442829132 0.4684298634529114
0.04930499941110611 0.41982701420784 0.4572339951992035
-0.7058407068252563 0.8366957902908325 0.4153214693069458
-0.607702374458313 0.9194530248641968 0.4548393189907074
0.1702105104923248 1.024744868278503 0.4601688086986542
0.215887188911438 1.06486713886261 0.4039502143859863
0.1365685760974884 1.073994874954224 0.4204691648483276
-0.7058898210525513 1.400612831115723 0.4683420956134796
-0.6488603353500366 1.44731068611145 0.3988773226737976
-0.6569179892539978 1.496181964874268 0.3816100060939789
-0.6038221716880798 0.7445440292358398 0.4148736298084259
-0.6479170918464661 0.8451082110404968 0.44181028008461
-0.5963588356971741 1.022781491279602 0.4225031137466431
0.4333128929138184 0.7404466271400452 -0.03537113592028618
0.01878203451633453 0.7033371329307556 0.5652363300323486
0.09638171643018723 0.742626965045929 0.5561121106147766
-0.006931815296411514 0.8055378198623657 0.5753569006919861
-0.3101442158222198 1.257963538169861 0.1693049520254135
0.09702051430940628 0.6483500599861145 0.5465465784072876
0.0118474317714572 0.6040542125701904 0.5567457675933838
0.1027948185801506 0.5764867067337036 0.5243449211120605
-0.645205020904541 1.593122959136963 -0.5738296508789062
-0.6065331697463989 1.715882658958435 -0.6247441172599792
-0.6240465641021729 1.638055324554443 -0.5328201651573181
0.3588171303272247 1.128323435783386 0.2050822973251343
0.3177686929702759 1.132073163986206 0.2955498099327087
0.387980043888092 1.060128927230835 0.2480151057243347
-0.6310637593269348 1.102874159812927 0.3756412863731384
0.3265244662761688 0.4580393433570862 0.3067012429237366
0.4506815075874329 0.5335697531700134 0.3270831406116486
0.365746021270752 0.5403621792793274 0.3167946040630341
-0.9073226451873779 1.354688882827759 0.1755857765674591
-0.9153842926025391 1.446290850639343 0.221548393368721
-0.5555914640426636 0.8306872844696045 0.4494162201881409
0.06146992370486259 0.8579090237617493 0.5687853693962097
-0.05314766615629196 0.8993936777114868 0.5682297348976135
0.09359066188335419 1.081747055053711 0.4088179469108582
-0.4946029186248779 0.8694666028022766 0.4534539878368378
0.1377913355827332 0.5121407508850098 0.4790811538696289
-0.4879565536975861 0.6913354992866516 0.3886552751064301
-0.5038068890571594 0.6367614269256592 0.3423260450363159
-0.4352734982967377 0.5972509980201721 0.3992373943328857
0.5918605923652649 0.58780837059021 0.2133021354675293
0.6101460456848145 0.6495749950408936 0.1110823154449463
0.5983706712722778 0.6790649890899658 0.1849155277013779
-0.3725363612174988 1.236488223075867 0.2565653920173645
-0.3176108002662659 1.16389524936676 0.3240686655044556
0.4659548103809357 0.604052722454071 0.3126094341278076
0.4035922586917877 0.6023967862129211 0.3000589311122894
0.1873291432857513 0.8740842342376709 0.4974755644798279
0.2325671464204788 0.9651098847389221 0.4632389843463898
0.1646044701337814 0.9637407660484314 0.4804422855377197
0.4925101399421692 0.6700855493545532 0.2705905437469482
0.5003622770309448 0.4568894803524017 0.02877269312739372
0.5828816890716553 0.5227324962615967 0.1243982017040253
-0.4582012593746185 1.315626502037048 0.1937470287084579
-0.5316072702407837 1.376553893089294 0.2831827402114868
-0.4814901351928711 1.28596305847168 0.2834298312664032
-0.2782227694988251 0.4032015800476074 0.5373485684394836
-0.3259711563587189 0.4123400747776031 0.5009762048721313
-0.3051323592662811 0.3530137538909912 0.5144581198692322
-0.4804901778697968 0.968481719493866 0.4377844333648682
-0.510697603225708 1.091401100158691 0.3838589787483215
-0.4974377155303955 1.157707333564758 0.3305676281452179
-0.5470325946807861 1.147569537162781 0.3485909998416901
-0.1346016675233841 0.4856551587581635 0.4854389131069183
-0.01049574557691813 0.5229373574256897 0.5418620705604553
-0.4744243919849396 0.7508257031440735 0.4255029261112213
0.187577947974205 1.178204417228699 0.349653571844101
-0.4225517809391022 1.033988237380981 0.412491649389267
-0.3974376022815704 1.097322702407837 0.3762004375457764
-0.4453837275505066 0.4468922019004822 0.4229450225830078
-0.4420753419399261 0.5024872422218323 0.3896292448043823
-0.5070666670799255 0.499107301235199 0.3648491501808167
-0.4785491526126862 0.5382432341575623 0.3667102456092834
-0.9136418104171753 1.409572005271912 0.165044367313385
-0.02138573676347733 1.056853771209717 0.4393095970153809
0.02108114026486874 1.132444262504578 0.4169502854347229
-0.6852411031723022 1.564229249954224 -0.5348596572875977
0.3305718302726746 0.7699061632156372 -0.1819374710321426
0.281496524810791 0.8546249866485596 -0.2177414149045944
0.361631453037262 0.8222898244857788 -0.1691486388444901
-0.3838357925415039 1.183899164199829 0.3098390400409698
-0.4459415376186371 1.229328393936157 0.2522514164447784
-0.4622994661331177 1.54380202293396 0.08678010106086731
-0.3902562856674194 1.666486382484436 0.02673764899373055
-0.3798588514328003 0.7999212741851807 0.4325334131717682
-0.4234282970428467 0.8353098034858704 0.4262349009513855
0.509239673614502 0.4468632936477661 0.1340278387069702
0.4562319219112396 0.4152441918849945 0.07848985493183136
-0.4137800335884094 0.7051625847816467 0.4209626615047455
-0.6790960431098938 1.461574196815491 -0.2379420846700668
-0.01519242860376835 1.014849066734314 0.4411172568798065
-0.398166298866272 0.6193150281906128 0.4119781851768494
-0.3774978816509247 0.4491933286190033 0.4099628627300262
-0.3814409971237183 0.5059959888458252 0.3930220007896423
-0.3690229058265686 0.9260010123252869 0.439082533121109
-0.4796402156352997 1.349854707717896 0.08004987984895706
-0.496990293264389 1.43428909778595 0.1041628047823906
-0.4850999712944031 1.376532196998596 0.1550750136375427
-0.05055692419409752 0.6860678791999817 0.5656592845916748
-0.04753859341144562 0.7313385009765625 0.5866695046424866
-0.01697602868080139 1.177657961845398 0.3939303457736969
0.101294718682766 1.241161108016968 0.3337177336215973
-0.08760339766740799 1.230063319206238 0.3453721404075623
-0.292784184217453 0.995552659034729 0.4390334188938141
-0.2805781662464142 1.102506399154663 0.3804567754268646
-0.8379828333854675 1.425093054771423 0.02475174516439438
-0.8964998722076416 1.336083889007568 0.05431975051760674
-0.3307817578315735 0.5072231888771057 0.3806429207324982
-0.3218653202056885 0.5345606207847595 0.3714368045330048
-0.3233858048915863 0.7291683554649353 0.4083905816078186
-0.3176303505897522 1.756645917892456 -0.03059067204594612
-0.3337104022502899 1.664178729057312 -0.04680277779698372
-0.2511606514453888 1.823326826095581 -0.08538822829723358
-0.3104615807533264 0.8083097338676453 0.4176336228847504
-0.06517399847507477 0.4503619968891144 0.47502800822258
-0.1081704124808311 1.091853499412537 0.4294532537460327
-0.9320845603942871 1.211634755134583 0.4179478883743286
-0.9260562062263489 1.216785192489624 0.2977218627929688
-0.2822616696357727 0.6784350275993347 0.3864530324935913
-0.2910611033439636 0.9016947150230408 0.4473534822463989
0.5422713756561279 0.6163306832313538 0.2866778671741486
-0.01513610687106848 0.767192542552948 0.5835404992103577
-0.2737450301647186 0.5507891178131104 0.3709242343902588
-0.625264048576355 1.526856303215027 -0.2934081852436066
0.1297075748443604 0.909795880317688 0.5288959741592407
0.3385150730609894 0.5974751114845276 0.3865507245063782
-0.1861218810081482 1.116572976112366 0.4015370309352875
-0.555305004119873 1.490553021430969 -0.01960200071334839
0.4346985518932343 0.6798940896987915 0.2577309310436249
0.5128920078277588 0.7236983180046082 0.2106909900903702
-0.2223184853792191 0.9669196009635925 0.4530969560146332
-0.1950842291116714 1.592426896095276 -0.1064595431089401
-0.173355907201767 1.641608834266663 -0.1750935316085815
-0.09913581609725952 1.651059746742249 -0.1789686232805252
-0.2133568227291107 0.4486403465270996 0.5287652611732483
-0.2307291030883789 0.4726450443267822 0.5142681002616882
-0.2113525718450546 0.5116816163063049 0.4514857828617096
-0.2740692794322968 0.4835628271102905 0.4782820045948029
-0.171568974852562 1.8219233751297 -0.1896914094686508
-0.1356017291545868 1.822786211967468 -0.2342542856931686
-0.1897831112146378 1.872439622879028 -0.174668163061142
-0.6159120202064514 1.568398594856262 -0.3055348098278046
0.1109075471758842 1.281174778938293 0.2734063863754272
-0.5965089797973633 1.469963788986206 -0.01942089386284351
-0.6479741930961609 1.406455039978027 -0.07799599319696426
-0.6362125873565674 1.427975654602051 -0.08366375416517258
-0.6211714744567871 1.478073477745056 -0.04442009702324867
0.1611594557762146 1.289883971214294 0.08766045421361923
-0.4968453943729401 1.425677895545959 0.05201588943600655
-0.4821413159370422 1.451095938682556 0.07544372975826263
-0.1415795534849167 0.4812109768390656 0.4786987006664276
0.223962277173996 1.234999179840088 -0.01028510741889477
-0.6357417702674866 0.4509061574935913 0.3630653321743011
-0.6042563319206238 0.4547145664691925 0.2944362759590149
-0.4484289884567261 1.462939023971558 0.01711500063538551
-0.3180258870124817 1.534365892410278 -0.04558466002345085
-0.152830570936203 1.20259964466095 0.3522050976753235
-0.3712841272354126 0.3365215957164764 -0.3026117980480194
-0.4287268817424774 0.3451506495475769 -0.2764642238616943
-0.3376824259757996 0.3772027790546417 -0.3069234490394592
0.1123224273324013 0.8214552998542786 0.54238361120224
-0.1653672903776169 0.5288941264152527 0.4930590689182281
-0.196692943572998 0.6104702353477478 0.4872986972332001
0.1116973459720612 1.302630424499512 0.2018308341503143
-0.2426322996616364 0.8101323246955872 0.5452380776405334
-0.1699241399765015 0.7786076068878174 0.5638702511787415
-0.1806319952011108 0.8389765620231628 0.572445809841156
0.4157862961292267 0.7933255434036255 -0.07248443365097046
-0.1356935501098633 0.9480036497116089 0.5488176941871643
-0.2238634079694748 0.9131700992584229 0.5296449065208435
0.02159577235579491 0.3440635204315186 -0.1644793301820755
-0.2632989287376404 0.3406848609447479 -0.211621031165123
-0.2090611457824707 0.3348437547683716 -0.251295268535614
-0.1489644944667816 0.6269474029541016 0.5372588634490967
-0.1360538154840469 0.6924727559089661 0.5444661378860474
-0.1950108855962753 0.7127213478088379 0.5321974158287048
-0.1046894267201424 1.013784289360046 0.4418485462665558
-0.04760800674557686 0.4233371317386627 0.4802033603191376
-0.09790397435426712 0.7743837237358093 0.579448938369751
0.2784412503242493 1.118954181671143 0.3455573916435242
-0.08413340896368027 0.5902016758918762 0.5481619834899902
0.5870973467826843 0.6201086640357971 0.03173867240548134
0.5648956894874573 0.6963624954223633 0.03462459892034531
-0.8911890983581543 0.981475830078125 0.2033438980579376
-0.8623614907264709 1.09274435043335 0.09777472168207169
-0.2421892136335373 1.754825711250305 -0.1232011094689369
0.3619780540466309 0.6684798002243042 0.3778915107250214
-0.3911020159721375 0.3554181456565857 0.4299361705780029
-0.4670423269271851 0.3602343201637268 0.4517432749271393
-0.4853508770465851 0.3384203314781189 -0.1376476585865021
-0.5069655179977417 0.4072791337966919 -0.1112760603427887
-0.4751520156860352 0.3912202417850494 -0.1218387857079506
-0.2367099970579147 0.3805133998394012 0.5443054437637329
-0.1944992244243622 0.34935462474823 0.5052368640899658
-0.6659029722213745 1.220333576202393 0.5153841376304626
0.2041544616222382 0.5575399994850159 0.475503534078598
0.1927865594625473 0.6271917819976807 0.4850185811519623
-0.7372000217437744 1.083438158035278 0.386971652507782
-0.6670240163803101 1.321059942245483 0.4548099935054779
-0.2840159237384796 1.643935084342957 -0.06066412106156349
-0.4106620848178864 1.593314528465271 0.03269125148653984
-0.3462169766426086 1.585878491401672 0.03515816479921341
-0.6089372038841248 1.203848242759705 0.4197374582290649
-0.6402275562286377 1.240328431129456 0.476608008146286
0.5587062239646912 0.6734375953674316 0.2573204934597015
-0.6274895071983337 1.137246966362 0.3829905092716217
-0.7029693722724915 1.126052737236023 0.4901223480701447
0.3097482025623322 0.7840772867202759 0.4316828846931458
0.2836878299713135 0.9251702427864075 0.440555602312088
0.2355492860078812 0.8198345303535461 0.4913677573204041
-0.6281567215919495 1.297747135162354 0.415240079164505
0.4994380176067352 0.5083863139152527 0.2827301621437073
-0.6143879890441895 1.241764664649963 0.4315018355846405
-0.6298089027404785 1.365805983543396 0.3697249293327332
-0.1144739985466003 1.713106036186218 -0.196030005812645
-0.1581539958715439 1.750494003295898 -0.1865410059690475
0.1961857676506042 0.4333558082580566 0.4283070862293243
0.1898572146892548 0.3653629720211029 0.4138032793998718
0.2851495146751404 0.485707014799118 0.3688661754131317
0.203765481710434 0.4813584387302399 0.415727287530899
0.2032905966043472 0.4674565494060516 -0.2116557508707047
0.2778322398662567 0.479254812002182 -0.1515517085790634
0.225234642624855 0.4459821879863739 -0.1633446514606476
0.3010285198688507 1.016721367835999 0.3858633637428284
-0.567925751209259 1.396763682365417 0.31158247590065
-0.6030718684196472 1.481833219528198 0.3633156716823578
-0.5027139782905579 1.433655977249146 0.01515300013124943
-0.3312280476093292 1.535350918769836 -0.0001526890991954133
-0.4292964041233063 1.500866413116455 0.05845037847757339
-0.5184881687164307 1.231483817100525 0.3532384932041168
-0.5381606221199036 1.318918466567993 0.338705837726593
-0.5623766183853149 0.4196299314498901 0.4632292985916138
-0.5333701968193054 0.3733365833759308 0.4716070890426636
-0.5584478378295898 1.533230781555176 0.2734955847263336
-0.5252338647842407 1.496391296386719 0.1864816844463348
-0.6013825535774231 1.53557288646698 0.3191412091255188
-0.1272772997617722 1.649053573608398 -0.1317028552293777
-0.1666779667139053 1.624519109725952 -0.08654458075761795
0.2689109146595001 0.7047706246376038 0.4347165822982788
0.2128138691186905 0.7154715657234192 0.4944024384021759
-0.5435456037521362 1.476179599761963 0.274183064699173
0.4383768141269684 0.8874277472496033 0.2539362609386444
0.369246244430542 0.8605924248695374 0.3760675489902496
0.4095003008842468 0.7358353734016418 0.3125689923763275
0.3621451854705811 0.402042418718338 -0.01625229045748711
-0.6119008660316467 0.4468016922473907 0.4172481000423431
-0.5748786926269531 0.4697279334068298 0.4138816893100739
-0.2500947415828705 1.596351504325867 -0.009718216955661774
-0.1892187744379044 1.589295744895935 -0.07017912715673447
0.01499020680785179 0.3598981201648712 0.4650771915912628
0.3303452432155609 0.9002359509468079 0.420557826757431
0.3500672578811646 0.9378910660743713 0.3852999806404114
0.2939904928207397 0.4502833485603333 0.3357218205928802
0.3932768404483795 0.9650967121124268 0.3104164898395538
0.2232691794633865 0.3432072699069977 0.04606412351131439
0.268663763999939 0.3749665021896362 -0.0142329940572381
0.3525754809379578 0.3705848455429077 0.04928860440850258
0.1218996793031693 0.3635542392730713 0.4460048079490662
0.1818779408931732 0.3506357073783875 -0.09595312923192978
0.2164846658706665 0.3771435916423798 -0.04442740604281425
0.1678220629692078 0.7777983546257019 0.5356462597846985
0.4217403531074524 0.4681725203990936 0.308926910161972
0.4855900704860687 0.4480905532836914 0.22166907787323
0.2934269607067108 0.3916526734828949 0.2696970999240875
0.1861774176359177 0.3958534300327301 -0.1924503892660141
-0.6777122020721436 1.5252366065979 0.3519862294197083
0.5729501843452454 0.7222071290016174 0.115666389465332
-0.07624001801013947 0.3522900640964508 0.488618940114975
0.4615710377693176 0.716513991355896 0.1997795253992081
0.2638032734394073 1.199996829032898 0.2805231213569641
-0.3266507983207703 0.4783027470111847 -0.2349507063627243
-0.2852221131324768 0.522396445274353 -0.2218661457300186
-0.2525236904621124 0.484005481004715 -0.2600807547569275
-0.006676205899566412 0.3877563178539276 0.01690026558935642
-0.217680349946022 0.3825601041316986 0.05102997273206711
-0.2277412116527557 0.3866696655750275 -0.1465453654527664
-0.663167417049408 1.647796511650085 -0.5848661065101624
-0.3536967933177948 0.4493615329265594 -0.2709771394729614
0.405456006526947 0.8741683959960938 -0.1141050457954407
-0.3847488760948181 0.570182204246521 -0.1098015606403351
-0.3275469839572906 0.5522861480712891 -0.1042078882455826
0.5670140385627747 0.5044072866439819 0.198835015296936
-0.9146605134010315 1.170034289360046 0.2821231186389923
-0.9290040731430054 1.178977608680725 0.4009450972080231
-0.6389466524124146 0.3557682037353516 0.4247999489307404
-0.8516163229942322 1.106197595596313 0.2431480437517166
-0.8808959722518921 1.113548040390015 0.1851619929075241
-0.8601385951042175 1.082921504974365 0.1888632327318192
-0.4421511590480804 0.4570061564445496 -0.1154734045267105
0.2143607288599014 0.5486912727355957 -0.2658261358737946
0.2894492447376251 0.6449093818664551 -0.2031455934047699
0.3008626401424408 0.5868681073188782 -0.18099544942379
-0.3344180285930634 0.3436353802680969 0.371060848236084
-0.4341108202934265 0.34487184882164 0.3223017752170563
-0.3483459949493408 0.347214013338089 0.3457820117473602
0.3425737619400024 0.8997878432273865 -0.1732172518968582
-0.09895734488964081 1.795838117599487 -0.2916808426380157
-0.1001060679554939 1.778143882751465 -0.26274573802948
-0.09202364087104797 1.680116415023804 -0.2363272458314896
-0.9150545597076416 1.157203316688538 0.08659723401069641
-0.9273945093154907 1.147982001304626 0.1560061424970627
-0.5320035219192505 0.4965322911739349 0.2810292541980743
-0.5743463635444641 0.4129157364368439 0.1954702138900757
-0.5191220045089722 0.5408583879470825 0.2511239945888519
-0.5162801146507263 0.4580226838588715 0.185439869761467
0.1200919970870018 0.3596189916133881 -0.2173569947481155
0.1380219906568527 0.3461456894874573 -0.1814900040626526
0.3362860083580017 0.6624114513397217 -0.1707777976989746
-0.2161707282066345 0.4617356359958649 -0.2765187919139862
0.2745637595653534 0.5179738402366638 -0.1947664469480515
-0.7133849859237671 1.407533049583435 -0.07490816712379456
-0.07067801803350449 1.093528270721436 -0.2220073044300079
-0.08427926898002625 0.9992586970329285 -0.2437132447957993
-0.1394387930631638 1.039511442184448 -0.2309658527374268
-0.6226791143417358 1.633972883224487 -0.4017041325569153
0.2783899009227753 0.7277108430862427 -0.2326389998197556
-0.8990523219108582 1.506528377532959 0.2255111485719681
0.3661166131496429 0.9430917501449585 -0.1189947202801704
0.3552232086658478 1.039086818695068 -0.10122399777174
-0.8808164000511169 1.20221996307373 0.004651509691029787
-0.8298364877700806 1.075136423110962 0.2695361077785492
-0.4206021428108215 1.256714463233948 -0.07661302387714386
-0.4621783196926117 1.292438983917236 0.02085727453231812
-0.3822654187679291 1.277105212211609 0.01475831121206284
-0.3279488384723663 1.554617643356323 -0.0970417708158493
0.3889717757701874 0.6647372841835022 -0.1072565391659737
-0.7449691295623779 0.9659351706504822 -0.1384109258651733
-0.756165623664856 1.108867764472961 -0.06822740286588669
0.3441595137119293 0.5666213035583496 -0.1134965494275093
0.301071971654892 0.4797382950782776 -0.0765988901257515
-0.8543000817298889 0.8349929451942444 0.2424100786447525
-0.7669290900230408 1.774237632751465 -0.4694668650627136
-0.7903408408164978 1.739404678344727 -0.4648187458515167
-0.7821729779243469 1.687397003173828 -0.335642009973526
-0.6638615131378174 0.4534265100955963 0.06404301524162292
-0.5707448720932007 0.4896830022335052 0.07888029515743256
-0.05348600074648857 0.3382900059223175 -0.2260040044784546
0.0281364917755127 0.360214501619339 -0.2419555336236954
0.05603265389800072 0.3417472243309021 -0.2087046951055527
-0.2055151760578156 0.9384511709213257 -0.3355103433132172
-0.2700701653957367 0.8746494650840759 -0.3555098474025726
0.3784126341342926 0.5478271842002869 -0.06296851485967636
-0.2210091352462769 0.9687610268592834 -0.2502809762954712
-0.3094367682933807 0.9185320734977722 -0.2467060685157776
-0.3441761136054993 1.052905917167664 -0.2098909169435501
-0.09383393079042435 0.3612144589424133 -0.2550392746925354
0.249889999628067 0.3810459971427917 0.294295996427536
-0.1525813043117523 1.865848898887634 -0.2521922290325165
-0.6211620569229126 1.686238527297974 -0.5038959383964539
-0.526701807975769 0.5538925528526306 0.1342994421720505
-0.4986083805561066 0.521317183971405 0.1606312543153763
-0.5332925319671631 0.5748477578163147 0.2005902677774429
0.415486216545105 0.6223916411399841 -0.02854281850159168
-0.00092549022519961 0.9794235229492188 -0.2779075801372528
0.4880255460739136 0.5920385718345642 -0.04931613430380821
0.0302188154309988 0.3922943770885468 -0.09116538614034653
-0.03557872027158737 0.3850221037864685 -0.1428024172782898
0.1995956152677536 0.4376947581768036 -0.2121514528989792
-0.1414866149425507 1.817700982093811 -0.2809141576290131
-0.1052883565425873 1.742305636405945 -0.2872076332569122
-0.7431333661079407 1.736332893371582 -0.3820366561412811
-0.6953995823860168 1.680109739303589 -0.2397109419107437
-0.7210913896560669 1.436457872390747 -0.1250293701887131
-0.6424990892410278 1.805983543395996 -0.5917812585830688
-0.4361758232116699 1.294491767883301 0.09373193234205246
0.5508124828338623 0.7326353192329407 0.1628263592720032
-0.7077370285987854 1.544632077217102 0.3048917055130005
-0.7352404594421387 1.554407238960266 0.01946000382304192
0.4873927533626556 0.7220543026924133 0.06348986923694611
-0.7887610197067261 1.534700989723206 0.03987599909305573
-0.8885828256607056 1.453418135643005 0.3238565921783447
-0.4191218316555023 1.701919555664062 -0.08778417855501175
-0.2352931797504425 1.787282586097717 -0.2002856880426407
-0.4299812614917755 1.278367877006531 0.1648443639278412
-0.6985610127449036 1.561003804206848 0.1076763942837715
-0.653654158115387 1.561973214149475 0.2306866347789764
-0.6110725402832031 1.555310368537903 0.06409226357936859
-0.756482720375061 1.646339654922485 -0.1901075094938278
-0.7595751881599426 1.591772437095642 -0.1033724322915077
-0.6221826076507568 1.539132952690125 0.02129061706364155
-0.7274156808853149 1.684975266456604 -0.2413225919008255
0.3299687206745148 1.167881488800049 0.05040126293897629
-0.7913573980331421 1.66051459312439 -0.3472791612148285
-0.2895792424678802 1.245033383369446 0.01191186066716909
0.321861058473587 1.133986711502075 -0.04690491780638695
-0.6470075845718384 0.3645999431610107 0.1735163480043411
-0.3565937876701355 1.76287829875946 -0.05882372334599495
0.2911996841430664 1.204543352127075 0.1898525059223175
-0.262911856174469 1.820822358131409 -0.150754988193512
-0.656924843788147 0.3836376965045929 0.2722814679145813
0.2569961547851562 1.236929535865784 0.09644865244626999
0.2223216891288757 1.252574920654297 0.220920741558075
-0.6513146758079529 0.6299120187759399 -0.03347397223114967
-0.5856667160987854 0.7133354544639587 -0.16083824634552
-0.5025662779808044 0.6758201122283936 -0.1311922371387482
-0.5094026923179626 0.5568253397941589 0.3175163865089417
-0.522700309753418 0.6117900013923645 0.2973516285419464
-0.3653426468372345 0.7126585841178894 -0.170013964176178
-0.2779090106487274 0.3806290030479431 0.07937599718570709
-0.3207420110702515 0.3832339942455292 -0.004211000166833401
-0.6260361075401306 1.271758675575256 -0.08397890627384186
-0.7028927206993103 1.304093360900879 -0.0876246765255928
-0.241953045129776 0.6524534225463867 0.4313161671161652
-0.5571870803833008 0.6569893360137939 0.3505789935588837
-0.7704334259033203 1.535038590431213 -0.03470868617296219
-0.8654081225395203 1.407212257385254 0.411634236574173
-0.7833020091056824 1.597769975662231 -0.2108332961797714
-0.6708592772483826 0.3526667058467865 0.3294180035591125
-0.8492453098297119 1.263988018035889 0.4998708665370941
-0.8550365567207336 1.330063343048096 0.4792143404483795
0.2831398844718933 0.4326240420341492 -0.05811899900436401
-0.8812056183815002 1.191685199737549 0.4710168838500977
-0.8245430588722229 1.145991802215576 0.4763205349445343
-0.6427704095840454 1.025925517082214 -0.1702750027179718
-0.6358529925346375 1.12222683429718 -0.1350954324007034
-0.5598154067993164 1.099142909049988 -0.1781384199857712
-0.8170409202575684 0.9531431198120117 0.3292848765850067
-0.7965673208236694 0.8272465467453003 0.3460759520530701
-0.5931690335273743 0.3460708260536194 0.4387965500354767
-0.7185778617858887 0.3455941677093506 0.08938268572092056
-0.715887188911438 0.4021167159080505 0.06724359095096588
-0.7203262448310852 0.3422437012195587 -0.004051659721881151
-0.5320723056793213 0.989635169506073 -0.2181395292282104
-0.4409705102443695 0.9278537034988403 -0.2255900949239731
-0.4564706385135651 0.8456742763519287 -0.2146569192409515
-0.8622032999992371 0.8908189535140991 0.2659958004951477
-0.8623281121253967 1.00803279876709 0.2590053975582123
-0.3670943379402161 0.8877150416374207 -0.2382815182209015
-0.4002289175987244 1.656781911849976 -0.122158020734787
-0.6399840116500854 0.337811142206192 -0.08608467876911163
-0.6784490346908569 0.4204495251178741 -0.0214970950037241
-0.6261385679244995 0.3981819748878479 -0.07552164047956467
-0.7809857726097107 1.082549095153809 0.3443252146244049
-0.02679204568266869 1.119574427604675 -0.2007957100868225
0.06440933793783188 1.012656688690186 -0.2172098457813263
-0.8043394088745117 1.354501724243164 -0.03794349357485771
-0.748504102230072 1.436772584915161 -0.06354935467243195
-0.7800297737121582 0.7276231646537781 0.2615188956260681
-0.1785525977611542 0.3501721024513245 -0.2694279253482819
-0.3293450772762299 0.3353367447853088 -0.289240300655365
-0.4608663618564606 1.052840232849121 -0.2045453041791916
-0.5682432055473328 0.5641692876815796 0.05107923224568367
-0.7906104922294617 1.193605303764343 -0.0568406954407692
-0.8552310466766357 1.263113737106323 -0.02987501956522465
-0.7751257419586182 1.275639891624451 -0.07100338488817215
-0.6204622387886047 0.3665666282176971 0.20168736577034
-0.8982192277908325 1.14236044883728 0.4250161051750183
-0.3442319333553314 0.8361067175865173 -0.2465508729219437
-0.4238778054714203 1.721463561058044 -0.05603332445025444
0.1970020532608032 1.169498562812805 -0.1249630600214005
0.1871256977319717 1.061140418052673 -0.1799695938825607
0.06880698353052139 1.138889670372009 -0.1899553835391998
-0.1279875934123993 1.116602659225464 -0.1923159658908844
-0.04882946982979774 1.17205286026001 -0.1568464189767838
0.08477500826120377 1.261763453483582 -0.07098427414894104
0.002755098743364215 1.259456634521484 -0.07100780308246613
0.1273540854454041 1.214410066604614 -0.117786280810833
0.01185766141861677 1.154826521873474 -0.186953529715538
0.1369466781616211 0.9653557538986206 -0.2395903468132019
0.07162083685398102 0.9346648454666138 -0.3089150488376617
0.03436786308884621 0.9889975786209106 -0.2431687116622925
-0.701216995716095 1.688263058662415 -0.5117359757423401
-0.6854389905929565 1.751301050186157 -0.5718790292739868
-0.6702263951301575 1.8005131483078 -0.596382737159729
-0.728300929069519 1.7820063829422 -0.5479868054389954
-0.7084583640098572 1.627626895904541 -0.4595531523227692
-0.7392706871032715 1.655056118965149 -0.4040171205997467
-0.7201206684112549 1.560705065727234 -0.3860750496387482
-0.7429869174957275 1.579530000686646 -0.2713181376457214
-0.7451092004776001 1.501135110855103 -0.3049258291721344
-0.3310631811618805 0.6790314316749573 -0.1945462673902512
-0.5784679651260376 0.4854042530059814 0.02702687308192253
-0.5706803202629089 0.4836924970149994 -0.02004113607108593
0.2605390846729279 0.3433473408222198 0.1107347309589386
0.208978995680809 0.3593710064888 0.08784899860620499
-0.08195899426937103 1.215761423110962 -0.1197837069630623
-0.2779183983802795 0.6076058745384216 -0.2820705771446228
-0.3105554580688477 0.7722688317298889 -0.3305210471153259
-0.2337247431278229 0.7185596823692322 -0.3779276609420776
-0.2754518091678619 0.8010497093200684 -0.3647521734237671
-0.3231248259544373 0.7556889057159424 -0.2923543453216553
-0.2732192873954773 0.9229648113250732 -0.2925921082496643
0.1737102568149567 1.01860523223877 -0.2179086059331894
-0.2454874515533447 0.5696555972099304 -0.3017517328262329
-0.3624191880226135 0.7943304777145386 -0.2019490897655487
-0.5237714648246765 1.599682927131653 -0.03241599351167679
-0.7575700283050537 1.512652993202209 -0.1226126551628113
0.07687989622354507 0.3899280428886414 0.3032449185848236
0.06307634711265564 0.394620954990387 0.3319238722324371
-0.01067813020199537 0.3859662413597107 0.2192305326461792
-0.7220109701156616 1.471760869026184 -0.2501069009304047
-0.7599950432777405 1.505040764808655 -0.187722846865654
-0.446950227022171 0.3962029814720154 -0.2055530250072479
-0.2591598331928253 1.057018756866455 -0.2268774807453156
0.2868800759315491 1.12464165687561 -0.09695876389741898
0.2520252764225006 1.026535391807556 -0.1794050335884094
-0.7151530981063843 0.7617345452308655 -0.1323452591896057
-0.8135833144187927 0.821111798286438 -0.05844039469957352
-0.7484673857688904 0.8570462465286255 -0.1474017351865768
-0.4646733999252319 0.3475381433963776 0.423857569694519
-0.7648130059242249 1.482740998268127 -0.08937600255012512
-0.8064096570014954 0.9399471879005432 -0.08974828571081161
-0.2651471793651581 1.223358035087585 -0.06555649638175964
-0.3305893838405609 1.221200227737427 -0.07813403010368347
-0.2194143086671829 1.132683515548706 -0.1781396716833115
-0.8422504663467407 0.919761061668396 -0.04902437701821327
-0.159601017832756 1.238226056098938 -0.06369399279356003
-0.787664532661438 1.493935704231262 -0.02025393396615982
-0.1344065964221954 0.4354792237281799 -0.2709173858165741
-0.656613826751709 0.6914122700691223 -0.1034136265516281
-0.784519374370575 0.7491226196289062 -0.05154939740896225
-0.7955239415168762 1.12919294834137 -0.02819808013737202
-0.5629377961158752 1.59128725528717 0.008190502412617207
-0.5293827652931213 0.5456312894821167 -0.06960320472717285
-0.544206976890564 0.4783650040626526 -0.05918699875473976
-0.5567399859428406 0.5698390007019043 -0.0335099995136261
-0.5829406380653381 0.5872485041618347 0.02551835402846336
-0.567690372467041 0.610091507434845 -0.0451270267367363
-0.2964195311069489 0.3433553278446198 0.1670858263969421
-0.303070992231369 0.3399539887905121 0.1470640003681183
0.1304021328687668 0.8949414491653442 -0.3024565577507019
0.06674055010080338 0.8819937705993652 -0.328787624835968
0.2670960426330566 0.9767690300941467 -0.1929465979337692
0.2424259036779404 0.8810206055641174 -0.2379851192235947
0.1857808828353882 0.9076390862464905 -0.2559914886951447
0.4461435079574585 0.680000901222229 0.01022201590240002
0.1289986222982407 0.3421729207038879 0.009433705359697342
0.1532279998064041 0.3623969852924347 0.03662899881601334
0.1401430070400238 0.3570379912853241 0.03887899965047836
-0.3921631276607513 1.177875518798828 -0.1427082717418671
-0.4985251128673553 0.5251747369766235 -0.08742500841617584
-0.07301707565784454 1.259515404701233 -0.07484646141529083
-0.3528330028057098 0.3417980074882507 0.2274489998817444
-0.3469229936599731 0.3382869958877563 0.1243859976530075
-0.3731440007686615 0.3363299965858459 0.04572499915957451
-0.5869809985160828 1.513731956481934 -0.006579999811947346
0.4416028559207916 0.5040147304534912 -0.06177457422018051
-0.3307057917118073 1.151729822158813 -0.155372142791748
-0.4740647077560425 1.200881838798523 -0.1349316388368607
-0.5557810068130493 1.156769037246704 -0.1464599967002869
-0.6005403995513916 1.20744788646698 -0.09192785620689392
-0.359867662191391 0.3567254245281219 0.1733125895261765
-0.3827959895133972 0.3542900085449219 0.243806004524231
0.2322314083576202 0.7915366888046265 -0.258673757314682
-0.6362799406051636 0.9069696068763733 -0.1890745013952255
-0.5989355444908142 1.002126097679138 -0.1885928958654404
-0.6858460307121277 1.158688187599182 -0.08735097944736481
-0.7390860915184021 1.257810115814209 -0.08426809310913086
-0.7018342018127441 0.8349665999412537 -0.1700362116098404
-0.5034239888191223 1.554620027542114 -0.05192700028419495
-0.5664475560188293 0.9015432596206665 -0.2168790847063065
-0.4386042654514313 0.5642406344413757 -0.1150196865200996
-0.5523307323455811 0.817638099193573 -0.2135255932807922
-0.422705203294754 0.3367270231246948 0.2671768665313721
0.2051919549703598 0.6185899972915649 -0.2706069350242615
-0.4359652698040009 0.7132251262664795 -0.1731348931789398
0.1335989981889725 0.393774002790451 -0.2249629944562912
-0.6556333303451538 0.7501331567764282 -0.1642257869243622
0.1888458430767059 0.6880781054496765 -0.2886073887348175
0.0847310796380043 0.756521463394165 -0.3330855071544647
0.1317201405763626 0.4816018044948578 -0.2617056667804718
0.09303084015846252 0.6417409181594849 -0.3133731484413147
0.005612248089164495 0.3542081713676453 0.05197013542056084
0.01556461118161678 0.3464662134647369 0.1787548065185547
-0.04182571917772293 0.3836574852466583 0.1374845504760742
0.07360041886568069 0.5384189486503601 -0.3025487065315247
0.09960498660802841 0.6952072978019714 -0.3206305503845215
0.0684073269367218 0.4502241611480713 -0.2549505233764648
-0.03914417698979378 0.4314568042755127 -0.2541262805461884
-0.03535007685422897 0.7543870806694031 -0.3649944663047791
-0.005773197859525681 0.4850521087646484 -0.2990161180496216
0.008827830664813519 0.8230705261230469 -0.3558371961116791
-0.005367166828364134 0.6311700940132141 -0.3426123559474945
-0.0984693169593811 0.6403989791870117 -0.3603255152702332
-0.2026154547929764 0.3804967105388641 -0.1721666604280472
-0.07878062874078751 0.4606491923332214 -0.2936818897724152
-0.1157217174768448 0.5361315608024597 -0.334085613489151
-0.1537808775901794 0.6739684343338013 -0.3807230591773987
-0.1992989778518677 0.8064103722572327 -0.3931852877140045
-0.25798100233078 0.3786500096321106 0.1998150050640106
-0.2658050060272217 0.3774259984493256 0.1570529937744141
-0.3098469972610474 0.3819189965724945 0.3239009976387024
-0.1718430072069168 0.4821049869060516 -0.297419011592865
-0.1865010261535645 0.6284836530685425 -0.3630979955196381
0.3706754744052887 0.4005106687545776 0.2461047321557999
0.08572755008935928 0.3601026237010956 0.05006128549575806
0.04022233933210373 0.3394841849803925 0.0561118870973587
-0.6323969960212708 0.6515496373176575 0.3072357773780823
0.1127713993191719 0.3443204760551453 -0.1344720125198364
0.07188477367162704 0.3723346292972565 -0.1170241981744766
0.1432269960641861 0.3442550003528595 0.2159319967031479
0.1544899940490723 0.3485240042209625 0.3698489964008331
0.131970003247261 0.3483580052852631 0.3163099884986877
0.08528800308704376 0.3488799929618835 0.362650990486145
0.1222420036792755 0.3517749905586243 0.4262059926986694
-0.1647139936685562 0.3481279909610748 0.4368470013141632
0.4332903623580933 0.4062682688236237 0.1772045344114304
-0.2632310092449188 0.3465799987316132 0.4347350001335144
0.2225289940834045 0.3658330142498016 0.1397970020771027
0.2393079996109009 0.3481670022010803 0.1773920059204102
0.1929454803466797 0.3480052947998047 0.2146816104650497
0.2165626436471939 0.3530786037445068 0.256419837474823
0.1327919960021973 0.3437950015068054 0.2142370045185089
0.0792292132973671 0.3457958400249481 0.223538726568222
-0.5520712733268738 0.5716696381568909 0.1602970659732819
0.04931800067424774 0.348147988319397 0.4346210062503815
0.2926025092601776 0.3553518652915955 0.1841829270124435
-0.874939501285553 1.134870767593384 0.2799986600875854
-0.8925107717514038 1.125828981399536 0.3632287085056305
0.07414700090885162 0.3465920090675354 -0.03011699952185154
0.07690092176198959 0.3745401799678802 -0.09448602050542831
-0.8051340579986572 1.100179433822632 0.4230258464813232
-0.189657136797905 0.3821487128734589 0.2381859570741653
0.3634923100471497 0.3675715327262878 0.1270762532949448
-0.2331999987363815 0.3916949927806854 0.3847329914569855
-0.7363595962524414 0.6554796099662781 0.1691669821739197
-0.7014080882072449 0.6219804883003235 0.07322196662425995
-0.7104542851448059 0.6779659986495972 0.2817360460758209
-0.7113077640533447 0.7188392281532288 0.3468271195888519
-0.6815464496612549 0.6070916652679443 0.1215761452913284
-0.6877800226211548 0.6212352514266968 0.1977507770061493
-0.6254008412361145 0.5882062315940857 0.1492848098278046
-0.6170885562896729 0.3343586623668671 0.01662190817296505
-0.6206070184707642 0.342168390750885 0.2513073086738586
-0.6121041178703308 0.337726354598999 0.1396745443344116
-0.5147177577018738 0.3352333605289459 0.07560945302248001
-0.1382752358913422 0.3946796655654907 0.3941552937030792
-0.4582527875900269 0.3358116447925568 -0.1664252132177353
-0.532105028629303 0.3358530104160309 0.1398700028657913
-0.4638020098209381 0.3360520005226135 -0.008942999877035618
-0.4150856137275696 0.3370377123355865 0.0704171359539032
-0.4109149873256683 0.3400599956512451 -0.1199750006198883
-0.4710429906845093 0.3554950058460236 0.0808039978146553
-0.3519909977912903 0.3383519947528839 -0.2050829976797104
-0.4127100110054016 0.3385539948940277 -0.018800999969244
-0.3512718379497528 0.3700003921985626 -0.1533365398645401
-0.3795656859874725 0.3847830295562744 -0.07051853090524673
-0.2776952087879181 0.3827767372131348 -0.1751226037740707
-0.3922199904918671 0.3632619976997375 0.1078990027308464
-0.3075479865074158 0.3863979876041412 -0.1405079960823059
-0.3316340148448944 0.3819540143013 -0.005251999944448471
3 1 0 80
753
754
755
756
757
758
759
760
761
762
763
764
765
766
767
768
769
770
771
772
773
774
775
776
777
778
779
780
781
782
783
784
785
786
787
788
789
790
791
792
793
794
795
796
797
798
799
800
801
802
803
804
805
806
807
808
809
810
811
812
813
814
815
816
817
818
819
820
821
822
823
824
825
826
827
828
829
830
831
832
0.08072423349663085 0.805899392848447 0.09392201831632452
-0.5681675790890111 0.9387762439840726 0.1189159211956413
-0.262885453894206 0.952181673813532 0.110454588110496
-0.03513213924176491 0.7665430423974814 0.3437345796034033
-0.2883080492637043 0.7029733412075881 0.108801160676806
-0.6995298721970766 1.254167103617853 0.1482588307060633
0.2262592110219497 0.6110241586028911 0.1274952107685036
-0.01779200891553516 1.02492503263102 0.1846132615878092
-0.03000861922744289 0.7496414654631957 -0.1080531824429722
0.1028055961957726 0.5944601114581988 -0.0887141814795082
0.004877219164805074 0.6346418758866244 0.2407650176075971
-0.329850767103595 0.7008139293352903 0.2471951013006836
-0.423130261218399 1.070639769096136 0.03863897628773839
0.1426414789776414 0.872280648359105 0.2879675049713883
-0.48138006875419 0.7770334105208975 0.2412306228640044
0.202788813812762 0.8742296193664223 -0.04259819857798444
0.4152514961605177 0.5792396749838076 0.1291173128724074
-0.09896654992925438 0.9804477509598013 -0.02724375983600605
-0.564068832648679 1.12391757620587 0.1509769263458299
-0.356795408214055 1.065741981586057 0.1931696842860634
-0.3647131408626546 0.908407995784056 -0.0469219002938045
-0.1235822736435229 0.7969939038330562 0.1526391225906414
0.1472154917971243 1.058463791984847 0.05112642970339146
-0.6924667165324374 1.420556982415834 0.07639211649536917
-0.7328465780051855 1.411511936837379 0.2324460204725755
-0.1471212856196375 0.8343908345968737 0.4231096315827675
-0.7179247437353291 0.9938147976909164 0.1732493921413604
0.2777808058527771 0.8045181862297596 0.1294916513730503
-0.1089975520556642 0.5700547615943856 -0.1405813371966232
-0.6193906267663629 0.9068931951083526 0.2818973703168599
-0.7557038632902355 1.24984469413403 0.3062115299546398
0.1565588031075455 0.4916651461952873 0.2247265916808366
-0.04220728213425481 0.5963589651074883 0.4066674052014649
-0.6725513156382894 0.8910908681318311 -0.002513355063296224
-0.446496248307273 0.6921704577459401 0.05013965025727918
-0.1636196966837716 0.9493935806295577 0.2756159735014314
-0.6590024208343169 0.7815865509356588 0.114387856883433
0.1590943933453673 1.043003899797555 0.2351074049572549
-0.3508630605336649 0.5384616379100826 0.07009410346691411
-0.5601629058178061 1.01003958658043 -0.02902304761823027
0.05394067743952136 0.8601592274465029 0.4133797812170262
-0.2149245073444209 0.7825542437807502 -0.02161458445622881
-0.137974936984995 0.6184005873043764 0.06331737215725521
0.1725259030218552 0.6929328675174445 0.2808355669957191
-0.3895994571496554 0.5639097436362733 0.2419004066767311
-0.4610486614575193 0.9467909105120907 0.2468085778772416
-0.5151452786997182 0.8261021634676826 0.002640631403096845
0.2652484407762659 0.6558957663843434 -0.01512438408706746
-0.6966659907874058 1.124732995884471 0.2406306009350331
-0.02157947976171686 1.124118501829854 0.03909117520675073
-0.1812334329054675 0.8045500589415834 -0.2143939653818094
-0.7004115910570883 1.116393109335872 0.08772057963309442
0.0714356029956574 0.5216345161977666 0.07352999746399923
-0.1588374531958442 0.6758555470240112 0.2680978355361249
-0.4320674552036423 0.4574819925458244 0.01795927460146755
-0.2172927551544575 1.104910041958568 0.02887580418382899
-0.5750899489456104 1.039180822323133 0.2633109060995826
0.09602387311976635 0.8380672721284252 -0.1655524699471629
-0.3105157724609769 0.8640707406224609 0.2500288094884824
-0.573528854407265 1.248415423350057 0.09072878903302137
0.08954792825182627 0.7145070998246694 0.4089222302882705
-0.4037799298355165 0.868970782151688 0.1146817643191593
-0.03023933478229521 0.7498458000858634 0.4641093366244746
0.283090420329217 0.4780292651940926 0.1272922601812557
0.05086034197663256 1.171591999452137 0.2023569634868487
-0.007900858111108758 0.9037377445481311 0.279193075076946
-0.23102757892933 0.5261873141662377 0.2026312964366698
-0.1069285670887809 0.5192811573885964 0.280068057563945
-0.5894400612860876 1.214769981984177 0.2432470656337248
-0.540595732814522 1.137859018516679 0.01660101291642812
0.03063193201719159 0.9532491837984013 -0.04901129835002681
-0.1586448114609485 1.124758068375221 0.2033282667900859
-0.04605608737584804 0.8581486283748714 -0.2366612066641835
0.1315927013050593 0.5750586156892216 0.3616094141184539
0.190616180554727 0.7421645366547173 -0.1121603192825634
0.2803050510023507 0.6192833153870595 0.2499831863757283
-0.6081836294560491 0.7174280878136022 0.2298912383610452
-0.7549734106479473 1.367291682855309 0.3527212789195523
-0.07197111665432267 1.022484565469779 0.3135295542713126
-0.5940529825444083 1.379713872442504 0.1695282518815756
$EndNodes
$Elements
2 4077 1 4077
2 1 2 1500
1 1 2 3 
2 201 2 1 
3 1 3 101 
4 75 1 101 
5 1 75 201 
6 2 188 3 
7 577 188 2 
8 201 602 2 
9 579 577 2 
10 581 579 2 
11 602 581 2 
12 101 3 102 
13 131 102 3 
14 188 131 3 
15 4 5 6 
16 475 5 4 
17 460 4 6 
18 132 4 460 
19 4 132 475 
20 6 5 29 
21 62 29 5 
22 61 62 5 
23 61 5 475 
24 28 6 29 
25 426 6 28 
26 460 6 426 
27 7 8 9 
28 8 7 643 
29 9 33 7 
30 7 33 567 
31 7 567 643 
32 8 10 9 
33 10 8 55 
34 54 55 8 
35 54 8 495 
36 8 618 495 
37 8 643 618 
38 10 26 9 
39 9 26 33 
40 26 10 27 
41 10 34 27 
42 10 55 34 
43 11 12 13 
44 400 12 11 
45 11 13 382 
46 11 389 270 
47 604 11 270 
48 11 382 389 
49 604 400 11 
50 13 12 392 
51 391 392 12 
52 663 391 12 
53 400 642 12 
54 642 663 12 
55 13 383 382 
56 13 392 383 
57 14 15 16 
58 127 15 14 
59 14 16 35 
60 34 14 35 
61 34 55 14 
62 55 54 14 
63 14 54 127 
64 16 15 156 
65 127 155 15 
66 155 156 15 
67 268 35 16 
68 16 156 216 
69 268 16 216 
70 17 18 19 
71 145 18 17 
72 19 202 17 
73 280 145 17 
74 202 288 17 
75 288 280 17 
76 18 161 19 
77 144 18 145 
78 236 18 144 
79 236 161 18 
80 19 114 116 
81 161 114 19 
82 116 146 19 
83 19 146 202 
84 20 21 22 
85 21 20 481 
86 486 20 22 
87 481 20 479 
88 479 20 486 
89 22 21 41 
90 21 428 41 
91 99 21 100 
92 21 99 428 
93 100 21 481 
94 22 41 478 
95 487 22 478 
96 486 22 487 
97 23 24 25 
98 23 95 24 
99 411 23 25 
100 229 95 23 
101 394 229 23 
102 394 23 412 
103 411 412 23 
104 24 218 25 
105 24 95 97 
106 24 97 141 
107 24 141 218 
108 25 218 431 
109 411 25 431 
110 26 27 275 
111 26 259 33 
112 26 275 259 
113 27 34 73 
114 27 73 254 
115 275 27 254 
116 28 29 30 
117 28 30 32 
118 28 32 253 
119 253 426 28 
120 473 30 29 
121 29 62 473 
122 30 31 32 
123 30 473 31 
124 31 59 32 
125 44 45 31 
126 473 44 31 
127 31 45 59 
128 32 59 258 
129 76 253 32 
130 32 258 76 
131 33 259 263 
132 263 566 33 
133 33 566 567 
134 34 35 73 
135 35 214 73 
136 214 35 268 
137 36 37 38 
138 194 37 36 
139 38 346 36 
140 340 194 36 
141 261 36 208 
142 36 346 208 
143 340 36 261 
144 37 43 38 
145 37 42 43 
146 37 195 42 
147 194 195 37 
148 43 46 38 
149 46 47 38 
150 38 47 345 
151 345 346 38 
152 39 40 41 
153 60 40 39 
154 41 428 39 
155 517 60 39 
156 39 428 482 
157 39 482 517 
158 377 41 40 
159 40 60 119 
160 377 40 119 
161 478 41 377 
162 498 43 42 
163 195 222 42 
164 498 42 222 
165 46 43 560 
166 498 560 43 
167 45 44 479 
168 473 492 44 
169 479 44 490 
170 489 490 44 
171 44 492 489 
172 45 486 59 
173 45 479 486 
174 46 488 47 
175 488 46 624 
176 624 46 560 
177 47 347 345 
178 47 487 347 
179 488 487 47 
180 48 49 50 
181 48 306 49 
182 50 520 48 
183 86 48 87 
184 48 86 306 
185 87 48 524 
186 48 520 524 
187 49 60 50 
188 49 117 60 
189 49 306 117 
190 521 50 60 
191 520 50 521 
192 51 52 53 
193 51 390 52 
194 107 51 53 
195 92 51 93 
196 123 51 92 
197 93 51 107 
198 123 279 51 
199 279 390 51 
200 52 430 53 
201 390 429 52 
202 52 429 430 
203 106 107 53 
204 53 136 106 
205 53 134 136 
206 53 493 134 
207 53 430 496 
208 496 493 53 
209 54 476 127 
210 435 476 54 
211 435 54 495 
212 56 57 58 
213 57 56 295 
214 68 56 58 
215 442 56 68 
216 56 537 295 
217 537 56 442 
218 58 57 617 
219 57 88 89 
220 296 88 57 
221 57 89 617 
222 57 295 296 
223 609 68 58 
224 609 58 617 
225 258 59 491 
226 486 491 59 
227 117 119 60 
228 521 60 517 
229 61 443 62 
230 61 444 443 
231 444 61 576 
232 61 475 575 
233 61 575 576 
234 62 443 472 
235 62 472 473 
236 63 64 65 
237 64 63 451 
238 690 63 65 
239 451 63 452 
240 690 452 63 
241 633 65 64 
242 424 64 451 
243 424 465 64 
244 465 571 64 
245 64 571 633 
246 65 633 683 
247 681 65 683 
248 681 690 65 
249 66 67 68 
250 90 67 66 
251 622 66 68 
252 90 66 91 
253 66 622 91 
254 67 442 68 
255 90 549 67 
256 549 442 67 
257 622 68 609 
258 69 70 71 
259 70 69 484 
260 72 69 71 
261 540 69 72 
262 69 483 484 
263 69 540 483 
264 71 70 244 
265 471 244 70 
266 70 470 471 
267 470 70 484 
268 71 436 72 
269 71 244 243 
270 436 71 243 
271 436 104 72 
272 661 72 104 
273 661 540 72 
274 73 214 213 
275 213 254 73 
276 74 75 76 
277 74 201 75 
278 257 74 76 
279 474 201 74 
280 74 257 422 
281 474 74 422 
282 235 76 75 
283 75 101 235 
284 76 235 253 
285 258 257 76 
286 77 78 79 
287 77 648 78 
288 77 79 163 
289 356 77 163 
290 356 648 77 
291 79 78 293 
292 294 293 78 
293 294 78 466 
294 78 648 466 
295 163 79 164 
296 79 293 164 
297 80 81 82 
298 103 81 80 
299 80 82 512 
300 255 103 80 
301 80 256 255 
302 512 256 80 
303 81 434 82 
304 103 338 81 
305 207 81 260 
306 207 434 81 
307 338 260 81 
308 434 433 82 
309 82 433 650 
310 82 652 512 
311 82 650 652 
312 83 84 85 
313 84 83 137 
314 122 83 85 
315 122 137 83 
316 528 85 84 
317 137 309 84 
318 84 309 544 
319 528 84 432 
320 84 544 432 
321 85 112 113 
322 112 85 529 
323 122 85 113 
324 85 528 529 
325 318 86 87 
326 314 306 86 
327 314 86 317 
328 317 86 318 
329 723 318 87 
330 723 87 524 
331 88 623 89 
332 88 296 411 
333 88 411 431 
334 431 623 88 
335 438 89 439 
336 613 89 438 
337 623 439 89 
338 617 89 613 
339 91 728 90 
340 90 727 549 
341 728 727 90 
342 504 91 621 
343 728 91 504 
344 621 91 622 
345 92 93 94 
346 94 480 92 
347 123 92 637 
348 92 480 637 
349 93 106 94 
350 107 106 93 
351 106 353 94 
352 94 353 380 
353 94 380 477 
354 94 477 480 
355 95 96 97 
356 228 96 95 
357 228 95 229 
358 96 482 97 
359 228 521 96 
360 517 482 96 
361 521 517 96 
362 141 97 142 
363 97 482 142 
364 98 99 100 
365 98 185 99 
366 98 100 217 
367 185 98 141 
368 141 98 218 
369 98 217 218 
370 142 99 185 
371 142 428 99 
372 100 619 217 
373 100 481 619 
374 102 253 101 
375 101 253 235 
376 131 133 102 
377 133 426 102 
378 102 426 253 
379 103 104 105 
380 239 104 103 
381 338 103 105 
382 103 255 239 
383 104 436 105 
384 239 661 104 
385 266 105 267 
386 338 105 266 
387 267 105 436 
388 106 136 365 
389 353 106 365 
390 108 109 110 
391 148 109 108 
392 108 110 111 
393 369 108 111 
394 108 331 148 
395 328 331 108 
396 369 328 108 
397 110 109 176 
398 109 148 130 
399 109 130 176 
400 111 110 226 
401 175 110 176 
402 226 110 175 
403 289 111 226 
404 289 361 111 
405 111 361 369 
406 112 121 113 
407 120 121 112 
408 730 120 112 
409 529 730 112 
410 143 113 121 
411 113 147 122 
412 143 147 113 
413 114 115 116 
414 160 115 114 
415 161 160 114 
416 116 115 178 
417 160 335 115 
418 115 291 178 
419 335 291 115 
420 116 178 146 
421 117 118 119 
422 117 310 118 
423 306 310 117 
424 118 337 119 
425 310 325 118 
426 336 118 325 
427 336 337 118 
428 119 337 347 
429 347 377 119 
430 143 121 120 
431 177 143 120 
432 149 177 120 
433 515 149 120 
434 515 120 730 
435 122 172 137 
436 147 171 122 
437 172 122 171 
438 437 279 123 
439 437 123 464 
440 637 464 123 
441 124 125 126 
442 128 125 124 
443 124 126 233 
444 128 124 129 
445 210 129 124 
446 210 124 211 
447 233 211 124 
448 126 125 272 
449 128 351 125 
450 372 272 125 
451 125 351 372 
452 144 145 126 
453 272 144 126 
454 126 145 290 
455 233 126 290 
456 127 485 155 
457 476 485 127 
458 128 129 130 
459 130 308 128 
460 308 351 128 
461 130 129 176 
462 292 176 129 
463 292 129 210 
464 148 308 130 
465 131 132 133 
466 131 388 132 
467 188 388 131 
468 133 132 460 
469 388 575 132 
470 575 475 132 
471 133 460 426 
472 134 135 136 
473 381 135 134 
474 499 381 134 
475 493 499 134 
476 365 136 135 
477 335 135 291 
478 381 291 135 
479 363 135 335 
480 363 365 135 
481 137 172 174 
482 137 174 317 
483 137 317 309 
484 138 139 140 
485 373 139 138 
486 138 140 364 
487 364 375 138 
488 375 373 138 
489 158 140 139 
490 157 158 139 
491 139 232 157 
492 139 323 232 
493 323 139 373 
494 140 158 237 
495 140 237 330 
496 140 330 364 
497 141 142 185 
498 482 428 142 
499 147 143 177 
500 272 236 144 
501 145 280 290 
502 187 146 178 
503 186 146 187 
504 202 146 186 
505 147 197 171 
506 197 147 177 
507 307 308 148 
508 331 307 148 
509 149 150 151 
510 150 149 515 
511 149 151 200 
512 149 200 177 
513 184 151 150 
514 507 184 150 
515 507 150 508 
516 150 515 508 
517 182 151 184 
518 205 151 182 
519 151 203 200 
520 205 203 151 
521 152 153 154 
522 164 153 152 
523 316 152 154 
524 393 164 152 
525 152 316 232 
526 152 232 323 
527 393 152 323 
528 378 154 153 
529 293 153 164 
530 293 294 153 
531 294 378 153 
532 477 316 154 
533 378 477 154 
534 156 155 192 
535 155 193 192 
536 485 193 155 
537 180 156 192 
538 216 156 180 
539 157 162 158 
540 232 162 157 
541 162 240 158 
542 158 298 237 
543 158 240 298 
544 159 160 161 
545 321 160 159 
546 159 161 236 
547 159 236 272 
548 159 272 372 
549 321 159 372 
550 320 160 321 
551 320 335 160 
552 162 232 316 
553 240 162 241 
554 241 162 316 
555 163 164 198 
556 163 198 199 
557 163 199 368 
558 368 356 163 
559 393 198 164 
560 165 166 167 
561 209 166 165 
562 485 165 167 
563 207 209 165 
564 476 207 165 
565 476 165 485 
566 167 166 342 
567 208 166 209 
568 208 346 166 
569 342 166 336 
570 336 166 352 
571 346 352 166 
572 167 173 193 
573 173 167 341 
574 485 167 193 
575 341 167 342 
576 168 169 170 
577 247 169 168 
578 304 168 170 
579 246 247 168 
580 304 246 168 
581 170 169 299 
582 169 249 204 
583 299 169 204 
584 169 247 249 
585 170 299 404 
586 304 170 305 
587 305 170 709 
588 709 170 404 
589 179 172 171 
590 197 179 171 
591 172 173 174 
592 180 173 172 
593 179 180 172 
594 173 341 174 
595 180 192 173 
596 192 193 173 
597 317 174 314 
598 174 341 314 
599 175 176 292 
600 226 175 262 
601 262 175 273 
602 175 292 273 
603 177 196 197 
604 200 196 177 
605 178 213 187 
606 254 213 178 
607 178 381 254 
608 381 178 291 
609 206 180 179 
610 206 179 197 
611 215 180 206 
612 215 216 180 
613 181 182 183 
614 181 204 182 
615 181 183 358 
616 299 204 181 
617 299 181 300 
618 300 181 344 
619 181 343 344 
620 358 343 181 
621 182 184 183 
622 204 205 182 
623 183 184 413 
624 264 183 265 
625 358 183 264 
626 265 183 413 
627 184 507 413 
628 186 187 227 
629 202 186 227 
630 187 213 212 
631 187 212 227 
632 188 577 388 
633 189 190 191 
634 427 190 189 
635 189 191 279 
636 279 419 189 
637 402 189 419 
638 427 189 402 
639 191 190 407 
640 190 635 407 
641 655 190 427 
642 190 655 635 
643 191 390 279 
644 407 390 191 
645 312 195 194 
646 313 312 194 
647 313 194 340 
648 223 222 195 
649 312 223 195 
650 196 206 197 
651 221 196 200 
652 196 225 206 
653 221 225 196 
654 198 708 199 
655 393 374 198 
656 198 374 708 
657 199 725 368 
658 708 725 199 
659 221 200 203 
660 474 602 201 
661 202 227 288 
662 220 203 205 
663 220 221 203 
664 204 219 205 
665 204 249 219 
666 219 220 205 
667 231 215 206 
668 225 231 206 
669 207 208 209 
670 207 260 208 
671 434 207 476 
672 208 260 261 
673 286 210 211 
674 210 286 285 
675 292 210 285 
676 211 233 290 
677 286 211 290 
678 212 213 214 
679 212 214 268 
680 227 212 238 
681 212 268 238 
682 238 216 215 
683 215 231 242 
684 242 238 215 
685 238 268 216 
686 218 217 547 
687 217 619 547 
688 218 555 431 
689 218 547 555 
690 234 220 219 
691 219 248 234 
692 249 248 219 
693 230 221 220 
694 234 230 220 
695 221 230 225 
696 222 223 224 
697 498 222 224 
698 297 224 223 
699 327 297 223 
700 311 223 312 
701 311 327 223 
702 250 252 224 
703 250 224 297 
704 252 500 224 
705 500 498 224 
706 230 514 225 
707 276 231 225 
708 514 276 225 
709 246 226 262 
710 289 226 246 
711 227 238 288 
712 395 228 229 
713 395 523 228 
714 520 521 228 
715 523 520 228 
716 394 395 229 
717 234 514 230 
718 242 231 281 
719 281 231 276 
720 248 274 234 
721 234 274 514 
722 237 298 307 
723 331 237 307 
724 330 237 331 
725 242 288 238 
726 239 255 647 
727 239 647 597 
728 597 661 239 
729 380 240 241 
730 298 240 355 
731 380 355 240 
732 477 241 316 
733 380 241 477 
734 281 280 242 
735 280 288 242 
736 243 244 245 
737 243 245 360 
738 360 267 243 
739 267 436 243 
740 410 245 244 
741 244 471 410 
742 326 348 245 
743 409 326 245 
744 245 348 360 
745 410 409 245 
746 247 246 262 
747 304 289 246 
748 247 248 249 
749 247 262 248 
750 262 273 248 
751 248 273 274 
752 250 251 252 
753 327 251 250 
754 327 250 297 
755 252 251 459 
756 326 251 327 
757 409 251 326 
758 459 251 409 
759 252 459 500 
760 275 254 503 
761 503 254 381 
762 255 256 257 
763 258 255 257 
764 491 255 258 
765 647 255 491 
766 422 257 256 
767 513 422 256 
768 512 513 256 
769 263 259 502 
770 259 275 503 
771 502 259 503 
772 261 260 266 
773 260 338 266 
774 266 340 261 
775 496 263 493 
776 493 263 502 
777 496 561 263 
778 263 561 568 
779 263 568 566 
780 264 265 501 
781 264 357 358 
782 357 264 396 
783 519 396 264 
784 264 501 519 
785 265 413 414 
786 501 265 414 
787 267 339 266 
788 266 339 340 
789 339 267 360 
790 269 270 271 
791 269 739 270 
792 271 551 269 
793 745 269 551 
794 269 743 739 
795 745 743 269 
796 270 389 271 
797 301 604 270 
798 270 739 301 
799 420 271 389 
800 420 620 271 
801 271 550 551 
802 620 550 271 
803 285 274 273 
804 292 285 273 
805 285 287 274 
806 514 274 287 
807 276 277 278 
808 287 277 276 
809 276 278 281 
810 514 287 276 
811 290 278 277 
812 286 277 287 
813 286 290 277 
814 280 281 278 
815 290 280 278 
816 437 419 279 
817 282 283 284 
818 283 282 686 
819 448 282 284 
820 450 282 448 
821 700 282 450 
822 686 282 468 
823 282 701 468 
824 700 701 282 
825 283 745 284 
826 283 686 749 
827 283 749 745 
828 448 284 550 
829 551 550 284 
830 284 745 551 
831 285 286 287 
832 379 289 304 
833 379 361 289 
834 480 378 294 
835 294 466 637 
836 480 294 637 
837 295 399 296 
838 538 399 295 
839 537 538 295 
840 399 398 296 
841 412 296 398 
842 296 412 411 
843 298 350 307 
844 298 319 350 
845 298 354 319 
846 355 354 298 
847 611 299 300 
848 299 611 404 
849 300 344 530 
850 530 611 300 
851 301 302 303 
852 301 541 302 
853 604 301 303 
854 301 734 541 
855 737 734 301 
856 739 737 301 
857 303 302 400 
858 302 626 400 
859 302 541 543 
860 302 543 626 
861 303 400 604 
862 305 379 304 
863 379 305 707 
864 305 709 707 
865 306 315 310 
866 314 315 306 
867 307 350 308 
868 308 350 351 
869 317 318 309 
870 318 723 309 
871 309 723 544 
872 315 322 310 
873 322 325 310 
874 311 312 313 
875 359 311 313 
876 311 326 327 
877 326 311 348 
878 348 311 349 
879 349 311 359 
880 340 339 313 
881 339 359 313 
882 315 314 324 
883 314 341 324 
884 324 322 315 
885 319 320 321 
886 362 320 319 
887 351 319 321 
888 319 351 350 
889 354 362 319 
890 362 335 320 
891 351 321 372 
892 342 322 324 
893 336 325 322 
894 342 336 322 
895 323 373 374 
896 393 323 374 
897 341 342 324 
898 328 329 330 
899 329 328 369 
900 330 331 328 
901 364 330 329 
902 329 458 364 
903 706 329 369 
904 458 329 713 
905 329 706 703 
906 329 703 713 
907 332 333 334 
908 421 333 332 
909 332 334 469 
910 332 401 421 
911 332 672 401 
912 469 672 332 
913 333 441 334 
914 421 440 333 
915 333 440 441 
916 376 334 371 
917 334 441 371 
918 469 334 376 
919 362 363 335 
920 352 337 336 
921 347 337 345 
922 352 345 337 
923 360 359 339 
924 396 344 343 
925 357 343 358 
926 343 357 396 
927 344 396 530 
928 352 346 345 
929 347 478 377 
930 347 487 478 
931 348 349 360 
932 349 359 360 
933 353 354 355 
934 354 353 365 
935 353 355 380 
936 354 363 362 
937 354 365 363 
938 367 356 368 
939 367 522 356 
940 356 522 648 
941 717 369 361 
942 361 379 717 
943 364 458 375 
944 366 367 368 
945 367 366 371 
946 585 366 368 
947 366 370 371 
948 366 638 370 
949 585 586 366 
950 639 366 586 
951 366 639 638 
952 371 522 367 
953 725 585 368 
954 706 369 717 
955 376 371 370 
956 370 418 376 
957 370 638 418 
958 441 522 371 
959 374 373 696 
960 696 373 375 
961 374 696 708 
962 375 458 718 
963 696 375 718 
964 417 376 418 
965 376 417 668 
966 668 469 376 
967 480 477 378 
968 717 379 707 
969 503 381 499 
970 382 383 384 
971 389 382 384 
972 383 588 384 
973 392 582 383 
974 383 582 588 
975 420 389 384 
976 384 595 420 
977 595 384 588 
978 385 386 387 
979 676 386 385 
980 385 387 467 
981 467 722 385 
982 385 674 676 
983 385 721 674 
984 722 721 385 
985 386 511 387 
986 386 510 511 
987 386 691 510 
988 676 724 386 
989 724 691 386 
990 467 387 468 
991 468 387 686 
992 387 511 751 
993 387 749 686 
994 387 751 749 
995 388 573 574 
996 388 577 573 
997 574 575 388 
998 429 390 407 
999 391 509 392 
1000 391 667 509 
1001 663 667 391 
1002 582 392 509 
1003 395 394 720 
1004 398 397 394 
1005 394 397 719 
1006 398 394 412 
1007 394 719 720 
1008 558 523 395 
1009 558 395 720 
1010 396 519 530 
1011 397 398 399 
1012 432 397 399 
1013 432 544 397 
1014 719 397 544 
1015 399 538 432 
1016 642 400 626 
1017 401 402 403 
1018 402 401 666 
1019 401 403 421 
1020 677 666 401 
1021 672 677 401 
1022 403 402 419 
1023 402 666 427 
1024 403 419 437 
1025 421 403 440 
1026 403 437 440 
1027 404 405 406 
1028 404 611 405 
1029 404 406 693 
1030 404 693 726 
1031 709 404 726 
1032 406 405 665 
1033 611 530 405 
1034 405 530 735 
1035 405 735 665 
1036 630 406 631 
1037 693 406 630 
1038 631 406 644 
1039 644 406 665 
1040 634 429 407 
1041 407 635 634 
1042 408 409 410 
1043 409 408 459 
1044 410 471 408 
1045 470 459 408 
1046 408 471 470 
1047 413 416 414 
1048 413 415 416 
1049 415 413 507 
1050 447 414 416 
1051 446 414 447 
1052 497 414 446 
1053 557 414 497 
1054 557 501 414 
1055 416 415 462 
1056 415 463 462 
1057 463 415 508 
1058 508 415 507 
1059 416 462 447 
1060 417 418 450 
1061 450 449 417 
1062 668 417 449 
1063 418 700 450 
1064 638 700 418 
1065 420 595 694 
1066 420 694 620 
1067 422 548 474 
1068 513 556 422 
1069 422 547 548 
1070 556 547 422 
1071 423 424 425 
1072 424 423 546 
1073 425 564 423 
1074 423 545 546 
1075 545 423 564 
1076 424 454 425 
1077 454 424 451 
1078 424 572 465 
1079 572 424 546 
1080 425 454 605 
1081 425 605 564 
1082 670 655 427 
1083 666 670 427 
1084 430 429 634 
1085 496 430 606 
1086 606 430 607 
1087 607 430 634 
1088 431 555 554 
1089 554 623 431 
1090 528 432 538 
1091 433 434 435 
1092 433 435 495 
1093 615 433 495 
1094 615 641 433 
1095 433 641 650 
1096 434 476 435 
1097 440 437 464 
1098 438 439 526 
1099 525 438 526 
1100 656 438 525 
1101 613 438 610 
1102 660 610 438 
1103 660 438 656 
1104 526 439 658 
1105 439 623 658 
1106 453 441 440 
1107 464 453 440 
1108 441 453 648 
1109 522 441 648 
1110 529 537 442 
1111 442 549 529 
1112 443 444 445 
1113 472 443 445 
1114 494 445 444 
1115 578 494 444 
1116 576 578 444 
1117 489 472 445 
1118 445 518 489 
1119 494 518 445 
1120 447 583 446 
1121 497 446 532 
1122 446 542 532 
1123 446 583 542 
1124 447 462 461 
1125 461 553 447 
1126 583 447 553 
1127 448 449 450 
1128 448 457 449 
1129 550 457 448 
1130 449 457 680 
1131 668 449 680 
1132 451 452 593 
1133 593 454 451 
1134 559 452 589 
1135 559 593 452 
1136 589 452 591 
1137 690 591 452 
1138 466 453 464 
1139 648 453 466 
1140 454 455 456 
1141 455 454 593 
1142 454 456 605 
1143 535 456 455 
1144 535 455 539 
1145 455 559 539 
1146 455 593 559 
1147 456 535 552 
1148 456 552 649 
1149 456 616 605 
1150 616 456 649 
1151 457 550 620 
1152 457 620 680 
1153 718 458 713 
1154 470 484 459 
1155 500 459 484 
1156 461 462 463 
1157 461 463 716 
1158 461 716 553 
1159 515 463 508 
1160 699 463 515 
1161 463 699 732 
1162 463 733 716 
1163 463 732 733 
1164 637 466 464 
1165 465 572 571 
1166 701 467 468 
1167 701 722 467 
1168 668 672 469 
1169 472 492 473 
1170 492 472 489 
1171 474 548 612 
1172 602 474 603 
1173 474 612 603 
1174 479 516 481 
1175 479 490 516 
1176 481 516 619 
1177 484 483 500 
1178 560 500 483 
1179 540 597 483 
1180 560 483 597 
1181 488 486 487 
1182 491 486 488 
1183 488 624 491 
1184 518 490 489 
1185 516 490 518 
1186 624 647 491 
1187 493 502 499 
1188 580 518 494 
1189 580 494 578 
1190 495 614 615 
1191 495 618 614 
1192 496 606 561 
1193 531 497 532 
1194 531 736 497 
1195 557 497 735 
1196 736 735 497 
1197 560 498 500 
1198 502 503 499 
1199 501 557 519 
1200 504 505 506 
1201 621 505 504 
1202 504 506 629 
1203 629 728 504 
1204 506 505 664 
1205 621 669 505 
1206 669 664 505 
1207 664 536 506 
1208 506 536 667 
1209 629 506 625 
1210 625 506 642 
1211 642 506 663 
1212 506 667 663 
1213 509 536 596 
1214 667 536 509 
1215 582 509 596 
1216 511 510 630 
1217 510 692 630 
1218 691 692 510 
1219 511 630 631 
1220 631 752 511 
1221 511 752 751 
1222 659 513 512 
1223 659 512 652 
1224 659 556 513 
1225 699 515 730 
1226 598 516 518 
1227 516 598 612 
1228 612 619 516 
1229 580 598 518 
1230 735 530 519 
1231 557 735 519 
1232 520 523 524 
1233 524 523 558 
1234 558 723 524 
1235 525 526 527 
1236 657 525 527 
1237 656 525 657 
1238 527 526 651 
1239 651 526 652 
1240 526 658 652 
1241 527 650 552 
1242 552 657 527 
1243 650 527 651 
1244 529 528 537 
1245 537 528 538 
1246 730 529 549 
1247 531 532 533 
1248 734 531 533 
1249 736 531 734 
1250 532 542 533 
1251 542 541 533 
1252 541 734 533 
1253 534 535 536 
1254 535 534 552 
1255 662 534 536 
1256 534 657 552 
1257 534 662 657 
1258 596 536 535 
1259 596 535 539 
1260 664 662 536 
1261 596 539 559 
1262 661 597 540 
1263 541 542 543 
1264 584 543 542 
1265 584 542 583 
1266 543 584 626 
1267 719 544 720 
1268 544 723 720 
1269 569 546 545 
1270 545 564 565 
1271 569 545 565 
1272 546 563 562 
1273 546 562 594 
1274 569 563 546 
1275 546 570 572 
1276 594 570 546 
1277 547 619 548 
1278 556 555 547 
1279 548 619 612 
1280 727 729 549 
1281 729 730 549 
1282 641 649 552 
1283 641 552 650 
1284 583 553 627 
1285 627 553 628 
1286 553 716 628 
1287 554 555 556 
1288 554 556 659 
1289 623 554 658 
1290 554 659 658 
1291 720 723 558 
1292 592 559 589 
1293 592 596 559 
1294 624 560 597 
1295 561 562 563 
1296 561 606 562 
1297 561 563 568 
1298 607 594 562 
1299 606 607 562 
1300 568 563 569 
1301 565 564 587 
1302 564 616 587 
1303 564 605 616 
1304 566 565 567 
1305 566 569 565 
1306 567 565 587 
1307 566 568 569 
1308 643 567 587 
1309 570 571 572 
1310 570 632 571 
1311 594 636 570 
1312 636 632 570 
1313 632 633 571 
1314 574 573 576 
1315 573 578 576 
1316 577 578 573 
1317 576 575 574 
1318 577 580 578 
1319 579 580 577 
1320 579 598 580 
1321 603 579 581 
1322 598 579 603 
1323 602 603 581 
1324 588 582 592 
1325 582 596 592 
1326 583 627 584 
1327 584 625 626 
1328 584 627 625 
1329 586 585 710 
1330 585 711 710 
1331 718 711 585 
1332 725 718 585 
1333 639 586 702 
1334 586 710 702 
1335 618 587 616 
1336 643 587 618 
1337 588 589 590 
1338 588 592 589 
1339 595 588 590 
1340 591 590 589 
1341 591 690 590 
1342 595 590 695 
1343 590 690 689 
1344 590 689 695 
1345 607 634 594 
1346 594 634 636 
1347 595 695 694 
1348 597 647 624 
1349 598 603 612 
1350 599 600 601 
1351 599 705 600 
1352 675 599 601 
1353 675 715 599 
1354 599 704 705 
1355 704 599 715 
1356 601 600 724 
1357 600 705 707 
1358 600 707 738 
1359 600 738 724 
1360 675 601 676 
1361 601 724 676 
1362 608 609 610 
1363 609 608 622 
1364 608 610 660 
1365 622 608 621 
1366 621 608 669 
1367 608 660 669 
1368 609 613 610 
1369 609 617 613 
1370 615 614 649 
1371 614 618 649 
1372 615 649 641 
1373 649 618 616 
1374 620 687 680 
1375 694 687 620 
1376 626 625 642 
1377 627 629 625 
1378 627 628 629 
1379 629 628 728 
1380 716 733 628 
1381 728 628 731 
1382 628 733 731 
1383 692 693 630 
1384 631 644 645 
1385 631 645 646 
1386 631 646 752 
1387 633 632 655 
1388 636 635 632 
1389 632 635 655 
1390 671 633 655 
1391 683 633 671 
1392 634 635 636 
1393 638 639 640 
1394 640 697 638 
1395 697 698 638 
1396 638 698 721 
1397 700 638 721 
1398 639 702 640 
1399 714 697 640 
1400 702 714 640 
1401 645 644 653 
1402 653 644 654 
1403 654 644 665 
1404 646 645 742 
1405 645 653 750 
1406 742 645 750 
1407 646 742 741 
1408 646 741 746 
1409 646 746 752 
1410 650 651 652 
1411 658 659 652 
1412 654 740 653 
1413 740 750 653 
1414 654 665 740 
1415 671 655 670 
1416 662 656 657 
1417 660 656 664 
1418 656 662 664 
1419 669 660 664 
1420 665 735 736 
1421 740 665 736 
1422 666 673 670 
1423 666 677 673 
1424 668 679 672 
1425 668 680 679 
1426 678 671 670 
1427 673 678 670 
1428 678 681 671 
1429 681 683 671 
1430 679 677 672 
1431 677 684 673 
1432 684 678 673 
1433 674 675 676 
1434 674 698 675 
1435 721 698 674 
1436 715 675 698 
1437 679 682 677 
1438 682 684 677 
1439 678 685 681 
1440 685 678 684 
1441 680 687 679 
1442 679 687 682 
1443 685 689 681 
1444 689 690 681 
1445 682 685 684 
1446 682 688 685 
1447 687 688 682 
1448 688 689 685 
1449 694 688 687 
1450 688 695 689 
1451 694 695 688 
1452 691 693 692 
1453 726 693 691 
1454 724 726 691 
1455 708 696 725 
1456 725 696 718 
1457 715 698 697 
1458 714 715 697 
1459 699 730 729 
1460 732 699 729 
1461 701 700 722 
1462 700 721 722 
1463 702 703 704 
1464 713 703 702 
1465 702 704 714 
1466 710 712 702 
1467 712 713 702 
1468 703 705 704 
1469 703 706 705 
1470 704 715 714 
1471 706 707 705 
1472 706 717 707 
1473 707 709 726 
1474 707 726 738 
1475 710 711 712 
1476 711 713 712 
1477 718 713 711 
1478 738 726 724 
1479 728 731 727 
1480 732 729 727 
1481 727 731 732 
1482 731 733 732 
1483 740 736 734 
1484 740 734 737 
1485 739 741 737 
1486 744 740 737 
1487 741 742 737 
1488 744 737 742 
1489 741 739 743 
1490 740 744 750 
1491 746 741 743 
1492 742 750 744 
1493 747 743 745 
1494 748 746 743 
1495 747 748 743 
1496 749 747 745 
1497 746 748 752 
1498 751 748 747 
1499 749 751 747 
1500 751 752 748 
3 1 4 2577
1501 513 776 758 812 
1502 223 327 69 297 
1503 141 758 98 777 
1504 605 770 616 773 
1505 25 23 398 758 
1506 106 775 780 790 
1507 678 685 684 761 
1508 693 691 692 797 
1509 616 773 770 808 
1510 399 398 801 804 
1511 779 782 442 789 
1512 68 786 779 789 
1513 387 467 468 781 
1514 454 770 794 803 
1515 763 766 756 796 
1516 398 397 758 783 
1517 605 454 770 773 
1518 397 399 398 801 
1519 513 512 776 812 
1520 330 329 328 364 
1521 485 771 765 772 
1522 441 762 759 800 
1523 485 193 771 772 
1524 200 177 196 767 
1525 162 323 157 769 
1526 760 774 770 823 
1527 758 776 98 777 
1528 778 788 756 806 
1529 650 651 792 822 
1530 398 758 23 783 
1531 454 770 773 794 
1532 756 763 753 766 
1533 672 679 701 762 
1534 659 804 658 812 
1535 753 756 766 818 
1536 293 153 480 769 
1537 761 753 774 795 
1538 760 753 774 823 
1539 738 111 706 705 
1540 158 162 157 769 
1541 753 780 775 790 
1542 605 616 456 773 
1543 758 804 659 812 
1544 430 429 52 768 
1545 524 558 523 783 
1546 759 780 769 800 
1547 766 780 753 790 
1548 429 390 52 768 
1549 788 806 778 811 
1550 754 786 779 804 
1551 480 637 293 769 
1552 19 793 202 818 
1553 779 786 89 804 
1554 454 425 605 770 
1555 98 141 218 758 
1556 454 794 773 803 
1557 761 762 753 795 
1558 769 780 759 828 
1559 495 765 615 808 
1560 411 25 398 758 
1561 431 554 555 758 
1562 528 537 779 782 
1563 217 98 218 776 
1564 512 80 776 812 
1565 754 792 786 804 
1566 755 770 760 774 
1567 416 415 413 797 
1568 439 786 792 804 
1569 758 777 141 783 
1570 768 775 753 780 
1571 454 773 455 803 
1572 765 771 754 798 
1573 53 775 768 780 
1574 232 162 323 157 
1575 149 200 764 767 
1576 753 774 756 818 
1577 556 555 554 758 
1578 397 398 758 801 
1579 765 754 792 814 
1580 98 758 218 776 
1581 365 780 766 790 
1582 607 430 606 775 
1583 758 801 398 804 
1584 149 177 200 767 
1585 485 765 127 772 
1586 563 775 802 823 
1587 765 772 771 798 
1588 431 554 758 804 
1589 659 758 554 804 
1590 185 141 98 777 
1591 25 24 23 758 
1592 149 150 767 797 
1593 116 115 114 766 
1594 607 768 430 775 
1595 755 773 765 808 
1596 753 766 763 796 
1597 615 765 649 808 
1598 553 791 461 807 
1599 656 662 792 799 
1600 19 146 793 818 
1601 545 802 770 823 
1602 143 767 120 782 
1603 431 623 554 804 
1604 549 442 782 789 
1605 614 495 615 808 
1606 756 753 763 774 
1607 753 763 759 796 
1608 672 332 401 762 
1609 770 773 755 808 
1610 774 756 788 806 
1611 286 785 274 815 
1612 763 774 753 795 
1613 649 765 773 808 
1614 325 783 777 821 
1615 755 774 760 788 
1616 476 765 485 771 
1617 58 57 779 786 
1618 572 810 823 825 
1619 177 120 143 767 
1620 273 262 248 785 
1621 760 753 775 790 
1622 477 480 378 153 
1623 19 202 146 818 
1624 325 821 777 832 
1625 765 771 476 822 
1626 528 529 537 782 
1627 770 761 774 794 
1628 568 563 775 802 
1629 562 775 563 823 
1630 760 766 753 790 
1631 753 766 760 818 
1632 757 794 787 814 
1633 24 758 141 783 
1634 106 136 775 790 
1635 778 202 793 818 
1636 650 792 765 822 
1637 193 173 771 772 
1638 524 523 520 783 
1639 627 787 553 807 
1640 164 153 293 769 
1641 217 218 547 776 
1642 607 562 768 775 
1643 761 774 794 795 
1644 779 786 754 789 
1645 658 812 804 822 
1646 164 293 79 769 
1647 673 684 677 781 
1648 614 615 649 808 
1649 760 775 753 823 
1650 106 775 53 780 
1651 569 802 545 823 
1652 603 75 581 579 
1653 555 547 218 758 
1654 24 23 758 783 
1655 431 555 218 758 
1656 766 793 146 818 
1657 659 554 658 804 
1658 52 390 51 768 
1659 673 677 762 781 
1660 205 654 182 797 
1661 546 570 594 823 
1662 431 218 25 758 
1663 173 771 772 809 
1664 502 775 499 817 
1665 200 196 221 767 
1666 185 21 142 777 
1667 153 164 152 769 
1668 453 356 769 816 
1669 442 779 537 782 
1670 637 464 769 800 
1671 656 792 786 799 
1672 332 421 401 762 
1673 319 766 354 796 
1674 392 757 791 795 
1675 57 89 779 786 
1676 509 787 391 794 
1677 202 17 778 793 
1678 218 758 547 776 
1679 759 762 753 800 
1680 314 315 324 783 
1681 216 772 788 811 
1682 464 453 769 800 
1683 563 802 569 823 
1684 774 806 788 811 
1685 288 202 778 818 
1686 68 66 786 789 
1687 390 407 191 768 
1688 787 794 773 814 
1689 149 764 200 797 
1690 753 761 810 827 
1691 753 760 774 818 
1692 476 435 54 765 
1693 134 775 136 790 
1694 54 772 765 808 
1695 555 556 547 758 
1696 158 157 323 769 
1697 43 38 46 37 
1698 68 58 779 786 
1699 762 753 795 805 
1700 754 782 779 789 
1701 765 792 773 814 
1702 485 155 193 772 
1703 286 285 274 785 
1704 723 318 309 783 
1705 225 778 806 811 
1706 129 124 813 815 
1707 430 52 53 768 
1708 413 182 654 797 
1709 514 785 756 815 
1710 462 415 416 797 
1711 87 524 48 783 
1712 760 770 755 808 
1713 25 411 431 758 
1714 145 778 17 793 
1715 98 21 185 777 
1716 115 160 114 766 
1717 758 783 397 801 
1718 594 768 562 823 
1719 599 784 763 826 
1720 354 766 780 796 
1721 563 562 561 775 
1722 763 795 753 805 
1723 392 794 757 795 
1724 107 53 768 780 
1725 768 753 775 823 
1726 765 798 754 814 
1727 621 786 91 789 
1728 152 232 162 769 
1729 66 67 90 789 
1730 754 799 792 814 
1731 607 606 562 775 
1732 392 386 13 781 
1733 768 800 753 827 
1734 430 768 53 775 
1735 786 789 621 799 
1736 549 789 782 829 
1737 649 773 616 808 
1738 520 48 524 783 
1739 150 508 767 797 
1740 711 710 712 784 
1741 439 89 786 804 
1742 659 513 556 758 
1743 773 792 535 799 
1744 296 758 398 804 
1745 287 286 514 815 
1746 756 778 514 815 
1747 91 786 66 789 
1748 509 773 787 794 
1749 424 425 454 770 
1750 184 182 413 797 
1751 658 804 792 822 
1752 54 127 765 772 
1753 162 232 323 769 
1754 778 793 145 815 
1755 563 561 568 775 
1756 562 563 546 823 
1757 51 107 768 780 
1758 380 780 769 828 
1759 520 310 48 783 
1760 462 653 791 797 
1761 552 773 765 792 
1762 114 160 161 766 
1763 554 659 556 758 
1764 323 152 393 769 
1765 546 569 545 823 
1766 753 759 763 805 
1767 673 666 670 762 
1768 325 777 336 832 
1769 120 782 767 829 
1770 507 413 415 797 
1771 77 453 356 769 
1772 325 336 821 832 
1773 371 334 722 762 
1774 772 798 765 814 
1775 98 776 20 777 
1776 411 398 296 758 
1777 147 767 143 782 
1778 507 184 413 797 
1779 88 779 89 804 
1780 658 652 812 822 
1781 391 392 509 794 
1782 502 499 503 817 
1783 754 765 792 822 
1784 755 770 774 794 
1785 678 810 761 827 
1786 228 523 395 783 
1787 355 319 354 796 
1788 546 563 569 823 
1789 225 778 230 806 
1790 754 771 765 822 
1791 288 202 17 778 
1792 85 83 122 782 
1793 562 768 775 823 
1794 509 787 773 799 
1795 529 442 537 782 
1796 301 737 741 302 
1797 97 141 777 783 
1798 649 456 616 773 
1799 762 761 781 795 
1800 753 762 761 827 
1801 755 757 774 811 
1802 755 760 808 824 
1803 755 773 770 794 
1804 771 798 772 809 
1805 627 625 787 807 
1806 441 334 371 762 
1807 270 604 301 739 
1808 319 320 362 766 
1809 759 753 780 800 
1810 771 812 476 822 
1811 106 780 365 790 
1812 272 159 372 793 
1813 159 372 793 813 
1814 393 152 164 769 
1815 140 769 816 828 
1816 158 240 162 769 
1817 173 772 798 809 
1818 677 679 672 762 
1819 354 780 355 796 
1820 607 562 594 768 
1821 146 187 817 831 
1822 149 767 764 797 
1823 755 774 757 794 
1824 216 788 215 811 
1825 552 765 650 792 
1826 108 110 109 785 
1827 390 429 407 768 
1828 146 790 766 818 
1829 68 67 66 789 
1830 355 796 780 828 
1831 333 762 441 800 
1832 549 67 442 789 
1833 761 803 770 825 
1834 177 149 120 767 
1835 393 198 374 769 
1836 582 794 781 803 
1837 773 799 787 814 
1838 696 374 708 769 
1839 193 192 173 772 
1840 762 753 800 827 
1841 529 549 442 782 
1842 495 54 765 808 
1843 84 782 779 809 
1844 392 781 794 795 
1845 296 398 399 804 
1846 77 464 453 769 
1847 596 455 773 803 
1848 681 803 761 825 
1849 755 794 757 814 
1850 200 221 764 767 
1851 456 455 454 773 
1852 774 788 756 818 
1853 607 594 634 768 
1854 768 780 753 800 
1855 286 274 514 815 
1856 68 56 442 779 
1857 754 779 771 804 
1858 775 790 499 817 
1859 658 439 792 804 
1860 84 779 801 809 
1861 10 802 817 824 
1862 817 824 760 831 
1863 669 786 621 799 
1864 58 617 57 786 
1865 553 787 461 791 
1866 161 766 159 793 
1867 792 799 773 814 
1868 196 221 767 811 
1869 755 788 760 824 
1870 771 754 798 809 
1871 552 456 765 773 
1872 88 623 431 804 
1873 317 309 318 783 
1874 274 273 248 785 
1875 758 812 776 832 
1876 476 771 485 812 
1877 761 794 770 803 
1878 393 164 198 769 
1879 441 333 334 762 
1880 549 90 67 789 
1881 287 514 778 815 
1882 386 781 392 795 
1883 288 818 778 831 
1884 621 669 608 786 
1885 546 810 570 823 
1886 582 392 781 794 
1887 111 226 110 600 
1888 763 784 759 796 
1889 146 790 818 831 
1890 350 766 796 813 
1891 106 136 53 775 
1892 528 779 84 782 
1893 153 152 380 769 
1894 757 811 755 814 
1895 152 323 232 769 
1896 766 756 796 813 
1897 115 766 116 790 
1898 231 788 778 811 
1899 677 679 762 781 
1900 765 772 755 808 
1901 766 790 760 818 
1902 753 810 768 827 
1903 753 762 759 805 
1904 421 403 401 762 
1905 33 802 775 817 
1906 202 146 818 831 
1907 777 783 758 821 
1908 399 801 779 804 
1909 678 761 762 827 
1910 485 127 155 772 
1911 225 806 230 811 
1912 770 823 761 825 
1913 546 572 810 823 
1914 601 763 599 784 
1915 753 759 780 796 
1916 115 335 160 766 
1917 240 380 769 828 
1918 546 594 562 823 
1919 129 210 124 815 
1920 354 766 365 780 
1921 159 321 372 813 
1922 173 798 172 809 
1923 279 390 191 768 
1924 708 769 199 816 
1925 416 413 654 797 
1926 761 823 810 825 
1927 58 56 68 779 
1928 777 821 758 832 
1929 696 769 708 816 
1930 564 770 587 808 
1931 350 766 319 796 
1932 57 617 89 786 
1933 435 495 54 765 
1934 274 785 514 815 
1935 711 710 784 816 
1936 121 143 120 782 
1937 605 456 454 773 
1938 136 134 53 775 
1939 767 782 147 798 
1940 509 667 787 799 
1941 685 684 761 781 
1942 756 788 778 818 
1943 108 785 109 826 
1944 129 813 785 815 
1945 91 622 66 786 
1946 159 161 160 766 
1947 760 788 774 818 
1948 496 606 430 775 
1949 335 766 115 790 
1950 756 778 793 818 
1951 129 124 128 813 
1952 33 775 259 817 
1953 628 733 787 789 
1954 206 798 215 811 
1955 116 766 146 790 
1956 666 670 762 827 
1957 514 756 785 806 
1958 685 781 761 803 
1959 214 824 817 831 
1960 770 802 587 808 
1961 216 788 772 824 
1962 653 692 791 797 
1963 57 56 58 779 
1964 673 677 666 762 
1965 243 360 348 349 
1966 279 780 768 800 
1967 656 662 657 792 
1968 259 775 502 817 
1969 179 180 206 798 
1970 433 435 434 822 
1971 433 765 435 822 
1972 386 392 791 795 
1973 681 761 671 825 
1974 596 773 794 803 
1975 787 791 553 807 
1976 664 662 656 799 
1977 784 805 759 816 
1978 23 229 394 783 
1979 279 51 390 768 
1980 679 672 701 668 
1981 416 750 744 807 
1982 10 808 802 824 
1983 755 772 765 814 
1984 468 668 701 449 
1985 565 770 545 802 
1986 279 800 768 827 
1987 321 320 319 766 
1988 98 20 21 777 
1989 374 323 393 769 
1990 499 790 503 817 
1991 685 761 681 803 
1992 84 83 782 809 
1993 50 49 48 520 
1994 678 681 685 761 
1995 771 779 754 809 
1996 191 189 279 768 
1997 325 322 783 821 
1998 207 260 81 832 
1999 79 464 163 769 
2000 323 140 158 769 
2001 564 616 770 808 
2002 464 79 77 466 
2003 493 499 502 775 
2004 197 196 177 767 
2005 767 789 754 799 
2006 407 190 191 768 
2007 514 778 756 806 
2008 430 53 496 775 
2009 108 109 148 826 
2010 787 789 733 829 
2011 766 793 756 813 
2012 649 765 456 773 
2013 462 461 791 807 
2014 262 273 175 785 
2015 463 767 508 797 
2016 755 788 772 811 
2017 730 782 120 829 
2018 625 642 791 807 
2019 95 229 23 783 
2020 380 152 162 769 
2021 549 782 730 829 
2022 566 567 565 802 
2023 89 88 57 779 
2024 485 771 193 821 
2025 535 773 552 792 
2026 126 145 793 815 
2027 629 628 787 789 
2028 767 782 754 789 
2029 196 767 197 811 
2030 97 24 141 783 
2031 641 650 552 765 
2032 230 806 764 811 
2033 778 818 788 831 
2034 112 121 120 782 
2035 171 798 782 809 
2036 433 641 615 765 
2037 288 778 788 831 
2038 231 778 225 811 
2039 310 48 49 520 
2040 621 622 91 786 
2041 288 202 818 831 
2042 140 816 138 828 
2043 753 810 761 823 
2044 761 794 781 795 
2045 712 713 711 784 
2046 534 535 552 792 
2047 315 310 322 783 
2048 753 780 766 796 
2049 716 787 733 829 
2050 708 199 725 816 
2051 438 439 786 792 
2052 319 362 354 766 
2053 190 189 191 768 
2054 156 216 772 824 
2055 10 817 34 824 
2056 568 569 563 802 
2057 777 783 325 830 
2058 634 636 635 768 
2059 462 791 750 807 
2060 152 241 162 316 
2061 762 795 781 805 
2062 760 802 770 808 
2063 764 767 221 811 
2064 628 731 733 789 
2065 582 781 588 803 
2066 92 123 637 800 
2067 625 791 787 807 
2068 537 442 56 779 
2069 697 784 710 805 
2070 554 623 658 804 
2071 485 812 771 821 
2072 529 730 549 782 
2073 750 462 653 791 
2074 107 106 53 780 
2075 134 493 53 775 
2076 755 772 788 824 
2077 160 335 320 766 
2078 106 365 136 790 
2079 487 777 776 832 
2080 199 708 198 769 
2081 416 744 447 807 
2082 760 818 790 831 
2083 781 794 761 803 
2084 728 628 629 789 
2085 444 5 578 576 
2086 263 259 33 775 
2087 372 272 793 813 
2088 509 773 667 799 
2089 774 764 806 811 
2090 528 537 538 779 
2091 756 793 778 815 
2092 324 315 322 783 
2093 504 621 789 799 
2094 140 373 696 769 
2095 671 761 810 825 
2096 782 789 767 829 
2097 760 770 802 823 
2098 212 817 187 831 
2099 754 767 799 814 
2100 569 565 545 802 
2101 759 784 763 805 
2102 629 789 787 799 
2103 51 768 279 780 
2104 608 622 621 786 
2105 212 214 817 831 
2106 753 768 810 823 
2107 163 79 77 464 
2108 596 559 455 803 
2109 155 127 15 772 
2110 455 539 596 773 
2111 536 509 596 773 
2112 337 352 336 777 
2113 205 204 182 405 
2114 77 163 464 769 
2115 774 795 763 806 
2116 779 771 801 809 
2117 677 682 679 781 
2118 561 562 606 775 
2119 544 720 723 783 
2120 767 787 789 799 
2121 434 476 812 822 
2122 642 663 791 807 
2123 635 768 636 810 
2124 416 653 750 462 
2125 98 100 20 776 
2126 767 789 787 829 
2127 51 93 107 780 
2128 416 462 750 807 
2129 262 248 785 820 
2130 568 775 566 802 
2131 462 461 463 797 
2132 534 657 662 792 
2133 566 775 33 802 
2134 536 773 535 799 
2135 499 775 134 790 
2136 767 787 764 797 
2137 317 783 314 821 
2138 189 279 768 827 
2139 755 773 794 814 
2140 756 763 796 813 
2141 84 137 83 809 
2142 760 817 802 824 
2143 553 461 447 807 
2144 608 669 660 786 
2145 756 774 763 806 
2146 263 502 259 775 
2147 760 802 775 823 
2148 716 628 733 787 
2149 274 785 248 820 
2150 729 549 730 829 
2151 765 773 755 814 
2152 649 641 552 765 
2153 180 215 206 798 
2154 795 819 676 820 
2155 259 502 503 817 
2156 582 509 392 794 
2157 774 788 755 811 
2158 752 645 631 750 
2159 123 780 279 800 
2160 463 787 767 797 
2161 779 801 771 804 
2162 354 365 353 780 
2163 244 311 349 348 
2164 155 192 193 772 
2165 693 691 797 819 
2166 504 621 91 789 
2167 231 215 788 811 
2168 138 816 784 828 
2169 403 762 800 827 
2170 525 656 657 792 
2171 780 796 759 828 
2172 764 774 757 811 
2173 15 772 14 824 
2174 173 772 180 798 
2175 432 779 399 801 
2176 20 776 486 777 
2177 374 198 708 769 
2178 95 23 24 783 
2179 601 763 784 805 
2180 478 777 377 830 
2181 772 811 798 814 
2182 296 779 88 804 
2183 513 256 422 776 
2184 649 552 456 765 
2185 140 158 769 828 
2186 274 248 234 820 
2187 676 795 386 819 
2188 189 800 279 827 
2189 515 120 149 767 
2190 217 100 98 776 
2191 528 432 84 779 
2192 529 112 730 782 
2193 81 812 207 832 
2194 172 798 171 809 
2195 156 772 16 824 
2196 757 795 774 806 
2197 423 564 425 770 
2198 767 757 787 814 
2199 671 761 678 810 
2200 650 765 433 822 
2201 515 120 767 829 
2202 54 14 772 808 
2203 120 730 112 782 
2204 755 811 772 814 
2205 223 327 311 69 
2206 723 309 544 783 
2207 696 373 374 769 
2208 380 94 769 780 
2209 504 789 629 799 
2210 681 678 671 761 
2211 565 587 564 770 
2212 493 134 499 775 
2213 795 805 763 820 
2214 190 768 635 827 
2215 564 423 545 770 
2216 263 33 566 775 
2217 10 8 802 808 
2218 113 143 121 782 
2219 587 770 565 802 
2220 785 820 763 826 
2221 678 670 810 827 
2222 16 772 15 824 
2223 767 798 197 811 
2224 767 754 782 798 
2225 193 771 173 821 
2226 757 767 764 814 
2227 772 808 14 824 
2228 296 399 779 804 
2229 559 596 455 539 
2230 719 720 544 783 
2231 767 787 799 814 
2232 496 53 493 775 
2233 544 783 309 801 
2234 73 214 35 817 
2235 84 801 137 809 
2236 231 242 778 788 
2237 505 669 621 799 
2238 468 679 680 781 
2239 756 793 766 818 
2240 92 780 123 800 
2241 633 655 632 810 
2242 649 615 641 765 
2243 13 386 387 781 
2244 419 437 279 800 
2245 145 144 126 793 
2246 336 777 352 832 
2247 68 622 609 786 
2248 538 537 295 779 
2249 214 35 817 824 
2250 755 808 772 824 
2251 42 37 43 195 
2252 55 808 10 824 
2253 173 180 172 798 
2254 295 537 56 779 
2255 779 782 754 809 
2256 561 606 496 775 
2257 91 66 90 789 
2258 153 378 477 154 
2259 727 90 549 789 
2260 461 787 463 797 
2261 566 568 263 775 
2262 757 794 774 795 
2263 386 795 791 819 
2264 485 165 812 821 
2265 182 413 654 405 
2266 182 184 413 183 
2267 189 768 190 827 
2268 240 769 158 828 
2269 561 263 568 775 
2270 35 34 73 817 
2271 330 784 826 828 
2272 35 34 817 824 
2273 664 669 505 799 
2274 538 432 528 779 
2275 147 782 171 798 
2276 380 162 240 769 
2277 20 486 22 777 
2278 57 88 296 779 
2279 802 808 760 824 
2280 323 373 140 769 
2281 628 716 553 787 
2282 208 261 260 103 
2283 423 425 424 770 
2284 317 309 783 801 
2285 676 805 795 820 
2286 759 816 769 828 
2287 728 629 504 789 
2288 78 77 79 466 
2289 416 447 462 807 
2290 462 447 461 807 
2291 667 506 787 799 
2292 617 613 89 786 
2293 272 126 793 815 
2294 429 634 407 768 
2295 655 810 670 827 
2296 682 677 684 781 
2297 200 764 221 797 
2298 142 21 428 777 
2299 97 95 24 783 
2300 317 801 783 821 
2301 247 169 709 168 
2302 767 787 463 829 
2303 727 789 549 829 
2304 748 400 303 807 
2305 812 821 165 832 
2306 197 767 147 798 
2307 786 792 754 799 
2308 192 180 173 772 
2309 536 662 664 799 
2310 793 813 272 815 
2311 565 564 545 770 
2312 354 353 355 780 
2313 171 782 122 809 
2314 335 115 291 790 
2315 719 544 397 783 
2316 260 338 81 103 
2317 763 784 796 826 
2318 112 113 121 782 
2319 439 89 438 786 
2320 568 566 569 802 
2321 385 781 386 795 
2322 397 432 399 801 
2323 514 230 778 806 
2324 337 347 352 777 
2325 804 812 771 822 
2326 371 370 722 334 
2327 13 392 511 386 
2328 365 354 363 766 
2329 237 330 826 828 
2330 10 55 8 808 
2331 182 654 205 405 
2332 771 804 758 812 
2333 226 262 175 785 
2334 83 85 84 782 
2335 758 771 801 804 
2336 596 773 509 794 
2337 145 18 144 793 
2338 776 777 758 832 
2339 150 508 515 767 
2340 764 767 757 787 
2341 234 230 764 797 
2342 486 776 487 777 
2343 122 147 113 782 
2344 261 208 36 647 
2345 147 143 113 782 
2346 767 811 764 814 
2347 716 463 787 829 
2348 582 392 383 781 
2349 487 486 488 776 
2350 553 716 461 787 
2351 768 810 635 827 
2352 763 806 795 820 
2353 380 241 162 152 
2354 763 785 756 806 
2355 754 798 767 814 
2356 68 66 622 786 
2357 372 321 351 813 
2358 107 93 106 780 
2359 438 89 613 786 
2360 14 127 54 772 
2361 785 813 130 826 
2362 385 781 795 805 
2363 272 126 144 793 
2364 353 365 106 780 
2365 756 785 763 813 
2366 255 256 80 776 
2367 288 778 242 788 
2368 85 528 84 782 
2369 433 650 641 765 
2370 588 582 383 781 
2371 787 791 757 797 
2372 386 791 510 819 
2373 16 156 15 772 
2374 18 145 17 793 
2375 202 186 146 831 
2376 784 816 759 828 
2377 230 806 234 819 
2378 230 234 764 819 
2379 795 806 757 819 
2380 528 85 529 782 
2381 374 373 323 769 
2382 701 679 467 762 
2383 173 809 174 821 
2384 22 21 20 777 
2385 413 182 183 405 
2386 386 392 511 791 
2387 226 262 785 820 
2388 791 795 757 819 
2389 33 9 802 817 
2390 628 728 731 789 
2391 174 137 801 809 
2392 726 693 234 819 
2393 570 572 571 810 
2394 323 140 139 158 
2395 125 272 813 815 
2396 161 159 236 793 
2397 536 667 773 799 
2398 274 514 785 820 
2399 230 764 806 819 
2400 539 535 596 773 
2401 290 286 277 815 
2402 712 710 702 784 
2403 173 771 809 821 
2404 695 689 590 803 
2405 783 801 758 821 
2406 174 809 801 821 
2407 185 21 98 99 
2408 234 797 764 819 
2409 12 748 752 807 
2410 467 762 679 781 
2411 200 221 203 797 
2412 786 754 789 799 
2413 198 163 199 769 
2414 82 433 434 822 
2415 760 775 802 817 
2416 514 806 785 820 
2417 167 165 821 832 
2418 176 130 109 785 
2419 701 467 722 762 
2420 548 45 619 776 
2421 156 16 216 824 
2422 231 215 242 788 
2423 758 801 771 821 
2424 335 291 135 790 
2425 59 486 45 776 
2426 610 609 608 786 
2427 757 774 764 806 
2428 97 783 777 830 
2429 759 796 784 828 
2430 41 478 377 830 
2431 275 259 503 817 
2432 671 678 670 810 
2433 233 126 124 815 
2434 350 307 308 826 
2435 618 587 802 808 
2436 655 671 670 810 
2437 174 314 341 821 
2438 59 45 548 776 
2439 15 127 14 772 
2440 331 704 599 784 
2441 526 658 439 792 
2442 685 688 682 781 
2443 760 790 775 817 
2444 392 12 752 807 
2445 118 777 325 830 
2446 347 377 478 777 
2447 118 336 325 777 
2448 409 459 470 251 
2449 130 813 308 826 
2450 41 777 478 830 
2451 428 482 142 777 
2452 798 811 767 814 
2453 785 763 813 826 
2454 265 183 611 405 
2455 80 82 81 812 
2456 208 261 103 647 
2457 142 482 97 777 
2458 771 812 758 821 
2459 212 213 187 817 
2460 230 220 221 797 
2461 290 778 145 815 
2462 785 813 756 815 
2463 82 80 512 812 
2464 362 363 354 766 
2465 481 20 100 776 
2466 391 791 663 807 
2467 399 432 538 779 
2468 10 802 9 817 
2469 806 819 795 820 
2470 130 176 129 785 
2471 561 496 263 775 
2472 658 792 526 822 
2473 584 625 627 807 
2474 263 493 502 775 
2475 149 150 515 767 
2476 717 738 379 361 
2477 33 26 9 817 
2478 782 798 754 809 
2479 796 813 763 826 
2480 391 787 663 791 
2481 453 440 441 800 
2482 166 208 209 832 
2483 231 206 215 811 
2484 367 356 522 816 
2485 420 384 686 781 
2486 383 392 13 781 
2487 683 681 671 825 
2488 290 277 778 815 
2489 217 481 100 776 
2490 138 696 140 373 
2491 510 750 791 807 
2492 399 538 295 779 
2493 601 763 805 820 
2494 552 535 456 773 
2495 274 234 514 820 
2496 221 225 230 811 
2497 572 571 810 825 
2498 526 792 651 822 
2499 176 109 110 785 
2500 196 225 221 811 
2501 255 208 103 647 
2502 118 337 336 777 
2503 610 613 609 786 
2504 221 230 764 811 
2505 159 272 236 793 
2506 504 629 506 799 
2507 326 311 244 348 
2508 367 368 356 816 
2509 49 50 521 520 
2510 12 13 392 752 
2511 22 486 487 777 
2512 272 125 126 815 
2513 757 764 811 814 
2514 55 10 34 824 
2515 796 826 784 828 
2516 375 784 138 816 
2517 89 623 88 804 
2518 13 12 748 752 
2519 292 175 273 785 
2520 487 47 346 832 
2521 261 338 260 103 
2522 317 314 174 821 
2523 764 787 757 797 
2524 652 82 812 822 
2525 691 693 726 819 
2526 565 569 566 802 
2527 97 95 783 830 
2528 576 578 573 5 
2529 733 789 731 829 
2530 696 708 725 816 
2531 583 553 447 807 
2532 686 384 383 781 
2533 552 527 657 792 
2534 172 171 122 809 
2535 216 238 788 824 
2536 199 368 725 816 
2537 33 259 26 817 
2538 588 592 582 803 
2539 295 56 57 779 
2540 174 137 317 801 
2541 722 762 467 805 
2542 197 171 179 798 
2543 467 679 468 781 
2544 234 806 514 820 
2545 529 85 112 782 
2546 82 434 812 822 
2547 757 797 791 819 
2548 331 784 599 826 
2549 59 548 258 776 
2550 325 783 322 830 
2551 204 205 654 405 
2552 140 138 364 828 
2553 125 813 124 815 
2554 183 265 413 405 
2555 336 166 821 832 
2556 381 503 499 790 
2557 138 784 364 828 
2558 180 156 216 772 
2559 309 317 137 801 
2560 512 652 82 812 
2561 89 439 623 804 
2562 377 40 41 830 
2563 660 610 608 786 
2564 510 752 750 807 
2565 681 690 689 803 
2566 637 123 464 800 
2567 288 788 238 831 
2568 65 63 803 825 
2569 126 290 145 815 
2570 392 752 791 807 
2571 566 33 567 802 
2572 280 290 278 778 
2573 434 207 81 812 
2574 689 685 681 803 
2575 242 238 288 788 
2576 510 791 752 807 
2577 628 553 627 787 
2578 801 809 771 821 
2579 453 464 77 648 
2580 174 801 317 821 
2581 189 419 800 827 
2582 96 783 95 830 
2583 788 824 238 831 
2584 293 294 480 153 
2585 290 277 278 778 
2586 593 559 452 803 
2587 434 81 82 812 
2588 122 171 147 782 
2589 189 419 279 800 
2590 685 682 684 781 
2591 110 175 176 785 
2592 140 323 139 373 
2593 209 812 165 832 
2594 230 221 764 797 
2595 123 279 437 800 
2596 65 803 681 825 
2597 237 330 331 826 
2598 758 821 812 832 
2599 16 15 14 824 
2600 727 549 729 829 
2601 488 491 255 776 
2602 197 798 206 811 
2603 572 424 465 825 
2604 468 668 449 680 
2605 740 750 744 416 
2606 716 463 461 787 
2607 536 667 509 773 
2608 384 382 389 749 
2609 690 65 63 803 
2610 364 784 330 828 
2611 347 487 352 777 
2612 258 548 422 776 
2613 175 292 176 785 
2614 451 803 63 825 
2615 148 130 308 826 
2616 682 688 687 781 
2617 536 506 667 799 
2618 454 803 451 825 
2619 372 125 272 813 
2620 220 203 221 797 
2621 601 805 676 820 
2622 140 364 330 828 
2623 10 27 34 817 
2624 83 122 782 809 
2625 738 717 379 707 
2626 514 287 274 286 
2627 265 414 413 405 
2628 207 208 260 832 
2629 192 156 180 772 
2630 570 571 632 810 
2631 690 681 65 803 
2632 294 378 480 153 
2633 639 638 721 722 
2634 688 694 687 781 
2635 21 185 142 99 
2636 609 622 608 786 
2637 119 337 118 777 
2638 45 479 619 776 
2639 571 572 465 825 
2640 308 130 128 813 
2641 534 552 657 792 
2642 600 820 785 826 
2643 144 236 272 793 
2644 651 526 527 792 
2645 658 623 439 804 
2646 496 493 263 775 
2647 183 181 358 611 
2648 764 797 757 819 
2649 764 757 806 819 
2650 572 570 546 810 
2651 547 422 548 776 
2652 172 179 171 798 
2653 756 813 793 815 
2654 530 265 611 405 
2655 664 505 506 799 
2656 626 584 543 734 
2657 144 18 236 793 
2658 150 507 508 797 
2659 186 187 146 831 
2660 209 207 165 812 
2661 302 303 400 807 
2662 125 124 126 815 
2663 548 258 474 612 
2664 536 664 506 799 
2665 169 247 709 249 
2666 55 34 14 824 
2667 342 336 166 821 
2668 275 503 254 817 
2669 452 591 690 803 
2670 27 73 34 817 
2671 268 824 214 831 
2672 261 266 338 103 
2673 676 385 386 795 
2674 383 13 387 781 
2675 64 451 63 825 
2676 651 650 652 822 
2677 347 478 487 777 
2678 123 437 464 800 
2679 676 385 795 805 
2680 385 387 386 781 
2681 386 511 510 791 
2682 590 689 690 803 
2683 255 208 488 776 
2684 731 789 727 829 
2685 691 386 510 819 
2686 728 504 91 789 
2687 322 783 310 830 
2688 176 292 129 785 
2689 785 806 763 820 
2690 629 787 506 799 
2691 392 391 12 807 
2692 97 777 482 830 
2693 167 166 165 832 
2694 724 676 819 820 
2695 454 451 424 825 
2696 83 137 122 809 
2697 647 491 255 488 
2698 207 812 209 832 
2699 600 601 724 820 
2700 167 821 166 832 
2701 54 55 14 808 
2702 525 657 527 792 
2703 740 744 447 416 
2704 625 584 626 807 
2705 84 309 137 801 
2706 232 152 162 316 
2707 234 819 806 820 
2708 724 676 386 819 
2709 59 491 486 776 
2710 65 64 63 825 
2711 420 620 694 781 
2712 611 181 358 343 
2713 197 147 171 798 
2714 514 230 225 778 
2715 480 294 293 637 
2716 179 206 197 798 
2717 330 784 331 826 
2718 643 587 567 802 
2719 671 810 633 825 
2720 128 124 125 813 
2721 453 464 440 800 
2722 591 589 590 803 
2723 8 618 802 808 
2724 248 726 234 820 
2725 302 734 626 543 
2726 590 690 591 803 
2727 12 400 748 807 
2728 64 424 451 825 
2729 491 258 255 776 
2730 291 115 178 790 
2731 82 650 433 822 
2732 213 254 178 817 
2733 718 696 725 816 
2734 190 635 655 827 
2735 278 281 280 778 
2736 427 402 189 827 
2737 308 351 350 813 
2738 567 587 565 802 
2739 760 788 818 831 
2740 451 593 452 803 
2741 760 824 788 831 
2742 468 668 679 701 
2743 85 113 112 782 
2744 258 548 59 612 
2745 97 96 95 830 
2746 455 559 593 803 
2747 478 22 487 777 
2748 280 145 290 778 
2749 635 810 655 827 
2750 262 738 248 820 
2751 276 277 287 778 
2752 55 14 808 824 
2753 179 172 180 798 
2754 654 665 413 416 
2755 26 259 275 817 
2756 116 178 115 790 
2757 671 633 683 825 
2758 364 458 331 784 
2759 247 709 246 168 
2760 476 165 207 812 
2761 13 392 752 511 
2762 652 526 651 822 
2763 226 738 262 820 
2764 478 41 22 777 
2765 507 415 508 797 
2766 696 375 138 816 
2767 255 208 647 488 
2768 323 232 157 139 
2769 617 609 613 786 
2770 27 254 73 817 
2771 139 157 323 158 
2772 85 122 113 782 
2773 231 225 206 811 
2774 610 438 613 786 
2775 652 650 82 822 
2776 204 181 182 405 
2777 511 387 13 386 
2778 183 182 181 405 
2779 643 567 7 802 
2780 35 14 34 824 
2781 391 663 12 807 
2782 238 824 268 831 
2783 372 351 125 813 
2784 404 709 204 169 
2785 98 21 20 100 
2786 223 224 498 222 
2787 392 791 391 807 
2788 405 654 204 693 
2789 146 178 116 790 
2790 275 254 27 817 
2791 668 468 679 680 
2792 119 40 377 830 
2793 440 464 437 800 
2794 727 731 728 789 
2795 511 392 752 791 
2796 174 172 137 809 
2797 748 400 12 747 
2798 557 665 414 735 
2799 413 665 414 416 
2800 307 237 331 826 
2801 454 455 593 803 
2802 84 544 309 801 
2803 691 726 724 819 
2804 302 741 303 807 
2805 596 582 592 803 
2806 211 233 124 815 
2807 94 93 92 780 
2808 636 570 632 810 
2809 265 530 735 405 
2810 420 686 620 781 
2811 601 675 676 805 
2812 73 254 213 817 
2813 346 166 352 832 
2814 288 280 242 778 
2815 747 11 12 751 
2816 173 172 174 809 
2817 476 485 165 812 
2818 166 336 352 832 
2819 382 13 751 749 
2820 451 452 63 803 
2821 100 98 21 99 
2822 585 586 710 816 
2823 220 219 205 797 
2824 481 217 619 776 
2825 426 578 577 580 
2826 12 13 748 751 
2827 653 750 740 416 
2828 580 426 579 577 
2829 744 741 737 807 
2830 663 642 12 807 
2831 633 671 655 810 
2832 234 230 514 806 
2833 140 330 237 828 
2834 8 54 495 808 
2835 652 658 526 822 
2836 231 242 281 778 
2837 411 23 398 25 
2838 696 718 375 816 
2839 400 626 302 807 
2840 618 587 643 802 
2841 382 383 13 749 
2842 535 536 596 773 
2843 245 244 243 348 
2844 227 288 238 831 
2845 611 183 181 405 
2846 400 12 642 807 
2847 291 178 381 790 
2848 479 45 486 776 
2849 620 468 680 781 
2850 231 281 276 778 
2851 59 258 491 776 
2852 525 527 526 792 
2853 451 454 593 803 
2854 633 810 571 825 
2855 747 12 748 751 
2856 697 639 640 721 
2857 453 77 356 648 
2858 351 308 128 813 
2859 40 39 41 830 
2860 242 280 281 778 
2861 268 214 212 831 
2862 686 387 468 781 
2863 414 265 735 405 
2864 387 385 467 781 
2865 35 16 14 824 
2866 240 158 298 828 
2867 352 345 347 337 
2868 596 592 559 803 
2869 125 351 128 813 
2870 364 138 375 784 
2871 694 620 687 781 
2872 690 63 452 803 
2873 744 750 742 807 
2874 27 26 275 817 
2875 585 718 725 816 
2876 364 375 458 784 
2877 400 604 11 747 
2878 519 396 530 264 
2879 686 468 620 781 
2880 713 712 702 784 
2881 517 521 96 830 
2882 698 715 697 675 
2883 510 511 752 791 
2884 680 687 620 781 
2885 8 55 54 808 
2886 167 173 341 821 
2887 625 626 642 807 
2888 427 655 670 827 
2889 193 173 167 821 
2890 234 220 230 797 
2891 11 12 400 747 
2892 325 322 310 830 
2893 744 742 741 807 
2894 186 202 227 831 
2895 330 364 331 784 
2896 302 734 543 541 
2897 276 281 278 778 
2898 495 614 618 808 
2899 248 738 726 820 
2900 234 220 797 819 
2901 382 384 383 749 
2902 277 276 278 778 
2903 204 299 404 169 
2904 628 627 629 787 
2905 589 559 592 803 
2906 752 645 646 631 
2907 413 665 654 405 
2908 752 645 750 646 
2909 648 464 77 466 
2910 398 394 23 412 
2911 726 709 247 249 
2912 632 571 633 810 
2913 386 691 724 819 
2914 381 135 291 790 
2915 166 209 165 832 
2916 148 331 108 826 
2917 311 244 349 71 
2918 736 665 557 735 
2919 219 693 234 726 
2920 751 11 13 382 
2921 462 463 415 797 
2922 740 654 653 416 
2923 725 368 585 816 
2924 189 402 419 827 
2925 49 521 60 830 
2926 13 12 11 751 
2927 701 449 450 282 
2928 642 626 400 807 
2929 463 508 415 797 
2930 640 639 638 721 
2931 35 268 16 824 
2932 686 383 387 781 
2933 387 13 751 511 
2934 167 342 166 821 
2935 388 131 132 133 
2936 211 124 210 815 
2937 137 172 122 809 
2938 476 207 434 812 
2939 166 346 208 832 
2940 151 220 205 797 
2941 646 742 750 807 
2942 35 214 268 824 
2943 600 738 226 820 
2944 600 331 599 826 
2945 699 729 730 829 
2946 640 638 697 721 
2947 732 731 727 829 
2948 208 36 38 346 
2949 224 223 498 297 
2950 715 599 714 784 
2951 479 481 619 776 
2952 329 703 328 458 
2953 225 231 276 778 
2954 449 701 468 282 
2955 726 709 204 404 
2956 126 233 290 815 
2957 600 108 331 826 
2958 683 65 681 825 
2959 8 495 618 808 
2960 413 414 665 405 
2961 517 60 521 830 
2962 724 738 600 820 
2963 364 328 331 458 
2964 646 750 752 807 
2965 233 211 290 815 
2966 135 134 136 790 
2967 308 307 148 826 
2968 746 752 748 807 
2969 488 486 491 776 
2970 158 140 237 828 
2971 726 219 204 249 
2972 298 355 240 828 
2973 167 341 342 821 
2974 738 705 706 707 
2975 463 699 515 829 
2976 174 341 173 821 
2977 220 151 203 797 
2978 288 227 202 831 
2979 208 207 209 832 
2980 310 49 117 830 
2981 248 219 726 249 
2982 646 752 746 807 
2983 734 302 301 541 
2984 447 583 734 446 
2985 584 542 543 734 
2986 170 709 169 168 
2987 465 424 64 825 
2988 584 542 734 583 
2989 748 303 743 746 
2990 709 726 247 246 
2991 580 32 75 30 
2992 364 329 328 458 
2993 604 400 743 747 
2994 600 599 331 328 
2995 400 303 604 743 
2996 194 340 312 313 
2997 111 738 600 705 
2998 726 709 305 246 
2999 331 108 600 328 
3000 740 665 654 416 
3001 726 234 219 248 
3002 248 726 247 249 
3003 548 516 59 612 
3004 239 255 103 647 
3005 748 743 400 747 
3006 583 734 584 737 
3007 674 385 676 805 
3008 46 37 36 647 
3009 39 517 482 830 
3010 693 692 630 644 
3011 302 734 301 737 
3012 737 744 447 740 
3013 668 701 700 376 
3014 285 274 287 286 
3015 86 87 48 306 
3016 733 731 732 829 
3017 729 732 727 829 
3018 312 311 313 72 
3019 304 246 709 168 
3020 703 600 108 328 
3021 340 266 261 194 
3022 716 733 463 829 
3023 340 266 105 339 
3024 665 414 735 405 
3025 60 117 49 830 
3026 379 289 361 738 
3027 383 387 13 749 
3028 406 405 204 693 
3029 312 311 72 223 
3030 104 661 239 194 
3031 724 601 676 820 
3032 204 693 219 726 
3033 680 448 457 449 
3034 542 734 583 446 
3035 450 701 700 417 
3036 468 467 701 679 
3037 2 3 188 577 
3038 99 142 21 428 
3039 237 298 158 828 
3040 619 45 516 479 
3041 726 248 262 738 
3042 104 239 266 194 
3043 734 583 447 737 
3044 743 400 303 748 
3045 447 734 736 446 
3046 387 751 13 749 
3047 674 676 675 698 
3048 459 251 250 470 
3049 246 709 305 304 
3050 597 540 483 312 
3051 457 680 620 468 
3052 204 693 726 404 
3053 741 743 303 746 
3054 266 239 104 103 
3055 736 414 447 446 
3056 220 203 151 205 
3057 411 398 412 296 
3058 726 738 724 820 
3059 417 701 700 668 
3060 306 48 49 310 
3061 580 75 28 30 
3062 30 28 32 75 
3063 580 32 598 75 
3064 345 47 38 346 
3065 307 331 148 826 
3066 619 217 481 100 
3067 4 573 574 388 
3068 414 736 497 446 
3069 4 132 460 388 
3070 32 76 74 75 
3071 580 32 30 598 
3072 241 380 162 240 
3073 717 111 361 369 
3074 518 30 489 490 
3075 483 540 195 312 
3076 742 737 744 741 
3077 445 494 29 580 
3078 426 580 579 253 
3079 598 32 30 490 
3080 31 30 32 490 
3081 459 409 470 408 
3082 573 5 4 574 
3083 578 29 494 580 
3084 598 30 518 490 
3085 132 460 388 133 
3086 301 303 302 741 
3087 388 577 133 573 
3088 340 104 266 194 
3089 597 661 312 194 
3090 532 533 542 734 
3091 533 532 531 734 
3092 580 598 30 518 
3093 644 692 630 653 
3094 532 736 497 531 
3095 244 71 243 349 
3096 548 619 516 612 
3097 328 331 330 364 
3098 579 580 75 235 
3099 38 37 36 46 
3100 709 170 304 168 
3101 251 250 252 459 
3102 267 313 339 359 
3103 532 497 736 446 
3104 531 532 736 734 
3105 573 4 460 388 
3106 648 453 464 466 
3107 305 246 262 707 
3108 516 31 59 612 
3109 699 732 729 829 
3110 262 246 726 707 
3111 734 542 532 446 
3112 494 445 518 580 
3113 474 76 598 612 
3114 409 70 251 470 
3115 436 243 311 359 
3116 734 532 736 446 
3117 457 448 680 468 
3118 194 37 597 624 
3119 557 736 735 497 
3120 340 261 36 194 
3121 102 188 3 577 
3122 541 542 533 734 
3123 654 405 406 693 
3124 181 611 299 300 
3125 311 243 71 349 
3126 313 340 312 339 
3127 644 654 665 406 
3128 50 60 49 521 
3129 250 484 459 470 
3130 738 262 726 707 
3131 313 267 311 359 
3132 409 471 70 470 
3133 709 726 305 707 
3134 250 252 500 224 
3135 246 305 726 707 
3136 76 32 59 258 
3137 709 170 305 304 
3138 648 77 78 466 
3139 5 573 576 574 
3140 541 543 542 734 
3141 426 6 460 577 
3142 573 460 6 577 
3143 540 223 483 195 
3144 460 573 133 577 
3145 224 500 250 297 
3146 738 226 262 707 
3147 448 680 468 449 
3148 703 108 706 328 
3149 31 32 59 76 
3150 311 71 243 436 
3151 266 105 104 340 
3152 388 460 573 133 
3153 251 326 327 409 
3154 72 71 311 436 
3155 693 204 406 404 
3156 108 369 706 328 
3157 45 31 59 516 
3158 750 742 646 645 
3159 500 224 498 297 
3160 749 745 271 283 
3161 573 6 5 577 
3162 111 706 108 369 
3163 598 31 32 490 
3164 714 704 599 715 
3165 638 698 697 721 
3166 338 266 261 260 
3167 62 61 5 443 
3168 418 700 370 376 
3169 74 76 32 598 
3170 598 74 76 474 
3171 578 573 5 577 
3172 69 311 223 540 
3173 580 518 30 489 
3174 267 436 311 359 
3175 417 700 450 418 
3176 329 703 706 328 
3177 705 108 703 600 
3178 598 603 474 612 
3179 449 282 448 450 
3180 329 706 369 328 
3181 223 311 72 540 
3182 76 31 32 598 
3183 303 604 743 739 
3184 578 5 6 577 
3185 327 70 251 409 
3186 108 705 703 706 
3187 516 598 31 612 
3188 102 3 101 579 
3189 2 3 577 579 
3190 580 579 253 235 
3191 705 108 600 111 
3192 644 654 406 693 
3193 745 551 271 283 
3194 473 580 30 489 
3195 491 647 624 488 
3196 102 426 577 579 
3197 426 578 6 577 
3198 604 303 301 739 
3199 251 250 70 327 
3200 253 579 101 235 
3201 3 102 577 579 
3202 705 108 111 706 
3203 70 327 471 409 
3204 551 271 269 745 
3205 500 484 250 297 
3206 111 717 706 369 
3207 282 448 468 449 
3208 414 736 557 497 
3209 698 674 385 721 
3210 348 244 243 349 
3211 297 484 250 327 
3212 1 3 2 101 
3213 470 409 471 408 
3214 560 483 223 195 
3215 624 647 46 488 
3216 385 697 698 721 
3217 282 701 700 450 
3218 327 326 70 471 
3219 3 2 101 579 
3220 580 473 492 489 
3221 481 619 516 479 
3222 471 327 326 409 
3223 405 665 654 406 
3224 47 46 38 488 
3225 348 245 244 326 
3226 574 576 61 575 
3227 560 483 498 223 
3228 484 70 250 327 
3229 101 2 1 579 
3230 579 598 603 75 
3231 43 498 42 560 
3232 579 598 75 580 
3233 492 473 44 489 
3234 283 745 551 284 
3235 560 483 500 498 
3236 489 472 492 445 
3237 62 473 472 29 
3238 266 267 105 339 
3239 21 481 20 100 
3240 310 49 306 117 
3241 737 739 301 741 
3242 630 750 752 631 
3243 630 752 511 631 
3244 630 750 510 752 
3245 406 693 630 644 
3246 717 111 706 738 
3247 738 705 707 600 
3248 707 706 738 717 
3249 703 329 713 458 
3250 373 375 138 696 
3251 355 298 354 319 
3252 245 243 360 348 
3253 409 410 471 408 
3254 638 418 700 370 
3255 376 371 334 370 
3256 630 752 510 511 
3257 139 138 140 373 
3258 631 406 630 644 
3259 411 23 412 398 
3260 518 516 598 490 
3261 360 339 359 267 
3262 701 332 672 762 
3263 226 175 110 785 
3264 347 345 346 47 
3265 346 345 347 352 
3266 346 487 347 47 
3267 347 487 346 352 
3268 762 701 334 722 
3269 762 334 701 332 
3270 815 287 277 778 
3271 815 277 287 286 
3272 558 395 783 720 
3273 558 783 395 523 
3274 700 638 722 721 
3275 722 638 700 370 
3276 812 513 659 758 
3277 812 659 513 512 
3278 597 194 43 37 
3279 195 43 194 37 
3280 774 823 761 770 
3281 761 823 774 753 
3282 459 500 250 252 
3283 459 250 500 484 
3284 759 769 453 800 
3285 453 769 759 816 
3286 453 441 759 800 
3287 823 570 768 810 
3288 823 768 570 594 
3289 146 793 116 19 
3290 116 793 146 766 
3291 793 114 116 19 
3292 116 114 793 766 
3293 793 161 114 19 
3294 114 161 793 766 
3295 440 800 333 441 
3296 24 218 758 25 
3297 758 218 24 141 
3298 819 726 820 234 
3299 819 820 726 724 
3300 822 435 476 765 
3301 822 476 435 434 
3302 213 214 817 212 
3303 817 214 213 73 
3304 164 163 769 79 
3305 164 769 163 198 
3306 776 208 103 255 
3307 381 134 790 499 
3308 790 134 381 135 
3309 426 133 577 460 
3310 577 133 426 102 
3311 811 216 798 215 
3312 811 798 216 772 
3313 180 798 216 215 
3314 180 216 798 772 
3315 103 776 80 81 
3316 80 776 103 255 
3317 723 558 783 720 
3318 723 783 558 524 
3319 813 159 766 793 
3320 813 766 159 321 
3321 590 595 803 588 
3322 590 803 595 695 
3323 781 803 595 588 
3324 781 595 803 695 
3325 822 754 804 792 
3326 822 804 754 771 
3327 797 461 791 462 
3328 797 791 461 787 
3329 78 294 637 293 
3330 78 637 294 466 
3331 504 505 799 506 
3332 504 799 505 621 
3333 799 662 534 536 
3334 534 662 799 792 
3335 534 535 799 536 
3336 799 535 534 792 
3337 710 805 816 586 
3338 816 805 710 784 
3339 825 424 823 572 
3340 825 823 424 770 
3341 546 823 424 572 
3342 762 678 670 673 
3343 762 670 678 827 
3344 472 473 445 29 
3345 472 445 473 492 
3346 580 445 473 29 
3347 580 473 445 492 
3348 816 367 805 522 
3349 371 805 367 522 
3350 831 790 817 146 
3351 831 817 790 760 
3352 17 778 280 288 
3353 280 778 17 145 
3354 791 391 757 392 
3355 791 757 391 787 
3356 794 757 391 392 
3357 794 391 757 787 
3358 490 489 31 30 
3359 490 31 489 44 
3360 473 31 489 30 
3361 473 489 31 44 
3362 636 768 570 810 
3363 371 441 805 522 
3364 371 805 441 762 
3365 759 441 805 762 
3366 816 140 696 769 
3367 816 696 140 138 
3368 586 367 805 816 
3369 371 805 722 639 
3370 722 805 371 762 
3371 442 68 789 67 
3372 442 789 68 779 
3373 769 94 800 780 
3374 92 800 94 780 
3375 632 635 810 655 
3376 632 810 635 636 
3377 815 292 129 210 
3378 815 129 292 785 
3379 827 403 419 800 
3380 827 419 403 402 
3381 564 605 770 616 
3382 770 605 564 425 
3383 430 634 768 607 
3384 768 634 430 429 
3385 826 109 130 785 
3386 826 130 109 148 
3387 828 380 355 240 
3388 828 355 380 780 
3389 161 18 793 236 
3390 161 793 18 19 
3391 422 556 776 547 
3392 422 776 556 513 
3393 758 776 556 547 
3394 758 556 776 513 
3395 432 84 801 544 
3396 432 801 84 779 
3397 813 129 130 128 
3398 813 130 129 785 
3399 693 644 797 692 
3400 693 797 644 654 
3401 653 797 644 692 
3402 653 644 797 654 
3403 305 304 289 246 
3404 289 304 305 379 
3405 792 438 656 786 
3406 792 656 438 525 
3407 797 693 205 654 
3408 797 205 693 219 
3409 204 205 693 654 
3410 204 693 205 219 
3411 334 469 701 332 
3412 334 701 469 376 
3413 668 469 701 376 
3414 832 487 352 346 
3415 832 352 487 777 
3416 547 619 776 548 
3417 547 776 619 217 
3418 219 797 819 693 
3419 819 797 219 220 
3420 819 234 219 693 
3421 219 234 819 220 
3422 544 397 801 432 
3423 801 397 544 783 
3424 695 694 781 595 
3425 695 781 694 688 
3426 825 454 770 424 
3427 825 770 454 803 
3428 310 306 783 315 
3429 826 350 813 308 
3430 826 813 350 796 
3431 787 629 625 627 
3432 182 797 151 205 
3433 151 797 182 184 
3434 397 783 394 719 
3435 361 111 738 289 
3436 361 738 111 717 
3437 583 627 807 584 
3438 807 627 583 553 
3439 268 216 824 238 
3440 268 824 216 16 
3441 498 297 484 500 
3442 484 483 498 500 
3443 229 783 228 395 
3444 512 256 776 80 
3445 776 256 512 513 
3446 804 88 758 431 
3447 804 758 88 296 
3448 411 758 88 431 
3449 411 88 758 296 
3450 828 826 350 796 
3451 334 370 700 376 
3452 700 370 334 722 
3453 700 701 334 376 
3454 334 701 700 722 
3455 783 720 394 719 
3456 780 123 93 92 
3457 51 93 123 92 
3458 401 677 762 666 
3459 401 762 677 672 
3460 343 611 357 358 
3461 264 265 611 530 
3462 611 264 357 358 
3463 667 787 391 509 
3464 786 58 609 68 
3465 786 609 58 617 
3466 285 273 785 292 
3467 785 273 285 274 
3468 751 752 13 748 
3469 751 13 752 511 
3470 783 324 821 322 
3471 783 821 324 314 
3472 341 324 821 314 
3473 711 816 585 710 
3474 585 816 711 718 
3475 276 514 778 287 
3476 276 778 514 225 
3477 589 452 803 591 
3478 803 452 589 559 
3479 146 817 178 790 
3480 177 147 767 143 
3481 767 147 177 197 
3482 96 482 830 97 
3483 830 482 96 517 
3484 596 582 794 509 
3485 596 794 582 803 
3486 264 183 611 265 
3487 611 183 264 358 
3488 739 604 269 270 
3489 750 645 630 653 
3490 750 630 645 631 
3491 644 630 645 653 
3492 644 645 630 631 
3493 184 150 797 507 
3494 797 150 184 151 
3495 769 94 153 480 
3496 769 153 94 380 
3497 477 153 94 480 
3498 477 94 153 380 
3499 477 316 152 154 
3500 152 316 477 241 
3501 152 153 477 154 
3502 226 600 785 110 
3503 785 600 226 820 
3504 578 62 6 5 
3505 29 6 62 5 
3506 95 228 783 96 
3507 95 783 228 229 
3508 777 119 830 118 
3509 777 830 119 377 
3510 366 586 371 639 
3511 366 371 586 367 
3512 805 371 586 639 
3513 805 586 371 367 
3514 704 599 328 331 
3515 807 737 447 583 
3516 807 447 737 744 
3517 333 332 762 421 
3518 333 762 332 334 
3519 780 380 353 355 
3520 780 353 380 94 
3521 811 196 206 197 
3522 811 206 196 225 
3523 381 790 817 503 
3524 817 790 381 178 
3525 817 254 381 503 
3526 381 254 817 178 
3527 710 805 639 697 
3528 639 805 710 586 
3529 710 702 639 586 
3530 355 828 319 796 
3531 355 319 828 298 
3532 350 319 828 796 
3533 350 828 319 298 
3534 45 548 516 59 
3535 516 548 45 619 
3536 469 672 701 332 
3537 469 701 672 668 
3538 588 589 803 590 
3539 803 589 588 592 
3540 258 612 76 474 
3541 76 612 258 59 
3542 535 455 773 539 
3543 535 773 455 456 
3544 476 127 765 54 
3545 765 127 476 485 
3546 69 327 484 297 
3547 69 484 327 70 
3548 728 90 789 91 
3549 728 789 90 727 
3550 826 600 763 599 
3551 826 763 600 820 
3552 601 763 600 599 
3553 601 600 763 820 
3554 746 303 807 748 
3555 746 807 303 741 
3556 639 722 370 638 
3557 370 722 639 371 
3558 370 366 639 638 
3559 639 366 370 371 
3560 594 636 768 570 
3561 768 636 594 634 
3562 598 74 75 32 
3563 830 118 60 117 
3564 119 60 118 117 
3565 660 786 799 656 
3566 799 786 660 669 
3567 799 664 660 656 
3568 660 664 799 669 
3569 635 407 768 190 
3570 635 768 407 634 
3571 201 2 75 1 
3572 579 2 75 581 
3573 579 75 2 1 
3574 249 709 204 726 
3575 249 204 709 169 
3576 19 17 793 18 
3577 793 17 19 202 
3578 46 38 647 36 
3579 46 647 38 488 
3580 208 647 38 36 
3581 208 38 647 488 
3582 527 650 792 552 
3583 792 650 527 651 
3584 723 87 783 524 
3585 723 783 87 318 
3586 422 258 474 548 
3587 584 737 807 583 
3588 805 467 781 762 
3589 805 781 467 385 
3590 187 178 817 213 
3591 187 817 178 146 
3592 20 479 776 481 
3593 776 479 20 486 
3594 38 346 832 208 
3595 832 346 38 47 
3596 832 776 488 208 
3597 38 832 488 208 
3598 488 832 38 47 
3599 262 247 726 246 
3600 262 726 247 248 
3601 111 226 738 289 
3602 111 738 226 600 
3603 633 65 825 64 
3604 633 825 65 683 
3605 732 463 829 699 
3606 829 463 732 733 
3607 72 69 311 71 
3608 311 69 72 540 
3609 686 383 749 387 
3610 686 749 383 384 
3611 385 698 805 674 
3612 385 805 698 697 
3613 676 805 698 674 
3614 825 571 64 465 
3615 825 64 571 633 
3616 784 714 704 599 
3617 784 704 714 702 
3618 314 783 306 315 
3619 616 587 808 564 
3620 808 587 616 618 
3621 421 762 800 403 
3622 800 762 421 333 
3623 800 440 421 403 
3624 421 440 800 333 
3625 540 312 223 195 
3626 223 312 540 72 
3627 816 368 586 367 
3628 816 586 368 585 
3629 366 586 368 367 
3630 366 368 586 585 
3631 324 342 821 322 
3632 324 821 342 341 
3633 215 238 788 216 
3634 788 238 215 242 
3635 267 72 311 436 
3636 267 311 72 313 
3637 647 37 624 46 
3638 228 783 520 523 
3639 141 142 777 185 
3640 777 142 141 97 
3641 540 661 312 597 
3642 312 661 540 72 
3643 663 667 787 391 
3644 663 787 667 506 
3645 625 787 506 629 
3646 118 310 830 325 
3647 118 830 310 117 
3648 21 41 777 22 
3649 21 777 41 428 
3650 257 422 255 258 
3651 257 255 422 256 
3652 776 255 422 258 
3653 776 422 255 256 
3654 427 666 827 670 
3655 827 666 427 402 
3656 286 211 815 290 
3657 815 211 286 210 
3658 395 394 783 720 
3659 395 783 394 229 
3660 624 647 194 37 
3661 194 104 312 340 
3662 194 312 104 661 
3663 243 359 267 360 
3664 267 359 243 436 
3665 239 597 194 661 
3666 784 458 702 713 
3667 703 702 458 713 
3668 402 827 762 403 
3669 762 827 402 666 
3670 762 401 402 403 
3671 402 401 762 666 
3672 449 417 701 450 
3673 701 417 449 668 
3674 489 445 580 518 
3675 489 580 445 492 
3676 603 201 474 602 
3677 266 103 105 338 
3678 105 103 266 104 
3679 784 711 458 713 
3680 718 458 711 713 
3681 283 384 686 420 
3682 283 686 384 749 
3683 319 351 813 350 
3684 813 351 319 321 
3685 813 766 319 350 
3686 319 766 813 321 
3687 227 187 831 212 
3688 831 187 227 186 
3689 578 580 6 29 
3690 578 6 580 426 
3691 312 339 104 661 
3692 339 104 267 105 
3693 267 104 436 105 
3694 494 445 443 444 
3695 494 443 445 472 
3696 250 470 70 484 
3697 70 470 250 251 
3698 574 5 61 576 
3699 359 243 349 360 
3700 359 349 243 311 
3701 69 223 483 540 
3702 427 190 827 189 
3703 827 190 427 655 
3704 612 31 76 598 
3705 612 76 31 59 
3706 630 750 692 510 
3707 630 692 750 653 
3708 791 692 750 510 
3709 791 750 692 653 
3710 6 4 573 5 
3711 6 573 4 460 
3712 195 312 597 483 
3713 385 805 722 467 
3714 647 597 194 239 
3715 647 194 597 624 
3716 253 102 579 426 
3717 253 579 102 101 
3718 420 595 781 694 
3719 781 595 420 384 
3720 560 195 597 483 
3721 738 289 707 379 
3722 738 707 289 226 
3723 494 472 29 578 
3724 29 472 494 445 
3725 222 195 498 223 
3726 222 498 195 42 
3727 560 498 195 223 
3728 560 195 498 42 
3729 119 347 777 377 
3730 119 777 347 337 
3731 516 490 31 598 
3732 376 417 700 668 
3733 376 700 417 418 
3734 599 705 703 600 
3735 703 705 599 704 
3736 703 328 599 600 
3737 599 328 703 704 
3738 131 102 188 3 
3739 94 106 780 353 
3740 94 780 106 93 
3741 10 26 817 9 
3742 10 817 26 27 
3743 53 51 768 52 
3744 53 768 51 107 
3745 420 389 283 384 
3746 420 283 389 271 
3747 749 283 389 384 
3748 749 389 283 271 
3749 734 740 447 736 
3750 447 740 734 737 
3751 660 438 786 656 
3752 786 438 660 610 
3753 384 588 781 595 
3754 384 781 588 383 
3755 749 271 747 389 
3756 749 747 271 745 
3757 495 433 765 435 
3758 495 765 433 615 
3759 4 388 475 132 
3760 575 475 388 132 
3761 61 444 5 443 
3762 61 5 444 576 
3763 29 30 580 28 
3764 29 580 30 473 
3765 8 9 802 7 
3766 8 802 9 10 
3767 649 618 808 616 
3768 649 808 618 614 
3769 75 101 579 235 
3770 75 579 101 1 
3771 652 659 812 512 
3772 652 812 659 658 
3773 258 422 76 257 
3774 258 76 422 474 
3775 74 76 422 257 
3776 74 422 76 474 
3777 526 438 792 439 
3778 526 792 438 525 
3779 167 485 821 165 
3780 167 821 485 193 
3781 155 156 772 15 
3782 155 772 156 192 
3783 238 212 831 268 
3784 238 831 212 227 
3785 322 336 821 325 
3786 322 821 336 342 
3787 39 60 830 40 
3788 830 60 39 517 
3789 39 830 777 41 
3790 777 830 39 482 
3791 777 428 39 41 
3792 39 428 777 482 
3793 521 830 783 96 
3794 783 228 521 96 
3795 521 228 783 520 
3796 557 519 414 501 
3797 557 414 519 735 
3798 414 519 265 501 
3799 414 265 519 735 
3800 265 519 264 501 
3801 295 296 779 57 
3802 295 779 296 399 
3803 741 739 303 743 
3804 741 303 739 301 
3805 741 646 807 742 
3806 741 807 646 746 
3807 736 665 414 557 
3808 344 357 396 343 
3809 611 357 344 343 
3810 300 344 611 530 
3811 170 404 169 709 
3812 170 169 404 299 
3813 599 675 784 715 
3814 599 784 675 601 
3815 805 675 784 601 
3816 307 298 826 350 
3817 307 826 298 237 
3818 828 826 298 350 
3819 828 298 826 237 
3820 321 160 766 159 
3821 321 766 160 320 
3822 362 335 766 320 
3823 766 335 362 363 
3824 135 365 790 136 
3825 33 7 802 9 
3826 33 802 7 567 
3827 409 245 471 410 
3828 409 471 245 326 
3829 643 8 802 7 
3830 643 802 8 618 
3831 244 471 245 410 
3832 686 284 282 283 
3833 551 271 284 550 
3834 271 620 284 550 
3835 689 688 781 695 
3836 781 688 689 685 
3837 781 803 689 695 
3838 689 803 781 685 
3839 468 282 284 448 
3840 468 284 282 686 
3841 550 457 284 448 
3842 457 468 284 448 
3843 687 679 781 680 
3844 687 781 679 682 
3845 816 522 453 356 
3846 648 453 522 356 
3847 648 522 453 441 
3848 403 437 800 440 
3849 403 800 437 419 
3850 730 515 829 120 
3851 730 829 515 699 
3852 597 37 46 624 
3853 46 37 597 43 
3854 46 560 597 624 
3855 597 560 46 43 
3856 135 363 790 365 
3857 135 790 363 335 
3858 766 790 363 365 
3859 766 363 790 335 
3860 510 691 791 692 
3861 510 791 691 819 
3862 797 791 691 692 
3863 797 691 791 819 
3864 515 463 767 508 
3865 515 767 463 829 
3866 776 81 812 80 
3867 776 812 81 832 
3868 416 797 653 462 
3869 653 797 416 654 
3870 394 398 783 397 
3871 783 398 394 23 
3872 721 639 805 697 
3873 805 639 721 722 
3874 805 385 721 697 
3875 721 385 805 722 
3876 647 103 194 261 
3877 647 194 103 239 
3878 266 194 103 261 
3879 266 103 194 239 
3880 642 791 787 625 
3881 787 791 642 663 
3882 787 506 642 625 
3883 642 506 787 663 
3884 479 490 45 516 
3885 479 45 490 44 
3886 31 45 490 516 
3887 31 490 45 44 
3888 697 784 715 714 
3889 743 604 269 739 
3890 87 86 783 306 
3891 87 783 86 318 
3892 314 783 86 306 
3893 11 389 749 747 
3894 749 389 11 382 
3895 749 751 11 747 
3896 11 751 749 382 
3897 747 271 11 389 
3898 270 11 271 389 
3899 317 86 783 318 
3900 317 783 86 314 
3901 210 285 815 292 
3902 210 815 285 286 
3903 785 815 285 292 
3904 785 285 815 286 
3905 745 743 604 269 
3906 745 604 743 747 
3907 11 604 745 747 
3908 271 11 745 747 
3909 194 195 597 43 
3910 597 195 194 312 
3911 76 75 253 235 
3912 580 75 253 28 
3913 580 253 75 235 
3914 75 32 253 28 
3915 253 32 75 76 
3916 208 103 832 776 
3917 208 832 103 260 
3918 81 832 103 776 
3919 81 103 832 260 
3920 104 72 267 436 
3921 762 673 761 678 
3922 762 761 673 781 
3923 684 761 673 678 
3924 684 673 761 781 
3925 79 293 637 769 
3926 637 293 79 78 
3927 79 466 637 78 
3928 464 79 637 769 
3929 464 637 79 466 
3930 545 823 423 546 
3931 545 423 823 770 
3932 424 423 823 546 
3933 424 823 423 770 
3934 110 600 108 111 
3935 108 785 600 110 
3936 600 785 108 826 
3937 477 380 152 241 
3938 152 380 477 153 
3939 36 194 647 37 
3940 36 647 194 261 
3941 800 637 94 769 
3942 800 94 637 92 
3943 480 94 637 769 
3944 480 637 94 92 
3945 305 707 289 379 
3946 327 70 71 69 
3947 71 311 327 69 
3948 311 244 327 326 
3949 311 327 244 71 
3950 70 327 244 326 
3951 70 244 327 71 
3952 48 783 306 87 
3953 48 306 783 310 
3954 807 737 302 741 
3955 807 626 737 584 
3956 807 737 626 302 
3957 734 737 626 584 
3958 734 626 737 302 
3959 484 483 297 498 
3960 484 297 483 69 
3961 223 297 483 498 
3962 223 483 297 69 
3963 123 51 780 93 
3964 780 51 123 279 
3965 714 784 710 697 
3966 714 710 784 702 
3967 639 714 710 697 
3968 639 710 714 702 
3969 640 714 639 697 
3970 640 639 714 702 
3971 797 200 151 203 
3972 149 151 797 200 
3973 149 797 151 150 
3974 62 29 578 6 
3975 578 29 62 472 
3976 603 602 75 201 
3977 603 75 602 581 
3978 2 75 602 201 
3979 2 602 75 581 
3980 181 611 404 299 
3981 404 204 181 299 
3982 405 404 181 611 
3983 204 405 404 181 
3984 404 405 204 406 
3985 119 60 830 118 
3986 830 60 119 40 
3987 344 181 611 343 
3988 344 611 181 300 
3989 356 769 163 77 
3990 199 816 163 368 
3991 199 163 816 769 
3992 356 163 816 368 
3993 356 816 163 769 
3994 488 832 487 776 
3995 487 832 488 47 
3996 745 604 271 269 
3997 745 271 604 11 
3998 270 271 604 269 
3999 270 604 271 11 
4000 805 698 675 676 
4001 805 675 698 697 
4002 598 474 201 74 
4003 201 474 598 603 
4004 201 75 598 74 
4005 598 75 201 603 
4006 283 271 284 551 
4007 267 313 312 339 
4008 267 312 313 72 
4009 661 267 312 339 
4010 661 312 267 72 
4011 104 267 661 339 
4012 104 661 267 72 
4013 703 702 328 458 
4014 328 702 703 704 
4015 702 331 328 458 
4016 328 331 702 704 
4017 702 784 331 458 
4018 331 784 702 704 
4019 718 458 784 711 
4020 784 458 718 375 
4021 784 816 718 711 
4022 718 816 784 375 
4023 6 580 28 29 
4024 28 426 580 6 
4025 580 426 28 253 
4026 339 104 340 312 
4027 339 340 104 105 
4028 5 443 578 62 
4029 5 578 443 444 
4030 494 443 578 444 
4031 443 472 578 62 
4032 578 472 443 494 
4033 195 43 560 597 
4034 560 43 195 42 
4035 226 246 305 289 
4036 305 246 226 262 
4037 305 707 226 289 
4038 226 707 305 262 
4039 388 131 577 188 
4040 388 577 131 133 
4041 102 577 131 188 
4042 102 131 577 133 
4043 388 575 4 475 
4044 4 575 388 574 
4045 575 5 4 475 
4046 4 5 575 574 
4047 575 61 5 475 
4048 5 61 575 574 
4049 783 521 49 830 
4050 49 521 783 520 
4051 49 310 783 830 
4052 783 310 49 520 
4053 265 519 530 264 
4054 530 519 265 735 
4055 736 665 416 414 
4056 416 665 736 740 
4057 416 447 736 414 
4058 736 447 416 740 
4059 344 611 264 357 
4060 264 611 344 530 
4061 264 396 344 357 
4062 344 396 264 530 
4063 675 784 697 805 
4064 675 697 784 715 
4065 244 326 471 70 
4066 471 326 244 245 
4067 457 284 620 550 
4068 620 686 283 284 
4069 283 686 620 420 
4070 283 271 620 284 
4071 620 271 283 420 
4072 468 284 620 457 
4073 468 620 284 686 
4074 805 522 759 816 
4075 805 759 522 441 
4076 453 759 522 816 
4077 453 522 759 441 
$EndElements
