$MeshFormat
4.1 0 8
$EndMeshFormat
$Entities
0 0 1 1
1 -0.9571939706802368 0 -0.6381289958953857 1.094272971153259 1.005053997039795 0.6381289958953857 0 0 
1 -0.9571939706802368 0 -0.6381289958953857 1.094272971153259 1.005053997039795 0.6381289958953857 0 1 1 
$EndEntities
$Nodes
2 1375 1 1375
2 1 0 1232
1
2
3
4
5
6
7
8
9
10
11
12
13
14
15
16
17
18
19
20
21
22
23
24
25
26
27
28
29
30
31
32
33
34
35
36
37
38
39
40
41
42
43
44
45
46
47
48
49
50
51
52
53
54
55
56
57
58
59
60
61
62
63
64
65
66
67
68
69
70
71
72
73
74
75
76
77
78
79
80
81
82
83
84
85
86
87
88
89
90
91
92
93
94
95
96
97
98
99
100
101
102
103
104
105
106
107
108
109
110
111
112
113
114
115
116
117
118
119
120
121
122
123
124
125
126
127
128
129
130
131
132
133
134
135
136
137
138
139
140
141
142
143
144
145
146
147
148
149
150
151
152
153
154
155
156
157
158
159
160
161
162
163
164
165
166
167
168
169
170
171
172
173
174
175
176
177
178
179
180
181
182
183
184
185
186
187
188
189
190
191
192
193
194
195
196
197
198
199
200
201
202
203
204
205
206
207
208
209
210
211
212
213
214
215
216
217
218
219
220
221
222
223
224
225
226
227
228
229
230
231
232
233
234
235
236
237
238
239
240
241
242
243
244
245
246
247
248
249
250
251
252
253
254
255
256
257
258
259
260
261
262
263
264
265
266
267
268
269
270
271
272
273
274
275
276
277
278
279
280
281
282
283
284
285
286
287
288
289
290
291
292
293
294
295
296
297
298
299
300
301
302
303
304
305
306
307
308
309
310
311
312
313
314
315
316
317
318
319
320
321
322
323
324
325
326
327
328
329
330
331
332
333
334
335
336
337
338
339
340
341
342
343
344
345
346
347
348
349
350
351
352
353
354
355
356
357
358
359
360
361
362
363
364
365
366
367
368
369
370
371
372
373
374
375
376
377
378
379
380
381
382
383
384
385
386
387
388
389
390
391
392
393
394
395
396
397
398
399
400
401
402
403
404
405
406
407
408
409
410
411
412
413
414
415
416
417
418
419
420
421
422
423
424
425
426
427
428
429
430
431
432
433
434
435
436
437
438
439
440
441
442
443
444
445
446
447
448
449
450
451
452
453
454
455
456
457
458
459
460
461
462
463
464
465
466
467
468
469
470
471
472
473
474
475
476
477
478
479
480
481
482
483
484
485
486
487
488
489
490
491
492
493
494
495
496
497
498
499
500
501
502
503
504
505
506
507
508
509
510
511
512
513
514
515
516
517
518
519
520
521
522
523
524
525
526
527
528
529
530
531
532
533
534
535
536
537
538
539
540
541
542
543
544
545
546
547
548
549
550
551
552
553
554
555
556
557
558
559
560
561
562
563
564
565
566
567
568
569
570
571
572
573
574
575
576
577
578
579
580
581
582
583
584
585
586
587
588
589
590
591
592
593
594
595
596
597
598
599
600
601
602
603
604
605
606
607
608
609
610
611
612
613
614
615
616
617
618
619
620
621
622
623
624
625
626
627
628
629
630
631
632
633
634
635
636
637
638
639
640
641
642
643
644
645
646
647
648
649
650
651
652
653
654
655
656
657
658
659
660
661
662
663
664
665
666
667
668
669
670
671
672
673
674
675
676
677
678
679
680
681
682
683
684
685
686
687
688
689
690
691
692
693
694
695
696
697
698
699
700
701
702
703
704
705
706
707
708
709
710
711
712
713
714
715
716
717
718
719
720
721
722
723
724
725
726
727
728
729
730
731
732
733
734
735
736
737
738
739
740
741
742
743
744
745
746
747
748
749
750
751
752
753
754
755
756
757
758
759
760
761
762
763
764
765
766
767
768
769
770
771
772
773
774
775
776
777
778
779
780
781
782
783
784
785
786
787
788
789
790
791
792
793
794
795
796
797
798
799
800
801
802
803
804
805
806
807
808
809
810
811
812
813
814
815
816
817
818
819
820
821
822
823
824
825
826
827
828
829
830
831
832
833
834
835
836
837
838
839
840
841
842
843
844
845
846
847
848
849
850
851
852
853
854
855
856
857
858
859
860
861
862
863
864
865
866
867
868
869
870
871
872
873
874
875
876
877
878
879
880
881
882
883
884
885
886
887
888
889
890
891
892
893
894
895
896
897
898
899
900
901
902
903
904
905
906
907
908
909
910
911
912
913
914
915
916
917
918
919
920
921
922
923
924
925
926
927
928
929
930
931
932
933
934
935
936
937
938
939
940
941
942
943
944
945
946
947
948
949
950
951
952
953
954
955
956
957
958
959
960
961
962
963
964
965
966
967
968
969
970
971
972
973
974
975
976
977
978
979
980
981
982
983
984
985
986
987
988
989
990
991
992
993
994
995
996
997
998
999
1000
1001
1002
1003
1004
1005
1006
1007
1008
1009
1010
1011
1012
1013
1014
1015
1016
1017
1018
1019
1020
1021
1022
1023
1024
1025
1026
1027
1028
1029
1030
1031
1032
1033
1034
1035
1036
1037
1038
1039
1040
1041
1042
1043
1044
1045
1046
1047
1048
1049
1050
1051
1052
1053
1054
1055
1056
1057
1058
1059
1060
1061
1062
1063
1064
1065
1066
1067
1068
1069
1070
1071
1072
1073
1074
1075
1076
1077
1078
1079
1080
1081
1082
1083
1084
1085
1086
1087
1088
1089
1090
1091
1092
1093
1094
1095
1096
1097
1098
1099
1100
1101
1102
1103
1104
1105
1106
1107
1108
1109
1110
1111
1112
1113
1114
1115
1116
1117
1118
1119
1120
1121
1122
1123
1124
1125
1126
1127
1128
1129
1130
1131
1132
1133
1134
1135
1136
1137
1138
1139
1140
1141
1142
1143
1144
1145
1146
1147
1148
1149
1150
1151
1152
1153
1154
1155
1156
1157
1158
1159
1160
1161
1162
1163
1164
1165
1166
1167
1168
1169
1170
1171
1172
1173
1174
1175
1176
1177
1178
1179
1180
1181
1182
1183
1184
1185
1186
1187
1188
1189
1190
1191
1192
1193
1194
1195
1196
1197
1198
1199
1200
1201
1202
1203
1204
1205
1206
1207
1208
1209
1210
1211
1212
1213
1214
1215
1216
1217
1218
1219
1220
1221
1222
1223
1224
1225
1226
1227
1228
1229
1230
1231
1232
-0.5087140202522278 0.6821119785308838 0.07171200215816498
-0.5175930261611938 0.6646609902381897 0.06381300091743469
-0.4998820126056671 0.6821119785308838 0.1391219943761826
-0.7007619738578796 0.6434479951858521 0
-0.6140530109405518 0.6457740068435669 0
-0.6148499846458435 0.6510670185089111 0.03988299891352654
-0.7039999961853027 0.6485689878463745 0.03988299891352654
-0.769743025302887 0.6371309757232666 0
-0.7747660279273987 0.6417859792709351 0.03988299891352654
-0.8201140165328979 0.6248340010643005 0
-0.8263289928436279 0.6285759806632996 0.03988299891352654
-0.8509870171546936 0.6045600175857544 0
-0.857869029045105 0.6068000197410583 0.03988299891352654
-0.8614739775657654 0.5743160247802734 0
-0.8685640096664429 0.5743160247802734 0.03988299891352654
-0.5267059803009033 0.6513620018959045 0.03988299891352654
-0.6168479919433594 0.6642990112304688 0.06381300091743469
-0.7120950222015381 0.6613699793815613 0.06381300091743469
-0.7873209714889526 0.653419017791748 0.06381300091743469
-0.841867983341217 0.6379309892654419 0.06381300091743469
-0.8750759959220886 0.6124029755592346 0.06381300091743469
-0.8862919807434082 0.5743160247802734 0.06381300091743469
-0.6194450259208679 0.6815029978752136 0.07179000228643417
-0.7226210236549377 0.6780120134353638 0.07179000228643417
-0.8036440014839172 0.6685389876365662 0.07179000228643417
-0.8620650172233582 0.6500939726829529 0.07179000228643417
-0.8974429965019226 0.6196839809417725 0.07179000228643417
-0.9093340039253235 0.5743160247802734 0.07179000228643417
-0.4617570042610168 0.7657549977302551 -0.1285119950771332
-0.4985300004482269 0.7124980092048645 -0.03988299891352654
-0.4785969853401184 0.7657549977302551 0
-0.6220390200614929 0.6987040042877197 0.06381300091743469
-0.7331500053405762 0.6946550011634827 0.06381300091743469
-0.8199669718742371 0.683663010597229 0.06381300091743469
-0.8822649717330933 0.6622570157051086 0.06381300091743469
-0.919812023639679 0.6269649863243103 0.06381300091743469
-0.9323769807815552 0.5743160247802734 0.06381300091743469
-0.5012549757957458 0.7177919745445251 0
-0.4985300004482269 0.7124980092048645 0.03988299891352654
-0.6240360140800476 0.7119380235671997 0.03988299891352654
-0.7412449717521667 0.7074559926986694 0.03988299891352654
-0.832522988319397 0.6952959895133972 0.03988299891352654
-0.8978000283241272 0.671612024307251 0.03988299891352654
-0.9370160102844238 0.6325650215148926 0.03988299891352654
-0.9501039981842041 0.5743160247802734 0.03988299891352654
-0.6240360140800476 0.7119380235671997 -0.03988299891352654
-0.6248340010643005 0.7172319889068604 0
-0.7444829940795898 0.7125769853591919 0
-0.8375449776649475 0.6999480128288269 0
-0.9040150046348572 0.67535400390625 0
-0.9438989758491516 0.6348050236701965 0
-0.9571939706802368 0.5743160247802734 0
-0.4998820126056671 0.6821119785308838 -0.1391219943761826
-0.5554080009460449 0.5991330146789551 0
-0.5267059803009033 0.6513620018959045 -0.03988299891352654
-0.7412449717521667 0.7074559926986694 -0.03988299891352654
-0.832522988319397 0.6952959895133972 -0.03988299891352654
-0.8978000283241272 0.671612024307251 -0.03988299891352654
-0.9370160102844238 0.6325650215148926 -0.03988299891352654
-0.9501039981842041 0.5743160247802734 -0.03988299891352654
-0.5016660094261169 0.6992210149765015 -0.06381300091743469
-0.5087140202522278 0.6821119785308838 -0.07171200215816498
-0.6220390200614929 0.6987040042877197 -0.06381300091743469
-0.7331500053405762 0.6946550011634827 -0.06381300091743469
-0.8199669718742371 0.683663010597229 -0.06381300091743469
-0.8822649717330933 0.6622570157051086 -0.06381300091743469
-0.919812023639679 0.6269649863243103 -0.06381300091743469
-0.9323769807815552 0.5743160247802734 -0.06381300091743469
-0.5175930261611938 0.6646609902381897 -0.06381300091743469
-0.6148499846458435 0.6510670185089111 -0.03988299891352654
-0.6168479919433594 0.6642990112304688 -0.06381300091743469
-0.6194450259208679 0.6815029978752136 -0.07179000228643417
-0.7226210236549377 0.6780120134353638 -0.07179000228643417
-0.8036440014839172 0.6685389876365662 -0.07179000228643417
-0.8620650172233582 0.6500939726829529 -0.07179000228643417
-0.8974429965019226 0.6196839809417725 -0.07179000228643417
-0.9093340039253235 0.5743160247802734 -0.07179000228643417
-0.5016670227050781 0.6992210149765015 0.06381300091743469
-0.7120950222015381 0.6613699793815613 -0.06381300091743469
-0.7873209714889526 0.653419017791748 -0.06381300091743469
-0.841867983341217 0.6379309892654419 -0.06381300091743469
-0.8750759959220886 0.6124029755592346 -0.06381300091743469
-0.8862919807434082 0.5743160247802734 -0.06381300091743469
-0.5358660221099854 0.5991330146789551 0.1491370052099228
-0.7039999961853027 0.6485689878463745 -0.03988299891352654
-0.7747660279273987 0.6417859792709351 -0.03988299891352654
-0.8263289928436279 0.6285759806632996 -0.03988299891352654
-0.857869029045105 0.6068000197410583 -0.03988299891352654
-0.8685640096664429 0.5743160247802734 -0.03988299891352654
-0.5343289971351624 0.6460300087928772 0
-0.8560090065002441 0.5331029891967773 0
-0.8628079891204834 0.5309169888496399 0.03988299891352654
-0.8390219807624817 0.4839160144329071 0
-0.844976007938385 0.4803040027618408 0.03988299891352654
-0.8096259832382202 0.4307369887828827 0
-0.8142049908638 0.4261940121650696 0.03988299891352654
-0.7669360041618347 0.3775590062141418 0
-0.7696509957313538 0.3723070025444031 0.03988299891352654
-0.710066020488739 0.3283720016479492 0
-0.7104550004005432 0.3223609924316406 0.03988299891352654
-0.6381289958953857 0.2871580123901367 0
-0.6311839818954468 0.2775689959526062 0.03988299891352654
-0.8798109889030457 0.5254480242729187 0.06381300091743469
-0.859853982925415 0.4712780117988586 0.06381300091743469
-0.8256530165672302 0.4148379862308502 0.06381300091743469
-0.7764340043067932 0.3591769933700562 0.06381300091743469
-0.7114250063896179 0.3073320090770721 0.06381300091743469
-0.6248279809951782 0.2595990002155304 0.06381300091743469
-0.9019129872322083 0.5183429718017578 0.07179000228643417
-0.8792020082473755 0.4595420062541962 0.07179000228643417
-0.840533971786499 0.4000779986381531 0.07179000228643417
-0.7852529883384705 0.3421069979667664 0.07179000228643417
-0.7126880288124084 0.2877950072288513 0.07179000228643417
-0.6199219822883606 0.2380689978599548 0.07179000228643417
-0.9240109920501709 0.5112339854240417 0.06381300091743469
-0.8985469937324524 0.4478070139884949 0.06381300091743469
-0.8554189801216125 0.3853150010108948 0.06381300091743469
-0.7940719723701477 0.3250379860401154 0.06381300091743469
-0.7139520049095154 0.2682589888572693 0.06381300091743469
-0.9410139918327332 0.5057650208473206 0.03988299891352654
-0.913428008556366 0.4387809932231903 0.03988299891352654
-0.8668670058250427 0.3739599883556366 0.03988299891352654
-0.8008549809455872 0.3119089901447296 0.03988299891352654
-0.7149220108985901 0.2532309889793396 0.03988299891352654
-0.9478129744529724 0.5035799741744995 0
-0.9193779826164246 0.4351690113544464 0
-0.8714450001716614 0.3694159984588623 0
-0.8035709857940674 0.3066560029983521 0
-0.7153109908103943 0.2472199946641922 0
-0.6088830232620239 0.1986809968948364 0.03988299891352654
-0.6117089986801147 0.194243997335434 0
-0.9410139918327332 0.5057650208473206 -0.03988299891352654
-0.913428008556366 0.4387809932231903 -0.03988299891352654
-0.8668670058250427 0.3739599883556366 -0.03988299891352654
-0.8008549809455872 0.3119089901447296 -0.03988299891352654
-0.7149220108985901 0.2532309889793396 -0.03988299891352654
-0.6088839769363403 0.1986819952726364 -0.03988299891352654
-0.7139520049095154 0.2682589888572693 -0.06381300091743469
-0.6155530214309692 0.2168069928884506 -0.06381300091743469
-0.9240109920501709 0.5112339854240417 -0.06381300091743469
-0.8985469937324524 0.4478070139884949 -0.06381300091743469
-0.8554189801216125 0.3853150010108948 -0.06381300091743469
-0.7940719723701477 0.3250379860401154 -0.06381300091743469
-0.6199219822883606 0.2380689978599548 -0.07179000228643417
-0.6042770147323608 0.2212399989366531 -0.168175995349884
-0.7126880288124084 0.2877950072288513 -0.07179000228643417
-0.9019129872322083 0.5183429718017578 -0.07179000228643417
-0.8792020082473755 0.4595420062541962 -0.07179000228643417
-0.840533971786499 0.4000779986381531 -0.07179000228643417
-0.7852529883384705 0.3421069979667664 -0.07179000228643417
-0.6154800057411194 0.2166170030832291 0.06357800215482712
-0.5757709741592407 0.1666229963302612 0.1602430045604706
-0.8798109889030457 0.5254480242729187 -0.06381300091743469
-0.859853982925415 0.4712780117988586 -0.06381300091743469
-0.8256530165672302 0.4148379862308502 -0.06381300091743469
-0.7764340043067932 0.3591769933700562 -0.06381300091743469
-0.7114250063896179 0.3073320090770721 -0.06381300091743469
-0.6248260140419006 0.2595990002155304 -0.06381300091743469
-0.8628079891204834 0.5309169888496399 -0.03988299891352654
-0.844976007938385 0.4803040027618408 -0.03988299891352654
-0.8142049908638 0.4261940121650696 -0.03988299891352654
-0.7696509957313538 0.3723070025444031 -0.03988299891352654
-0.7104550004005432 0.3223609924316406 -0.03988299891352654
-0.6311839818954468 0.2775689959526062 -0.03988299891352654
0.5928729772567749 0.4378269910812378 -0.1650030016899109
0.5882750153541565 0.5174810290336609 0
0.6009590029716492 0.4448100030422211 -0.08575300127267838
0.6568899750709534 0.4710640013217926 0
0.6059560179710388 0.4637689888477325 0
0.6009600162506104 0.4448100030422211 0.08575300127267838
0.7243949770927429 0.5140479803085327 0
0.6612229943275452 0.4547339975833893 0.08370500057935715
0.7306960225105286 0.5015760064125061 0.07361099869012833
0.7617670297622681 0.5743160247802734 0
0.7688559889793396 0.5658959746360779 0.0604889988899231
0.7858430147171021 0.6425610184669495 0
0.7937210202217102 0.6378989815711975 0.04736699908971786
0.8134679794311523 0.7094749808311462 0
0.8233140110969543 0.7077839970588684 0.03727300092577934
0.8614739775657654 0.7657549977302551 0
0.8756539821624756 0.7657549977302551 0.03323600068688393
0.6720550060272217 0.413906991481781 0.1339280009269714
0.7464550137519836 0.4703910052776337 0.1177780032157898
0.7865830063819885 0.5448470115661621 0.09678299725055695
0.8134170174598694 0.6262469887733459 0.07578799873590469
0.8479329943656921 0.7035599946975708 0.05963800102472305
0.9111070036888123 0.7657549977302551 0.05317800119519234
0.6861349940299988 0.3608300089836121 0.1506689935922623
0.6050999760627747 0.3997119963169098 0.1372649967670441
0.6132580041885376 0.3416750133037567 0.1543540060520172
0.609620988368988 0.3608300089836121 0.1696639955043793
0.7669349908828735 0.4298500120639801 0.1325010061264038
0.8096259832382202 0.5174810290336609 0.1088809967041016
0.8390210270881653 0.6110979914665222 0.08526100218296051
0.879938006401062 0.6980649828910828 0.06709200143814087
0.9571930170059204 0.7657549977302551 0.05982499942183495
0.7002189755439758 0.3077560067176819 0.1339280009269714
0.7874190211296082 0.3893100023269653 0.1177780032157898
0.8326690196990967 0.490117996931076 0.09678299725055695
0.8646270036697388 0.5959489941596985 0.07578799873590469
0.9119439721107483 0.6925709843635559 0.05963800102472305
1.003278970718384 0.7657549977302551 0.05317800119519234
0.7110509872436523 0.2669290006160736 0.08370500057935715
0.8031749725341797 0.3581280112266541 0.07361099869012833
0.8503959774971008 0.4690699875354767 0.0604889988899231
0.884319007396698 0.5842970013618469 0.04736699908971786
0.9365630149841309 0.6883440017700195 0.03727300092577934
1.038733005523682 0.7657549977302551 0.03323600068688393
0.7153840065002441 0.2505989968776703 0
0.8094789981842041 0.3456520140171051 0
0.8574860095977783 0.4606499969959259 0
0.8921999931335449 0.5796350240707397 0
0.9464089870452881 0.6866530179977417 0
1.052912950515747 0.7657549977302551 0
0.6255769729614258 0.219882994890213 0
0.6042760014533997 0.2212399989366531 0.168175995349884
0.5967680215835571 0.1666229963302612 0
0.7110509872436523 0.2669290006160736 -0.08370500057935715
0.8031749725341797 0.3581280112266541 -0.07361099869012833
0.8503959774971008 0.4690699875354767 -0.0604889988899231
0.884319007396698 0.5842970013618469 -0.04736699908971786
0.9365630149841309 0.6883440017700195 -0.03727300092577934
1.038733005523682 0.7657549977302551 -0.03323600068688393
0.7002189755439758 0.3077560067176819 -0.1339280009269714
0.7874190211296082 0.3893100023269653 -0.1177780032157898
0.8326690196990967 0.490117996931076 -0.09678299725055695
0.8646270036697388 0.5959489941596985 -0.07578799873590469
0.9119439721107483 0.6925709843635559 -0.05963800102472305
1.003278970718384 0.7657549977302551 -0.05317800119519234
0.6861349940299988 0.3608300089836121 -0.1506689935922623
0.7669349908828735 0.4298500120639801 -0.1325010061264038
0.8096259832382202 0.5174810290336609 -0.1088809967041016
0.8390210270881653 0.6110979914665222 -0.08526100218296051
0.879938006401062 0.6980649828910828 -0.06709200143814087
0.9571930170059204 0.7657549977302551 -0.05982499942183495
0.6156769990921021 0.2871580123901367 -0.1713490039110184
0.609620988368988 0.3608300089836121 -0.1696639955043793
0.6132580041885376 0.3416750133037567 -0.1543540060520172
0.6720550060272217 0.413906991481781 -0.1339280009269714
0.7464550137519836 0.4703910052776337 -0.1177780032157898
0.7865830063819885 0.5448470115661621 -0.09678299725055695
0.8134170174598694 0.6262469887733459 -0.07578799873590469
0.8479329943656921 0.7035599946975708 -0.05963800102472305
0.9111070036888123 0.7657549977302551 -0.05317800119519234
0.6051009893417358 0.3997119963169098 -0.1372649967670441
0.6612229943275452 0.4547339975833893 -0.08370500057935715
0.7306960225105286 0.5015760064125061 -0.07361099869012833
0.7688559889793396 0.5658959746360779 -0.0604889988899231
0.7937210202217102 0.6378989815711975 -0.04736699908971786
0.8233140110969543 0.7077839970588684 -0.03727300092577934
0.8756539821624756 0.7657549977302551 -0.03323600068688393
0.8771309852600098 0.7757260203361511 0
0.8922349810600281 0.7759429812431335 0.032235998660326
0.8910160064697266 0.7817080020904541 0
0.9060729742050171 0.7821009755134583 0.0296659991145134
0.9013569951057434 0.78370201587677 0
0.9156129956245422 0.7842000126838684 0.02617299929261208
0.9063789844512939 0.7817080020904541 0
0.9192919731140137 0.7821999788284302 0.02240299992263317
0.9043120145797729 0.7757260203361511 0
0.9155529737472534 0.7760639786720276 0.0190030001103878
0.8933799862861633 0.7657549977302551 0
0.9028339982032776 0.7657549977302551 0.01661800034344196
0.9299899935722351 0.7764790058135986 0.05155299976468086
0.9437130093574524 0.7830870151519775 0.04726900160312653
0.9512490034103394 0.7854480147361755 0.04121299833059311
0.9515690207481384 0.7834309935569763 0.03426999971270561
0.9436529874801636 0.7769089937210083 0.02732699923217297
0.9264680147171021 0.7657549977302551 0.02127099968492985
0.979075014591217 0.7771810293197632 0.05796900019049644
0.9926450252532959 0.7843660116195679 0.0529559999704361
0.9975749850273132 0.7870680093765259 0.04561600089073181
0.9935320019721985 0.7850329875946045 0.03678100183606148
0.9801819920539856 0.7780100107192993 0.02728099934756756
0.9571930170059204 0.7657549977302551 0.0179469995200634
1.028156995773315 0.777878999710083 0.05150299891829491
1.041576981544495 0.7856490015983582 0.046875
1.043902993202209 0.7886859774589539 0.03988299891352654
1.035491943359375 0.7866309881210327 0.03111900016665459
1.016711950302124 0.7791110277175903 0.02117200009524822
0.9879199862480164 0.7657549977302551 0.01063499972224236
1.065914988517761 0.778419017791748 0.0321739986538887
1.079216003417969 0.7866309881210327 0.02917400002479553
1.079538941383362 0.789933979511261 0.02451100014150143
1.067772030830383 0.78786301612854 0.01846400089561939
1.044811964035034 0.7799569964408875 0.01130999997258186
1.011551976203918 0.7657549977302551 0.003323999932035804
1.081015944480896 0.7786319851875305 0
1.094272971153259 0.7870270013809204 0
1.093794941902161 0.790431022644043 0
1.080683946609497 0.7883539795875549 0
1.056051969528198 0.7802950143814087 0
1.021005988121033 0.7657549977302551 0
1.065914988517761 0.778419017791748 -0.03225100040435791
1.079216003417969 0.7866309881210327 -0.02978900074958801
1.079538941383362 0.789933979511261 -0.02658900059759617
1.067772030830383 0.78786301612854 -0.02338800020515919
1.044811964035034 0.7799569964408875 -0.02092600055038929
1.011551976203918 0.7657549977302551 -0.01994200050830841
1.028156995773315 0.777878999710083 -0.05160199850797653
1.041576981544495 0.7856490015983582 -0.04766299948096275
1.043902993202209 0.7886859774589539 -0.0425419993698597
1.035491943359375 0.7866309881210327 -0.03742099925875664
1.016711950302124 0.7791110277175903 -0.03348200023174286
0.9879199862480164 0.7657549977302551 -0.03190600126981735
0.979075014591217 0.7771810293197632 -0.05805199965834618
0.9926450252532959 0.7843660116195679 -0.05362100154161453
0.9975749850273132 0.7870680093765259 -0.04786000028252602
0.9935320019721985 0.7850329875946045 -0.0420989990234375
0.9801819920539856 0.7780100107192993 -0.03766699880361557
0.9571930170059204 0.7657549977302551 -0.03589500114321709
0.9299899935722351 0.7764790058135986 -0.05160199850797653
0.9437130093574524 0.7830870151519775 -0.04766299948096275
0.9512490034103394 0.7854480147361755 -0.0425419993698597
0.9515690207481384 0.7834309935569763 -0.03742099925875664
0.9436529874801636 0.7769089937210083 -0.03348200023174286
0.9264680147171021 0.7657549977302551 -0.03190600126981735
0.8922349810600281 0.7759429812431335 -0.03225100040435791
0.9060729742050171 0.7821009755134583 -0.02978900074958801
0.9156129956245422 0.7842000126838684 -0.02658900059759617
0.9192919731140137 0.7821999788284302 -0.02338800020515919
0.9155529737472534 0.7760639786720276 -0.02092600055038929
0.9028339982032776 0.7657549977302551 -0.01994200050830841
0.8864279985427856 0.7509239912033081 0.01486000046133995
0.9367930293083191 0.7509239912033081 -0.03379499912261963
0.9652609825134277 0.7509239912033081 -0.03009900078177452
0.9871580004692078 0.7509239912033081 -0.01901400089263916
0.9959179759025574 0.7509239912033081 -0.0005370000144466758
0.9367930293083191 0.7509239912033081 0.01609200052917004
0.9871580004692078 0.7509239912033081 0.002542000031098723
0.8864279985427856 0.7509239912033081 -0.01901400089263916
0.9083240032196045 0.7509239912033081 -0.03009900078177452
0.877668023109436 0.7509239912033081 -0.0005370000144466758
0.9652609825134277 0.7509239912033081 0.009317000396549702
0.9083240032196045 0.7509239912033081 0.01917099952697754
0.9367930293083191 0.7509239912033081 -0.007311999797821045
0.440746009349823 0.783204972743988 0
0.4466899931430817 0.7657549977302551 0
0.4309729933738708 0.7657549977302551 0.1199449971318245
0.4252359867095947 0.783204972743988 0.1183480024337769
0.4416680037975311 0.7936729788780212 0
0.4261269867420197 0.7936729788780212 0.1185960024595261
0.4476859867572784 0.7971640229225159 0
0.4319359958171844 0.7971640229225159 0.1202120035886765
0.4570310115814209 0.7936729788780212 0
0.4409500062465668 0.7936729788780212 0.1227210015058517
0.4679239988327026 0.783204972743988 0
0.4514600038528442 0.783204972743988 0.1256459951400757
0.4785960018634796 0.7657549977302551 0
0.4617559909820557 0.7657549977302551 0.1285119950771332
0.3864699900150299 0.7657549977302551 0.2269849926233292
0.3813270032405853 0.783204972743988 0.2239640057086945
0.3821240067481995 0.7936729788780212 0.2244330048561096
0.3873319923877716 0.7971640229225159 0.2274910062551498
0.3954159915447235 0.7936729788780212 0.2322389930486679
0.4048419892787933 0.783204972743988 0.2377749979496002
0.4140760004520416 0.7657549977302551 0.2431980073451996
0.3171499967575073 0.7657549977302551 0.3171499967575073
0.3129290044307709 0.783204972743988 0.3129290044307709
0.3135839998722076 0.7936729788780212 0.3135839998722076
0.3178580105304718 0.7971640229225159 0.3178580105304718
0.3244909942150116 0.7936729788780212 0.3244920074939728
0.3322260081768036 0.783204972743988 0.3322260081768036
0.339803010225296 0.7657549977302551 0.3398039937019348
0.2269839942455292 0.7657549977302551 0.3864699900150299
0.2239630073308945 0.783204972743988 0.3813270032405853
0.2244330048561096 0.7936729788780212 0.3821249902248383
0.2274910062551498 0.7971640229225159 0.3873319923877716
0.2322389930486679 0.7936729788780212 0.3954170048236847
0.2377749979496002 0.783204972743988 0.4048419892787933
0.2431980073451996 0.7657549977302551 0.4140760004520416
0.1199439987540245 0.7657549977302551 0.4309729933738708
0.1183480024337769 0.783204972743988 0.4252369999885559
0.1185960024595261 0.7936729788780212 0.4261269867420197
0.1202120035886765 0.7971640229225159 0.4319370090961456
0.1227210015058517 0.7936729788780212 0.4409500062465668
0.1256459951400757 0.783204972743988 0.4514600038528442
0.1285119950771332 0.7657549977302551 0.4617570042610168
-0 0.7657549977302551 0.4466899931430817
-0 0.783204972743988 0.440746009349823
-0 0.7936729788780212 0.4416680037975311
-0 0.7971640229225159 0.4476859867572784
-0 0.7936729788780212 0.4570310115814209
-0 0.783204972743988 0.4679239988327026
-0 0.7657549977302551 0.4785969853401184
-0.1199449971318245 0.7657549977302551 0.4309729933738708
-0.1183480024337769 0.783204972743988 0.4252369999885559
-0.1185960024595261 0.7936729788780212 0.4261269867420197
-0.1202120035886765 0.7971640229225159 0.4319370090961456
-0.1227210015058517 0.7936729788780212 0.4409500062465668
-0.1256459951400757 0.783204972743988 0.4514600038528442
-0.1285129934549332 0.7657549977302551 0.4617570042610168
-0.2269849926233292 0.7657549977302551 0.3864699900150299
-0.2239640057086945 0.783204972743988 0.3813270032405853
-0.2244330048561096 0.7936729788780212 0.3821249902248383
-0.2274910062551498 0.7971640229225159 0.3873319923877716
-0.2322400063276291 0.7936729788780212 0.3954170048236847
-0.2377749979496002 0.783204972743988 0.4048419892787933
-0.2431980073451996 0.7657549977302551 0.4140760004520416
-0.3171499967575073 0.7657549977302551 0.3171499967575073
-0.3129290044307709 0.783204972743988 0.3129290044307709
-0.3135839998722076 0.7936729788780212 0.3135839998722076
-0.3178589940071106 0.7971640229225159 0.3178580105304718
-0.3244920074939728 0.7936729788780212 0.3244920074939728
-0.3322260081768036 0.783204972743988 0.3322260081768036
-0.3398039937019348 0.7657549977302551 0.3398039937019348
-0.3864699900150299 0.7657549977302551 0.2269849926233292
-0.3813270032405853 0.783204972743988 0.2239640057086945
-0.3821249902248383 0.7936729788780212 0.2244330048561096
-0.3873319923877716 0.7971640229225159 0.2274910062551498
-0.3954170048236847 0.7936729788780212 0.2322389930486679
-0.4048419892787933 0.783204972743988 0.2377749979496002
-0.4140760004520416 0.7657549977302551 0.2431980073451996
-0.430974006652832 0.7657549977302551 0.1199449971318245
-0.4252369999885559 0.783204972743988 0.1183480024337769
-0.4261269867420197 0.7936729788780212 0.1185960024595261
-0.4319370090961456 0.7971640229225159 0.1202120035886765
-0.4409500062465668 0.7936729788780212 0.1227210015058517
-0.451460987329483 0.783204972743988 0.1256459951400757
-0.4617570042610168 0.7657549977302551 0.1285119950771332
-0.4466899931430817 0.7657549977302551 0
-0.440746009349823 0.783204972743988 0
-0.4416680037975311 0.7936729788780212 0
-0.4476859867572784 0.7971640229225159 0
-0.4570310115814209 0.7936729788780212 0
-0.4679239988327026 0.783204972743988 0
-0.430974006652832 0.7657549977302551 -0.1199449971318245
-0.4252369999885559 0.783204972743988 -0.1183480024337769
-0.4261269867420197 0.7936729788780212 -0.1185960024595261
-0.4319370090961456 0.7971640229225159 -0.1202120035886765
-0.4409500062465668 0.7936729788780212 -0.1227210015058517
-0.451460987329483 0.783204972743988 -0.1256459951400757
-0.3864699900150299 0.7657549977302551 -0.2269849926233292
-0.3813270032405853 0.783204972743988 -0.2239640057086945
-0.3821249902248383 0.7936729788780212 -0.2244330048561096
-0.3873319923877716 0.7971640229225159 -0.2274910062551498
-0.3954170048236847 0.7936729788780212 -0.2322389930486679
-0.4048419892787933 0.783204972743988 -0.2377749979496002
-0.4140760004520416 0.7657549977302551 -0.2431980073451996
-0.3171499967575073 0.7657549977302551 -0.3171499967575073
-0.3129290044307709 0.783204972743988 -0.3129290044307709
-0.3135839998722076 0.7936729788780212 -0.3135839998722076
-0.3178589940071106 0.7971640229225159 -0.3178580105304718
-0.3244920074939728 0.7936729788780212 -0.3244920074939728
-0.3322260081768036 0.783204972743988 -0.3322260081768036
-0.3398039937019348 0.7657549977302551 -0.3398039937019348
-0.2269849926233292 0.7657549977302551 -0.3864699900150299
-0.2239640057086945 0.783204972743988 -0.3813270032405853
-0.2244330048561096 0.7936729788780212 -0.3821249902248383
-0.2274910062551498 0.7971640229225159 -0.3873319923877716
-0.2322400063276291 0.7936729788780212 -0.3954170048236847
-0.2377749979496002 0.783204972743988 -0.4048419892787933
-0.2431980073451996 0.7657549977302551 -0.4140760004520416
-0.1199449971318245 0.7657549977302551 -0.4309729933738708
-0.1183480024337769 0.783204972743988 -0.4252369999885559
-0.1185960024595261 0.7936729788780212 -0.4261269867420197
-0.1202120035886765 0.7971640229225159 -0.4319370090961456
-0.1227210015058517 0.7936729788780212 -0.4409500062465668
-0.1256459951400757 0.783204972743988 -0.4514600038528442
-0.1285129934549332 0.7657549977302551 -0.4617570042610168
-0 0.7657549977302551 -0.4466899931430817
-0 0.783204972743988 -0.440746009349823
-0 0.7936729788780212 -0.4416680037975311
-0 0.7971640229225159 -0.4476859867572784
-0 0.7936729788780212 -0.4570310115814209
-0 0.783204972743988 -0.4679239988327026
-0 0.7657549977302551 -0.4785969853401184
0.1199439987540245 0.7657549977302551 -0.4309729933738708
0.1183480024337769 0.783204972743988 -0.4252369999885559
0.1185960024595261 0.7936729788780212 -0.4261269867420197
0.1202120035886765 0.7971640229225159 -0.4319370090961456
0.1227210015058517 0.7936729788780212 -0.4409500062465668
0.1256459951400757 0.783204972743988 -0.4514600038528442
0.1285119950771332 0.7657549977302551 -0.4617570042610168
0.2269839942455292 0.7657549977302551 -0.3864699900150299
0.2239630073308945 0.783204972743988 -0.3813270032405853
0.2244330048561096 0.7936729788780212 -0.3821249902248383
0.2274910062551498 0.7971640229225159 -0.3873319923877716
0.2322389930486679 0.7936729788780212 -0.3954170048236847
0.2377749979496002 0.783204972743988 -0.4048419892787933
0.2431980073451996 0.7657549977302551 -0.4140760004520416
0.3171499967575073 0.7657549977302551 -0.3171499967575073
0.3129290044307709 0.783204972743988 -0.3129290044307709
0.3135839998722076 0.7936729788780212 -0.3135839998722076
0.3178580105304718 0.7971640229225159 -0.3178580105304718
0.3244909942150116 0.7936729788780212 -0.3244920074939728
0.3322260081768036 0.783204972743988 -0.3322260081768036
0.339803010225296 0.7657549977302551 -0.3398039937019348
0.3864699900150299 0.7657549977302551 -0.2269849926233292
0.3813270032405853 0.783204972743988 -0.2239640057086945
0.3821240067481995 0.7936729788780212 -0.2244330048561096
0.3873319923877716 0.7971640229225159 -0.2274910062551498
0.3954159915447235 0.7936729788780212 -0.2322389930486679
0.4048419892787933 0.783204972743988 -0.2377749979496002
0.4140760004520416 0.7657549977302551 -0.2431980073451996
0.4309729933738708 0.7657549977302551 -0.1199449971318245
0.4252359867095947 0.783204972743988 -0.1183480024337769
0.4261269867420197 0.7936729788780212 -0.1185960024595261
0.4319359958171844 0.7971640229225159 -0.1202120035886765
0.4409500062465668 0.7936729788780212 -0.1227210015058517
0.4514600038528442 0.783204972743988 -0.1256459951400757
0.4617559909820557 0.7657549977302551 -0.1285119950771332
0.5181099772453308 0.6821119785308838 0
0.4998809993267059 0.6821119785308838 0.1391219943761826
0.5554080009460449 0.5991330146789551 0
0.5358650088310242 0.5991330146789551 0.1491370052099228
0.5675780177116394 0.5174850225448608 0.1579629927873611
0.4482600092887878 0.6821119785308838 0.263276994228363
0.4805299937725067 0.5991330146789551 0.2822299897670746
0.5089690089225769 0.5174850225448608 0.2989310026168823
0.5928729772567749 0.4378269910812378 0.1650030016899109
0.5316510200500488 0.4378269910812378 0.312254011631012
0.5466690063476562 0.3608300089836121 0.3210749924182892
0.6156769990921021 0.2871580123901367 0.1713490039110184
0.5521000027656555 0.2871580123901367 0.3242650032043457
0.3678590059280396 0.6821119785308838 0.3678590059280396
0.394340991973877 0.5991330146789551 0.394340991973877
0.4176749885082245 0.5174810290336609 0.4176749885082245
0.4362919926643372 0.4378269910812378 0.4362919926643372
0.4486140012741089 0.3608300089836121 0.4486140012741089
0.4530720114707947 0.2871580123901367 0.4530720114707947
0.263276994228363 0.6821119785308838 0.4482600092887878
0.2822299897670746 0.5991330146789551 0.4805299937725067
0.2989310026168823 0.5174850225448608 0.5089690089225769
0.312254011631012 0.4378269910812378 0.5316510200500488
0.3210740089416504 0.3608300089836121 0.5466690063476562
0.3242650032043457 0.2871580123901367 0.5521000027656555
0.1391219943761826 0.6821119785308838 0.4998820126056671
0.1491370052099228 0.5991330146789551 0.5358660221099854
0.1579629927873611 0.5174810290336609 0.5675780177116394
0.1650030016899109 0.4378269910812378 0.5928729772567749
0.1696639955043793 0.3608300089836121 0.609620988368988
0.1713490039110184 0.2871580123901367 0.6156769990921021
-0 0.6821119785308838 0.5181099772453308
-0 0.5991330146789551 0.5554080009460449
-0 0.5174810290336609 0.5882750153541565
-0 0.4378269910812378 0.6144959926605225
-0 0.3608300089836121 0.631850004196167
-0 0.2871580123901367 0.6381289958953857
-0.1391229927539825 0.6821119785308838 0.4998820126056671
-0.1491380035877228 0.5991330146789551 0.5358660221099854
-0.1579629927873611 0.5174850225448608 0.5675780177116394
-0.1650040000677109 0.4378269910812378 0.5928729772567749
-0.1696639955043793 0.3608300089836121 0.609620988368988
-0.1713500022888184 0.2871580123901367 0.6156769990921021
-0.2632780075073242 0.6821119785308838 0.4482600092887878
-0.2822299897670746 0.5991330146789551 0.4805299937725067
-0.2989310026168823 0.5174850225448608 0.5089690089225769
-0.3122549951076508 0.4378269910812378 0.5316510200500488
-0.3210749924182892 0.3608300089836121 0.5466690063476562
-0.3242650032043457 0.2871580123901367 0.5521000027656555
-0.3678590059280396 0.6821119785308838 0.3678590059280396
-0.394340991973877 0.5991330146789551 0.394340991973877
-0.4176749885082245 0.5174810290336609 0.4176749885082245
-0.4362919926643372 0.4378269910812378 0.4362919926643372
-0.4486150145530701 0.3608300089836121 0.4486140012741089
-0.4530720114707947 0.2871580123901367 0.4530720114707947
-0.4482600092887878 0.6821119785308838 0.263276994228363
-0.4805299937725067 0.5991330146789551 0.2822299897670746
-0.5089690089225769 0.5174850225448608 0.2989310026168823
-0.5316510200500488 0.4378269910812378 0.312254011631012
-0.5466690063476562 0.3608300089836121 0.3210749924182892
-0.5521000027656555 0.2871580123901367 0.3242650032043457
-0.5675780177116394 0.5174810290336609 0.1579629927873611
-0.5928729772567749 0.4378269910812378 0.1650030016899109
-0.609620988368988 0.3608300089836121 0.1696639955043793
-0.6156769990921021 0.2871580123901367 0.1713490039110184
-0.5882750153541565 0.5174810290336609 0
-0.6144959926605225 0.4378269910812378 0
-0.631850004196167 0.3608300089836121 0
-0.5358660221099854 0.5991330146789551 -0.1491370052099228
-0.5675780177116394 0.5174850225448608 -0.1579629927873611
-0.5928729772567749 0.4378269910812378 -0.1650030016899109
-0.609620988368988 0.3608300089836121 -0.1696639955043793
-0.4482600092887878 0.6821119785308838 -0.263276994228363
-0.4805299937725067 0.5991330146789551 -0.2822299897670746
-0.5089690089225769 0.5174850225448608 -0.2989310026168823
-0.5316510200500488 0.4378269910812378 -0.312254011631012
-0.5466690063476562 0.3608300089836121 -0.3210749924182892
-0.6156769990921021 0.2871580123901367 -0.1713490039110184
-0.5521000027656555 0.2871580123901367 -0.3242650032043457
-0.3678590059280396 0.6821119785308838 -0.3678590059280396
-0.394340991973877 0.5991330146789551 -0.394340991973877
-0.4176749885082245 0.5174810290336609 -0.4176749885082245
-0.4362919926643372 0.4378269910812378 -0.4362919926643372
-0.4486150145530701 0.3608300089836121 -0.4486140012741089
-0.4530720114707947 0.2871580123901367 -0.4530720114707947
-0.2632780075073242 0.6821119785308838 -0.4482600092887878
-0.2822299897670746 0.5991330146789551 -0.4805299937725067
-0.2989310026168823 0.5174850225448608 -0.5089690089225769
-0.3122549951076508 0.4378269910812378 -0.5316510200500488
-0.3210749924182892 0.3608300089836121 -0.5466690063476562
-0.3242650032043457 0.2871580123901367 -0.5521000027656555
-0.1391229927539825 0.6821119785308838 -0.4998820126056671
-0.1491380035877228 0.5991330146789551 -0.5358660221099854
-0.1579629927873611 0.5174810290336609 -0.5675780177116394
-0.1650040000677109 0.4378269910812378 -0.5928729772567749
-0.1696639955043793 0.3608300089836121 -0.609620988368988
-0.1713500022888184 0.2871580123901367 -0.6156769990921021
-0 0.6821119785308838 -0.5181099772453308
-0 0.5991330146789551 -0.5554080009460449
-0 0.5174810290336609 -0.5882750153541565
-0 0.4378269910812378 -0.6144959926605225
-0 0.3608300089836121 -0.631850004196167
-0 0.2871580123901367 -0.6381289958953857
0.1391219943761826 0.6821119785308838 -0.4998820126056671
0.1491370052099228 0.5991330146789551 -0.5358660221099854
0.1579629927873611 0.5174850225448608 -0.5675780177116394
0.1650030016899109 0.4378269910812378 -0.5928729772567749
0.1696639955043793 0.3608300089836121 -0.609620988368988
0.1713490039110184 0.2871580123901367 -0.6156769990921021
0.263276994228363 0.6821119785308838 -0.4482600092887878
0.2822299897670746 0.5991330146789551 -0.4805299937725067
0.2989310026168823 0.5174850225448608 -0.5089690089225769
0.312254011631012 0.4378269910812378 -0.5316510200500488
0.3210740089416504 0.3608300089836121 -0.5466690063476562
0.3242650032043457 0.2871580123901367 -0.5521000027656555
0.3678590059280396 0.6821119785308838 -0.3678590059280396
0.394340991973877 0.5991330146789551 -0.394340991973877
0.4176749885082245 0.5174810290336609 -0.4176749885082245
0.4362919926643372 0.4378269910812378 -0.4362919926643372
0.4486140012741089 0.3608300089836121 -0.4486140012741089
0.4530720114707947 0.2871580123901367 -0.4530720114707947
0.4482600092887878 0.6821119785308838 -0.263276994228363
0.4805299937725067 0.5991330146789551 -0.2822299897670746
0.5089690089225769 0.5174850225448608 -0.2989310026168823
0.5316510200500488 0.4378269910812378 -0.312254011631012
0.5466690063476562 0.3608300089836121 -0.3210749924182892
0.5521000027656555 0.2871580123901367 -0.3242650032043457
0.4998809993267059 0.6821119785308838 -0.1391219943761826
0.5358650088310242 0.5991330146789551 -0.1491370052099228
0.5675780177116394 0.5174810290336609 -0.1579629927873611
0.5757709741592407 0.1666229963302612 0.1602430045604706
0.5583630204200745 0.122639998793602 0
0.5387179851531982 0.122639998793602 0.1499309986829758
0.5199570059776306 0.08862899988889694 0
0.501662015914917 0.08862899988889694 0.139617994427681
0.4904150068759918 0.06392399966716766 0
0.4731599986553192 0.06392399966716766 0.1316850036382675
0.4785960018634796 0.04786000028252602 0
0.4617559909820557 0.04786000028252602 0.1285119950771332
0.5418769717216492 0.2212399989366531 0.3182590007781982
0.5163170099258423 0.1666229963302612 0.3032470047473907
0.4830859899520874 0.122639998793602 0.2837310135364532
0.4498580098152161 0.08862899988889694 0.2642149925231934
0.4242990016937256 0.06392399966716766 0.2492029964923859
0.4140760004520416 0.04786000028252602 0.2431980073451996
0.4446800053119659 0.2212399989366531 0.4446800053119659
0.4237050116062164 0.1666229963302612 0.4237050116062164
0.3964380025863647 0.122639998793602 0.3964380025863647
0.3691709935665131 0.08862899988889694 0.3691709935665131
0.3481949865818024 0.06392399966716766 0.3481949865818024
0.339803010225296 0.04786000028252602 0.3398039937019348
0.3182590007781982 0.2212399989366531 0.5418769717216492
0.3032470047473907 0.1666229963302612 0.5163170099258423
0.2837310135364532 0.122639998793602 0.4830859899520874
0.2642149925231934 0.08862899988889694 0.4498589932918549
0.2492029964923859 0.06392399966716766 0.4242979884147644
0.2431980073451996 0.04786000028252602 0.4140760004520416
0.168175995349884 0.2212399989366531 0.6042760014533997
0.1602430045604706 0.1666229963302612 0.5757709741592407
0.1499309986829758 0.122639998793602 0.5387179851531982
0.139617994427681 0.08862899988889694 0.501662015914917
0.1316850036382675 0.06392399966716766 0.4731599986553192
0.1285119950771332 0.04786000028252602 0.4617570042610168
-0 0.2212399989366531 0.6263110041618347
-0 0.1666229963302612 0.5967689752578735
-0 0.122639998793602 0.5583630204200745
-0 0.08862899988889694 0.5199570059776306
-0 0.06392399966716766 0.4904150068759918
-0 0.04786000028252602 0.4785969853401184
-0.168176993727684 0.2212399989366531 0.6042760014533997
-0.1602440029382706 0.1666229963302612 0.5757709741592407
-0.1499309986829758 0.122639998793602 0.5387179851531982
-0.139617994427681 0.08862899988889694 0.501662015914917
-0.1316860020160675 0.06392399966716766 0.4731599986553192
-0.1285129934549332 0.04786000028252602 0.4617570042610168
-0.3182590007781982 0.2212399989366531 0.5418769717216492
-0.3032470047473907 0.1666229963302612 0.5163170099258423
-0.2837310135364532 0.122639998793602 0.4830859899520874
-0.2642149925231934 0.08862899988889694 0.4498589932918549
-0.2492029964923859 0.06392399966716766 0.4242979884147644
-0.2431980073451996 0.04786000028252602 0.4140760004520416
-0.4446800053119659 0.2212399989366531 0.4446800053119659
-0.4237050116062164 0.1666229963302612 0.4237050116062164
-0.3964380025863647 0.122639998793602 0.3964380025863647
-0.3691709935665131 0.08862899988889694 0.3691709935665131
-0.3481959998607635 0.06392399966716766 0.3481949865818024
-0.3398039937019348 0.04786000028252602 0.3398039937019348
-0.5418769717216492 0.2212399989366531 0.3182590007781982
-0.5163170099258423 0.1666229963302612 0.3032470047473907
-0.4830870032310486 0.122639998793602 0.2837310135364532
-0.4498589932918549 0.08862899988889694 0.2642149925231934
-0.4242990016937256 0.06392399966716766 0.2492029964923859
-0.4140760004520416 0.04786000028252602 0.2431980073451996
-0.6042770147323608 0.2212399989366531 0.168175995349884
-0.5387179851531982 0.122639998793602 0.1499309986829758
-0.501662015914917 0.08862899988889694 0.139617994427681
-0.4731599986553192 0.06392399966716766 0.1316850036382675
-0.4617570042610168 0.04786000028252602 0.1285119950771332
-0.5967689752578735 0.1666229963302612 0
-0.5583630204200745 0.122639998793602 0
-0.5199570059776306 0.08862899988889694 0
-0.4904150068759918 0.06392399966716766 0
-0.4785969853401184 0.04786000028252602 0
-0.5757709741592407 0.1666229963302612 -0.1602430045604706
-0.5387179851531982 0.122639998793602 -0.1499309986829758
-0.501662015914917 0.08862899988889694 -0.139617994427681
-0.4731599986553192 0.06392399966716766 -0.1316850036382675
-0.4617570042610168 0.04786000028252602 -0.1285119950771332
-0.5418769717216492 0.2212399989366531 -0.3182590007781982
-0.5163170099258423 0.1666229963302612 -0.3032470047473907
-0.4830870032310486 0.122639998793602 -0.2837310135364532
-0.4498589932918549 0.08862899988889694 -0.2642149925231934
-0.4242990016937256 0.06392399966716766 -0.2492029964923859
-0.4140760004520416 0.04786000028252602 -0.2431980073451996
-0.4446800053119659 0.2212399989366531 -0.4446800053119659
-0.4237050116062164 0.1666229963302612 -0.4237050116062164
-0.3964380025863647 0.122639998793602 -0.3964380025863647
-0.3691709935665131 0.08862899988889694 -0.3691709935665131
-0.3481959998607635 0.06392399966716766 -0.3481949865818024
-0.3398039937019348 0.04786000028252602 -0.3398039937019348
-0.3182590007781982 0.2212399989366531 -0.5418769717216492
-0.3032470047473907 0.1666229963302612 -0.5163170099258423
-0.2837310135364532 0.122639998793602 -0.4830859899520874
-0.2642149925231934 0.08862899988889694 -0.4498589932918549
-0.2492029964923859 0.06392399966716766 -0.4242979884147644
-0.2431980073451996 0.04786000028252602 -0.4140760004520416
-0.168176993727684 0.2212399989366531 -0.6042760014533997
-0.1602440029382706 0.1666229963302612 -0.5757709741592407
-0.1499309986829758 0.122639998793602 -0.5387179851531982
-0.139617994427681 0.08862899988889694 -0.501662015914917
-0.1316860020160675 0.06392399966716766 -0.4731599986553192
-0.1285129934549332 0.04786000028252602 -0.4617570042610168
-0 0.2212399989366531 -0.6263110041618347
-0 0.1666229963302612 -0.5967689752578735
-0 0.122639998793602 -0.5583630204200745
-0 0.08862899988889694 -0.5199570059776306
-0 0.06392399966716766 -0.4904150068759918
-0 0.04786000028252602 -0.4785969853401184
0.168175995349884 0.2212399989366531 -0.6042760014533997
0.1602430045604706 0.1666229963302612 -0.5757709741592407
0.1499309986829758 0.122639998793602 -0.5387179851531982
0.139617994427681 0.08862899988889694 -0.501662015914917
0.1316850036382675 0.06392399966716766 -0.4731599986553192
0.1285119950771332 0.04786000028252602 -0.4617570042610168
0.3182590007781982 0.2212399989366531 -0.5418769717216492
0.3032470047473907 0.1666229963302612 -0.5163170099258423
0.2837310135364532 0.122639998793602 -0.4830859899520874
0.2642149925231934 0.08862899988889694 -0.4498589932918549
0.2492029964923859 0.06392399966716766 -0.4242979884147644
0.2431980073451996 0.04786000028252602 -0.4140760004520416
0.4446800053119659 0.2212399989366531 -0.4446800053119659
0.4237050116062164 0.1666229963302612 -0.4237050116062164
0.3964380025863647 0.122639998793602 -0.3964380025863647
0.3691709935665131 0.08862899988889694 -0.3691709935665131
0.3481949865818024 0.06392399966716766 -0.3481949865818024
0.339803010225296 0.04786000028252602 -0.3398039937019348
0.5418769717216492 0.2212399989366531 -0.3182590007781982
0.5163170099258423 0.1666229963302612 -0.3032470047473907
0.4830859899520874 0.122639998793602 -0.2837310135364532
0.4498580098152161 0.08862899988889694 -0.2642149925231934
0.4242990016937256 0.06392399966716766 -0.2492029964923859
0.4140760004520416 0.04786000028252602 -0.2431980073451996
0.6042760014533997 0.2212399989366531 -0.168175995349884
0.5757709741592407 0.1666229963302612 -0.1602430045604706
0.5387179851531982 0.122639998793602 -0.1499309986829758
0.501662015914917 0.08862899988889694 -0.139617994427681
0.4731599986553192 0.06392399966716766 -0.1316850036382675
0.4617559909820557 0.04786000028252602 -0.1285119950771332
0.1933220028877258 0.001883000019006431 0
-0 0 0
0.1865199953317642 0.001883000019006431 -0.05191100016236305
0.3261539936065674 0.007089999970048666 0
0.3146789968013763 0.007089999970048666 -0.08757899701595306
0.4097970128059387 0.01495600026100874 0
0.3953779935836792 0.01495600026100874 -0.1100379973649979
0.4555540084838867 0.0248160008341074 0
0.4395239949226379 0.0248160008341074 -0.1223250031471252
0.4747200012207031 0.03600500151515007 0
0.4580169916152954 0.03600500151515007 -0.127470999956131
0.1672589927911758 0.001883000019006431 -0.09823600202798843
0.2821840047836304 0.007089999970048666 -0.1657350063323975
0.3545509874820709 0.01495600026100874 -0.2082380056381226
0.3941369950771332 0.0248160008341074 -0.2314890027046204
0.4107190072536469 0.03600500151515007 -0.241227999329567
0.137257993221283 0.001883000019006431 -0.1372590065002441
0.2315700054168701 0.007089999970048666 -0.2315700054168701
0.2909570038318634 0.01495600026100874 -0.2909570038318634
0.3234420120716095 0.0248160008341074 -0.3234420120716095
0.3370499908924103 0.03600500151515007 -0.3370499908924103
0.09823600202798843 0.001883000019006431 -0.1672589927911758
0.1657350063323975 0.007089999970048666 -0.2821849882602692
0.2082380056381226 0.01495600026100874 -0.3545509874820709
0.2314890027046204 0.0248160008341074 -0.3941369950771332
0.241227000951767 0.03600500151515007 -0.4107190072536469
0.05191000178456306 0.001883000019006431 -0.1865199953317642
0.08757899701595306 0.007089999970048666 -0.3146789968013763
0.1100379973649979 0.01495600026100874 -0.3953779935836792
0.1223239973187447 0.0248160008341074 -0.4395239949226379
0.127470999956131 0.03600500151515007 -0.4580169916152954
-0 0.001883000019006431 -0.1933220028877258
-0 0.007089999970048666 -0.3261539936065674
-0 0.01495600026100874 -0.4097970128059387
-0 0.0248160008341074 -0.4555540084838867
-0 0.03600500151515007 -0.4747200012207031
-0.05191100016236305 0.001883000019006431 -0.1865199953317642
-0.08757899701595306 0.007089999970048666 -0.3146789968013763
-0.1100379973649979 0.01495600026100874 -0.3953779935836792
-0.1223250031471252 0.0248160008341074 -0.4395239949226379
-0.127470999956131 0.03600500151515007 -0.4580169916152954
-0.09823700040578842 0.001883000019006431 -0.1672589927911758
-0.1657350063323975 0.007089999970048666 -0.2821849882602692
-0.2082390040159225 0.01495600026100874 -0.3545509874820709
-0.2314890027046204 0.0248160008341074 -0.3941369950771332
-0.241227999329567 0.03600500151515007 -0.4107190072536469
-0.1372590065002441 0.001883000019006431 -0.1372590065002441
-0.2315700054168701 0.007089999970048666 -0.2315700054168701
-0.2909570038318634 0.01495600026100874 -0.2909570038318634
-0.3234420120716095 0.0248160008341074 -0.3234420120716095
-0.3370510041713715 0.03600500151515007 -0.3370499908924103
-0.1672589927911758 0.001883000019006431 -0.09823600202798843
-0.2821840047836304 0.007089999970048666 -0.1657350063323975
-0.3545509874820709 0.01495600026100874 -0.2082380056381226
-0.3941369950771332 0.0248160008341074 -0.2314890027046204
-0.4107190072536469 0.03600500151515007 -0.241227999329567
-0.1865199953317642 0.001883000019006431 -0.05191100016236305
-0.3146789968013763 0.007089999970048666 -0.08757899701595306
-0.3953779935836792 0.01495600026100874 -0.1100379973649979
-0.4395239949226379 0.0248160008341074 -0.1223250031471252
-0.4580169916152954 0.03600500151515007 -0.127470999956131
-0.1933230012655258 0.001883000019006431 0
-0.3261550068855286 0.007089999970048666 0
-0.4097970128059387 0.01495600026100874 0
-0.4555540084838867 0.0248160008341074 0
-0.4747210144996643 0.03600500151515007 0
-0.1865199953317642 0.001883000019006431 0.05191100016236305
-0.3146789968013763 0.007089999970048666 0.08757899701595306
-0.3953779935836792 0.01495600026100874 0.1100379973649979
-0.4395239949226379 0.0248160008341074 0.1223250031471252
-0.4580169916152954 0.03600500151515007 0.127470999956131
-0.1672589927911758 0.001883000019006431 0.09823600202798843
-0.2821840047836304 0.007089999970048666 0.1657350063323975
-0.3545509874820709 0.01495600026100874 0.2082380056381226
-0.3941369950771332 0.0248160008341074 0.2314890027046204
-0.4107190072536469 0.03600500151515007 0.241227999329567
-0.1372590065002441 0.001883000019006431 0.1372590065002441
-0.2315700054168701 0.007089999970048666 0.2315700054168701
-0.2909570038318634 0.01495600026100874 0.2909570038318634
-0.3234420120716095 0.0248160008341074 0.3234420120716095
-0.3370510041713715 0.03600500151515007 0.3370499908924103
-0.09823700040578842 0.001883000019006431 0.1672589927911758
-0.1657350063323975 0.007089999970048666 0.2821849882602692
-0.2082390040159225 0.01495600026100874 0.3545509874820709
-0.2314890027046204 0.0248160008341074 0.3941369950771332
-0.241227999329567 0.03600500151515007 0.4107190072536469
-0.05191100016236305 0.001883000019006431 0.1865199953317642
-0.08757899701595306 0.007089999970048666 0.3146789968013763
-0.1100379973649979 0.01495600026100874 0.3953779935836792
-0.1223250031471252 0.0248160008341074 0.4395239949226379
-0.127470999956131 0.03600500151515007 0.4580169916152954
-0 0.001883000019006431 0.1933220028877258
-0 0.007089999970048666 0.3261539936065674
-0 0.01495600026100874 0.4097970128059387
-0 0.0248160008341074 0.4555540084838867
-0 0.03600500151515007 0.4747200012207031
0.05191000178456306 0.001883000019006431 0.1865199953317642
0.08757899701595306 0.007089999970048666 0.3146789968013763
0.1100379973649979 0.01495600026100874 0.3953779935836792
0.1223239973187447 0.0248160008341074 0.4395239949226379
0.127470999956131 0.03600500151515007 0.4580169916152954
0.09823600202798843 0.001883000019006431 0.1672589927911758
0.1657350063323975 0.007089999970048666 0.2821849882602692
0.2082380056381226 0.01495600026100874 0.3545509874820709
0.2314890027046204 0.0248160008341074 0.3941369950771332
0.241227000951767 0.03600500151515007 0.4107190072536469
0.137257993221283 0.001883000019006431 0.1372590065002441
0.2315700054168701 0.007089999970048666 0.2315700054168701
0.2909570038318634 0.01495600026100874 0.2909570038318634
0.3234420120716095 0.0248160008341074 0.3234420120716095
0.3370499908924103 0.03600500151515007 0.3370499908924103
0.1672589927911758 0.001883000019006431 0.09823600202798843
0.2821840047836304 0.007089999970048666 0.1657350063323975
0.3545509874820709 0.01495600026100874 0.2082380056381226
0.3941369950771332 0.0248160008341074 0.2314890027046204
0.4107190072536469 0.03600500151515007 0.241227999329567
0.1865199953317642 0.001883000019006431 0.05191100016236305
0.3146789968013763 0.007089999970048666 0.08757899701595306
0.3953779935836792 0.01495600026100874 0.1100379973649979
0.4395239949226379 0.0248160008341074 0.1223250031471252
0.4580169916152954 0.03600500151515007 0.127470999956131
-0.2301979959011078 0.7500090003013611 0.3919390141963959
-0.3216390013694763 0.7500090003013611 0.3216390013694763
-0 0.7500090003013611 -0.4530119895935059
0.1216420009732246 0.7500090003013611 -0.4370720088481903
0.3919390141963959 0.7500090003013611 -0.2301969975233078
-0.4370729923248291 0.7500090003013611 0.1216420009732246
0.4530110061168671 0.7500090003013611 0
-0.4530119895935059 0.7500090003013611 0
0.06381300091743469 0.8614739775657654 0
0.05465399846434593 0.8887289762496948 0
0.05273399874567986 0.8887289762496948 0.0146909998729825
0.0615679994225502 0.8614739775657654 0.01713499985635281
0.04729599878191948 0.8887289762496948 0.02779199928045273
0.05521000176668167 0.8614739775657654 0.03242700174450874
0.03882100060582161 0.8887289762496948 0.03882100060582161
0.04530699923634529 0.8614739775657654 0.04530699923634529
0.02779199928045273 0.8887289762496948 0.04729599878191948
0.03242599964141846 0.8614739775657654 0.05521000176668167
0.0146909998729825 0.8887289762496948 0.05273500084877014
0.01713499985635281 0.8614739775657654 0.0615679994225502
-0 0.8887289762496948 0.05465399846434593
-0 0.8614739775657654 0.06381300091743469
-0.0146909998729825 0.8887289762496948 0.05273500084877014
-0.01713499985635281 0.8614739775657654 0.0615679994225502
-0.02779299952089787 0.8887289762496948 0.04729599878191948
-0.03242700174450874 0.8614739775657654 0.05521000176668167
-0.03882100060582161 0.8887289762496948 0.03882100060582161
-0.04530699923634529 0.8614739775657654 0.04530699923634529
-0.04729599878191948 0.8887289762496948 0.02779199928045273
-0.05521000176668167 0.8614739775657654 0.03242700174450874
-0.05273500084877014 0.8887289762496948 0.0146909998729825
-0.0615679994225502 0.8614739775657654 0.01713499985635281
-0.05465500056743622 0.8887289762496948 0
-0.06381300091743469 0.8614739775657654 0
-0.05273500084877014 0.8887289762496948 -0.0146909998729825
-0.0615679994225502 0.8614739775657654 -0.01713499985635281
-0.04729599878191948 0.8887289762496948 -0.02779199928045273
-0.05521000176668167 0.8614739775657654 -0.03242700174450874
-0.03882100060582161 0.8887289762496948 -0.03882100060582161
-0.04530699923634529 0.8614739775657654 -0.04530699923634529
-0.02779299952089787 0.8887289762496948 -0.04729599878191948
-0.03242700174450874 0.8614739775657654 -0.05521000176668167
-0.0146909998729825 0.8887289762496948 -0.05273500084877014
-0.01713499985635281 0.8614739775657654 -0.0615679994225502
-0 0.8887289762496948 -0.05465399846434593
-0 0.8614739775657654 -0.06381300091743469
0.0146909998729825 0.8887289762496948 -0.05273500084877014
0.01713499985635281 0.8614739775657654 -0.0615679994225502
0.02779199928045273 0.8887289762496948 -0.04729599878191948
0.03242599964141846 0.8614739775657654 -0.05521000176668167
0.03882100060582161 0.8887289762496948 -0.03882100060582161
0.04530699923634529 0.8614739775657654 -0.04530699923634529
0.04729599878191948 0.8887289762496948 -0.02779199928045273
0.05521000176668167 0.8614739775657654 -0.03242700174450874
0.05273399874567986 0.8887289762496948 -0.0146909998729825
0.0615679994225502 0.8614739775657654 -0.01713499985635281
0.1119680032134056 0.8410890102386475 0
0.1080280020833015 0.8410890102386475 0.03006500005722046
0.1831669956445694 0.8260229825973511 0
0.1767220050096512 0.8260229825973511 0.04918399825692177
0.2632279992103577 0.8136150240898132 0
0.2539660036563873 0.8136150240898132 0.07068199664354324
0.3379719853401184 0.8012059926986694 0
0.3260810077190399 0.8012059926986694 0.09075199812650681
0.3932180106639862 0.7861400246620178 0
0.3793799877166748 0.7861400246620178 0.1055859997868538
0.4147840142250061 0.7657549977302551 0
0.400189995765686 0.7657549977302551 0.1113770008087158
0.09687300026416779 0.8410890102386475 0.05689600110054016
0.1584729999303818 0.8260229825973511 0.09307599812746048
0.227741003036499 0.8136150240898132 0.133759006857872
0.2924079895019531 0.8012059926986694 0.1717399954795837
0.3402059972286224 0.7861400246620178 0.1998129934072495
0.3588649928569794 0.7657549977302551 0.2107719928026199
0.07949700206518173 0.8410890102386475 0.07949700206518173
0.130048006772995 0.8260229825973511 0.130048006772995
0.1868920028209686 0.8136150240898132 0.1868920028209686
0.2399599999189377 0.8012059926986694 0.2399599999189377
0.2791840136051178 0.7861400246620178 0.2791840136051178
0.294497013092041 0.7657549977302551 0.294497013092041
0.05689600110054016 0.8410890102386475 0.09687300026416779
0.09307599812746048 0.8260229825973511 0.1584729999303818
0.133759006857872 0.8136150240898132 0.227741003036499
0.1717399954795837 0.8012059926986694 0.2924079895019531
0.1998129934072495 0.7861400246620178 0.3402059972286224
0.2107719928026199 0.7657549977302551 0.3588649928569794
0.03006500005722046 0.8410890102386475 0.1080290004611015
0.04918399825692177 0.8260229825973511 0.1767220050096512
0.07068199664354324 0.8136150240898132 0.2539660036563873
0.09075199812650681 0.8012059926986694 0.3260810077190399
0.1055859997868538 0.7861400246620178 0.379381000995636
0.1113770008087158 0.7657549977302551 0.400189995765686
-0 0.8410890102386475 0.1119680032134056
-0 0.8260229825973511 0.1831669956445694
-0 0.8136150240898132 0.2632279992103577
-0 0.8012059926986694 0.3379719853401184
-0 0.7861400246620178 0.3932180106639862
-0 0.7657549977302551 0.4147840142250061
-0.0300660002976656 0.8410890102386475 0.1080290004611015
-0.04918399825692177 0.8260229825973511 0.1767220050096512
-0.07068199664354324 0.8136150240898132 0.2539660036563873
-0.09075199812650681 0.8012059926986694 0.3260810077190399
-0.1055859997868538 0.7861400246620178 0.379381000995636
-0.1113770008087158 0.7657549977302551 0.400189995765686
-0.05689600110054016 0.8410890102386475 0.09687300026416779
-0.09307599812746048 0.8260229825973511 0.1584729999303818
-0.133759006857872 0.8136150240898132 0.227741003036499
-0.1717399954795837 0.8012059926986694 0.2924079895019531
-0.1998129934072495 0.7861400246620178 0.3402059972286224
-0.2107719928026199 0.7657549977302551 0.3588649928569794
-0.07949700206518173 0.8410890102386475 0.07949700206518173
-0.130049005150795 0.8260229825973511 0.130048006772995
-0.1868920028209686 0.8136150240898132 0.1868920028209686
-0.2399599999189377 0.8012059926986694 0.2399599999189377
-0.2791849970817566 0.7861400246620178 0.2791840136051178
-0.294497013092041 0.7657549977302551 0.294497013092041
-0.09687300026416779 0.8410890102386475 0.05689600110054016
-0.1584729999303818 0.8260229825973511 0.09307599812746048
-0.227741003036499 0.8136150240898132 0.133759006857872
-0.2924079895019531 0.8012059926986694 0.1717399954795837
-0.3402059972286224 0.7861400246620178 0.1998129934072495
-0.3588649928569794 0.7657549977302551 0.2107719928026199
-0.1080290004611015 0.8410890102386475 0.03006500005722046
-0.1767220050096512 0.8260229825973511 0.04918399825692177
-0.2539660036563873 0.8136150240898132 0.07068199664354324
-0.3260810077190399 0.8012059926986694 0.09075199812650681
-0.379381000995636 0.7861400246620178 0.1055859997868538
-0.400189995765686 0.7657549977302551 0.1113770008087158
-0.1119680032134056 0.8410890102386475 0
-0.1831669956445694 0.8260229825973511 0
-0.2632279992103577 0.8136150240898132 0
-0.3379719853401184 0.8012059926986694 0
-0.393218994140625 0.7861400246620178 0
-0.4147840142250061 0.7657549977302551 0
-0.1080290004611015 0.8410890102386475 -0.03006500005722046
-0.1767220050096512 0.8260229825973511 -0.04918399825692177
-0.2539660036563873 0.8136150240898132 -0.07068199664354324
-0.3260810077190399 0.8012059926986694 -0.09075199812650681
-0.379381000995636 0.7861400246620178 -0.1055859997868538
-0.400189995765686 0.7657549977302551 -0.1113770008087158
-0.09687300026416779 0.8410890102386475 -0.05689600110054016
-0.1584729999303818 0.8260229825973511 -0.09307599812746048
-0.227741003036499 0.8136150240898132 -0.133759006857872
-0.2924079895019531 0.8012059926986694 -0.1717399954795837
-0.3402059972286224 0.7861400246620178 -0.1998129934072495
-0.3588649928569794 0.7657549977302551 -0.2107719928026199
-0.07949700206518173 0.8410890102386475 -0.07949700206518173
-0.130049005150795 0.8260229825973511 -0.130048006772995
-0.1868920028209686 0.8136150240898132 -0.1868920028209686
-0.2399599999189377 0.8012059926986694 -0.2399599999189377
-0.2791849970817566 0.7861400246620178 -0.2791840136051178
-0.294497013092041 0.7657549977302551 -0.294497013092041
-0.05689600110054016 0.8410890102386475 -0.09687300026416779
-0.09307599812746048 0.8260229825973511 -0.1584729999303818
-0.133759006857872 0.8136150240898132 -0.227741003036499
-0.1717399954795837 0.8012059926986694 -0.2924079895019531
-0.1998129934072495 0.7861400246620178 -0.3402059972286224
-0.2107719928026199 0.7657549977302551 -0.3588649928569794
-0.0300660002976656 0.8410890102386475 -0.1080290004611015
-0.04918399825692177 0.8260229825973511 -0.1767220050096512
-0.07068199664354324 0.8136150240898132 -0.2539660036563873
-0.09075199812650681 0.8012059926986694 -0.3260810077190399
-0.1055859997868538 0.7861400246620178 -0.379381000995636
-0.1113770008087158 0.7657549977302551 -0.400189995765686
-0 0.8410890102386475 -0.1119680032134056
-0 0.8260229825973511 -0.1831669956445694
-0 0.8136150240898132 -0.2632279992103577
-0 0.8012059926986694 -0.3379719853401184
-0 0.7861400246620178 -0.3932180106639862
-0 0.7657549977302551 -0.4147840142250061
0.03006500005722046 0.8410890102386475 -0.1080290004611015
0.04918399825692177 0.8260229825973511 -0.1767220050096512
0.07068199664354324 0.8136150240898132 -0.2539660036563873
0.09075199812650681 0.8012059926986694 -0.3260810077190399
0.1055859997868538 0.7861400246620178 -0.379381000995636
0.1113770008087158 0.7657549977302551 -0.400189995765686
0.05689600110054016 0.8410890102386475 -0.09687300026416779
0.09307599812746048 0.8260229825973511 -0.1584729999303818
0.133759006857872 0.8136150240898132 -0.227741003036499
0.1717399954795837 0.8012059926986694 -0.2924079895019531
0.1998129934072495 0.7861400246620178 -0.3402059972286224
0.2107719928026199 0.7657549977302551 -0.3588649928569794
0.07949700206518173 0.8410890102386475 -0.07949700206518173
0.130048006772995 0.8260229825973511 -0.130048006772995
0.1868920028209686 0.8136150240898132 -0.1868920028209686
0.2399599999189377 0.8012059926986694 -0.2399599999189377
0.2791840136051178 0.7861400246620178 -0.2791840136051178
0.294497013092041 0.7657549977302551 -0.294497013092041
0.09687300026416779 0.8410890102386475 -0.05689600110054016
0.1584729999303818 0.8260229825973511 -0.09307599812746048
0.227741003036499 0.8136150240898132 -0.133759006857872
0.2924079895019531 0.8012059926986694 -0.1717399954795837
0.3402059972286224 0.7861400246620178 -0.1998129934072495
0.3588649928569794 0.7657549977302551 -0.2107719928026199
0.1080280020833015 0.8410890102386475 -0.03006500005722046
0.1767220050096512 0.8260229825973511 -0.04918399825692177
0.2539660036563873 0.8136150240898132 -0.07068199664354324
0.3260810077190399 0.8012059926986694 -0.09075199812650681
0.3793799877166748 0.7861400246620178 -0.1055859997868538
0.400189995765686 0.7657549977302551 -0.1113770008087158
0.08892399817705154 0.9977409839630127 0
-0 1.005053997039795 0
0.08581099659204483 0.9977409839630127 0.02395500056445599
0.1158090010285378 0.9784659743309021 0
0.1117540001869202 0.9784659743309021 0.03119499981403351
0.1036960035562515 0.9512109756469727 0
0.1000640019774437 0.9512109756469727 0.02792700007557869
0.07563000172376633 0.9199690222740173 0
0.07297900319099426 0.9199690222740173 0.02035699971020222
0.07698500156402588 0.9977409839630127 0.04528500139713287
0.1002589985728264 0.9784659743309021 0.0589740015566349
0.08976899832487106 0.9512109756469727 0.05279900133609772
0.06546600162982941 0.9199690222740173 0.03849399834871292
0.06321900337934494 0.9977409839630127 0.06321900337934494
0.08233000338077545 0.9784659743309021 0.08233000338077545
0.0737140029668808 0.9512109756469727 0.0737140029668808
0.05375099927186966 0.9199690222740173 0.05375099927186966
0.04528500139713287 0.9977409839630127 0.07698599994182587
0.0589740015566349 0.9784659743309021 0.1002589985728264
0.05279900133609772 0.9512109756469727 0.08976899832487106
0.03849399834871292 0.9199690222740173 0.06546600162982941
0.02395500056445599 0.9977409839630127 0.08581099659204483
0.03119499981403351 0.9784659743309021 0.1117540001869202
0.02792700007557869 0.9512109756469727 0.1000640019774437
0.02035699971020222 0.9199690222740173 0.07297900319099426
-0 0.9977409839630127 0.08892499655485153
-0 0.9784659743309021 0.1158090010285378
-0 0.9512109756469727 0.1036960035562515
-0 0.9199690222740173 0.07563000172376633
-0.02395500056445599 0.9977409839630127 0.08581099659204483
-0.03119499981403351 0.9784659743309021 0.1117540001869202
-0.02792700007557869 0.9512109756469727 0.1000640019774437
-0.02035699971020222 0.9199690222740173 0.07297900319099426
-0.04528500139713287 0.9977409839630127 0.07698599994182587
-0.0589740015566349 0.9784659743309021 0.1002589985728264
-0.05279900133609772 0.9512109756469727 0.08976899832487106
-0.03849399834871292 0.9199690222740173 0.06546600162982941
-0.06322000175714493 0.9977409839630127 0.06321900337934494
-0.08233100175857544 0.9784659743309021 0.08233000338077545
-0.0737140029668808 0.9512109756469727 0.0737140029668808
-0.05375099927186966 0.9199690222740173 0.05375099927186966
-0.07698599994182587 0.9977409839630127 0.04528500139713287
-0.1002589985728264 0.9784659743309021 0.0589740015566349
-0.08976999670267105 0.9512109756469727 0.05279900133609772
-0.06546600162982941 0.9199690222740173 0.03849399834871292
-0.08581099659204483 0.9977409839630127 0.02395500056445599
-0.1117540001869202 0.9784659743309021 0.03119499981403351
-0.1000640019774437 0.9512109756469727 0.02792700007557869
-0.07297900319099426 0.9199690222740173 0.02035699971020222
-0.08892499655485153 0.9977409839630127 0
-0.1158090010285378 0.9784659743309021 0
-0.1036960035562515 0.9512109756469727 0
-0.07563000172376633 0.9199690222740173 0
-0.08581099659204483 0.9977409839630127 -0.02395500056445599
-0.1117540001869202 0.9784659743309021 -0.03119499981403351
-0.1000640019774437 0.9512109756469727 -0.02792700007557869
-0.07297900319099426 0.9199690222740173 -0.02035699971020222
-0.07698599994182587 0.9977409839630127 -0.04528500139713287
-0.1002589985728264 0.9784659743309021 -0.0589740015566349
-0.08976999670267105 0.9512109756469727 -0.05279900133609772
-0.06546600162982941 0.9199690222740173 -0.03849399834871292
-0.06322000175714493 0.9977409839630127 -0.06321900337934494
-0.08233100175857544 0.9784659743309021 -0.08233000338077545
-0.0737140029668808 0.9512109756469727 -0.0737140029668808
-0.05375099927186966 0.9199690222740173 -0.05375099927186966
-0.04528500139713287 0.9977409839630127 -0.07698599994182587
-0.0589740015566349 0.9784659743309021 -0.1002589985728264
-0.05279900133609772 0.9512109756469727 -0.08976899832487106
-0.03849399834871292 0.9199690222740173 -0.06546600162982941
-0.02395500056445599 0.9977409839630127 -0.08581099659204483
-0.03119499981403351 0.9784659743309021 -0.1117540001869202
-0.02792700007557869 0.9512109756469727 -0.1000640019774437
-0.02035699971020222 0.9199690222740173 -0.07297900319099426
-0 0.9977409839630127 -0.08892499655485153
-0 0.9784659743309021 -0.1158090010285378
-0 0.9512109756469727 -0.1036960035562515
-0 0.9199690222740173 -0.07563000172376633
0.02395500056445599 0.9977409839630127 -0.08581099659204483
0.03119499981403351 0.9784659743309021 -0.1117540001869202
0.02792700007557869 0.9512109756469727 -0.1000640019774437
0.02035699971020222 0.9199690222740173 -0.07297900319099426
0.04528500139713287 0.9977409839630127 -0.07698599994182587
0.0589740015566349 0.9784659743309021 -0.1002589985728264
0.05279900133609772 0.9512109756469727 -0.08976899832487106
0.03849399834871292 0.9199690222740173 -0.06546600162982941
0.06321900337934494 0.9977409839630127 -0.06321900337934494
0.08233000338077545 0.9784659743309021 -0.08233000338077545
0.0737140029668808 0.9512109756469727 -0.0737140029668808
0.05375099927186966 0.9199690222740173 -0.05375099927186966
0.07698500156402588 0.9977409839630127 -0.04528500139713287
0.1002589985728264 0.9784659743309021 -0.0589740015566349
0.08976899832487106 0.9512109756469727 -0.05279900133609772
0.06546600162982941 0.9199690222740173 -0.03849399834871292
0.08581099659204483 0.9977409839630127 -0.02395500056445599
0.1117540001869202 0.9784659743309021 -0.03119499981403351
0.1000640019774437 0.9512109756469727 -0.02792700007557869
0.07297900319099426 0.9199690222740173 -0.02035699971020222
-0.4149520099163055 0.7508059740066528 -0.1154860034584999
0.1154860034584999 0.7508059740066528 0.4149520099163055
0.4149520099163055 0.7508059740066528 0.1154860034584999
0.2185470014810562 0.7508059740066528 0.3721030056476593
-0.2185470014810562 0.7508059740066528 -0.3721030056476593
-0.4300850033760071 0.7508059740066528 0
-0.2185470014810562 0.7508059740066528 0.3721030056476593
0.4300850033760071 0.7508059740066528 0
-0.3721030056476593 0.7508059740066528 0.2185470014810562
-0.1154860034584999 0.7508059740066528 -0.4149520099163055
-0 0.7508059740066528 -0.4300850033760071
-0.4149520099163055 0.7508059740066528 0.1154860034584999
0.1154860034584999 0.7508059740066528 -0.4149520099163055
-0 0.7508059740066528 0.4300850033760071
-0.3721030056476593 0.7508059740066528 -0.2185470014810562
0.3721030056476593 0.7508059740066528 -0.2185470014810562
-0.1154860034584999 0.7508059740066528 0.4149520099163055
0.3721030056476593 0.7508059740066528 0.2185470014810562
0.4149520099163055 0.7508059740066528 -0.1154860034584999
0.2185470014810562 0.7508059740066528 -0.3721030056476593
0.4370729923248291 0.7500090003013611 -0.1216420009732246
-0.3053599894046783 0.7508059740066528 0.3053599894046783
0.6194270253181458 0.283145010471344 -0.1372359991073608
0.617684006690979 0.2359299957752228 -0.08594100177288055
0.6194270253181458 0.283145010471344 0.1372359991073608
0.617684006690979 0.2359299957752228 0.08594100177288055
-0.4370729923248291 0.7500090003013611 -0.1216420009732246
0.3919390141963959 0.7500090003013611 0.2301969975233078
0.3216379880905151 0.7500090003013611 0.3216390013694763
0.1216420009732246 0.7500090003013611 0.4370720088481903
0.2301969975233078 0.7500090003013611 0.3919399976730347
-0 0.7500090003013611 0.4530119895935059
0.3216379880905151 0.7500090003013611 -0.3216390013694763
-0.1216420009732246 0.7500090003013611 -0.4370720088481903
0.4370729923248291 0.7500090003013611 0.1216420009732246
-0.3919399976730347 0.7500090003013611 0.2301969975233078
-0.3216390013694763 0.7500090003013611 -0.3216390013694763
-0.2301979959011078 0.7500090003013611 -0.3919390141963959
0.2301969975233078 0.7500090003013611 -0.3919399976730347
-0.1216420009732246 0.7500090003013611 0.4370720088481903
-0.3919399976730347 0.7500090003013611 -0.2301969975233078
-0.3053599894046783 0.7508059740066528 -0.3053599894046783
0.3053599894046783 0.7508059740066528 -0.3053599894046783
0.3053599894046783 0.7508059740066528 0.3053599894046783
3 1 0 143
1233
1234
1235
1236
1237
1238
1239
1240
1241
1242
1243
1244
1245
1246
1247
1248
1249
1250
1251
1252
1253
1254
1255
1256
1257
1258
1259
1260
1261
1262
1263
1264
1265
1266
1267
1268
1269
1270
1271
1272
1273
1274
1275
1276
1277
1278
1279
1280
1281
1282
1283
1284
1285
1286
1287
1288
1289
1290
1291
1292
1293
1294
1295
1296
1297
1298
1299
1300
1301
1302
1303
1304
1305
1306
1307
1308
1309
1310
1311
1312
1313
1314
1315
1316
1317
1318
1319
1320
1321
1322
1323
1324
1325
1326
1327
1328
1329
1330
1331
1332
1333
1334
1335
1336
1337
1338
1339
1340
1341
1342
1343
1344
1345
1346
1347
1348
1349
1350
1351
1352
1353
1354
1355
1356
1357
1358
1359
1360
1361
1362
1363
1364
1365
1366
1367
1368
1369
1370
1371
1372
1373
1374
1375
-0.2120923715371821 0.7385536231603692 -0.3025743846125096
-0.06136238574604738 0.7783965714009558 -0.4490029511679245
-0.05159615936524573 0.8358034234534504 -0.06601755224666173
-0.1382909074425311 0.7596240896078545 -0.338300004031889
-0.2855352028042042 0.7594170251691259 0.2288813322256627
-0.330323943320351 0.7394912928260809 0.1603389883780356
-0.06686626653275189 0.839301097499518 0.04078731337877924
0.1437765600528074 0.7613287706095476 0.3313997133254172
0.3350902199268915 0.7662902012210002 -0.1530601018014327
0.07122120608017218 0.8342343015958695 -0.0365218466737997
0.06112886912419563 0.7866977444794462 0.4472919495464474
-0.001723784091302624 0.5807282855040949 -0.001723784091302638
0.2590386325718706 0.3559341967101908 -0.08110056595582421
-0.2890014948378438 0.3793500265514914 -0.1179260773858172
0.1196986535555785 0.3567882923540854 0.2450454552575757
-0.2071227032994472 0.5527292898117315 0.1601765103971721
0.008059519381770575 0.7260551988631834 -0.006421604668626769
0.2402578995467907 0.550531754089002 0.102562894578901
-0.1023629733111642 0.5548094871674984 -0.2411961794136214
0.1605549870912292 0.5579198168508681 -0.2076149944339023
0.04680233138445898 0.3032817643088422 -0.3153766759146429
-0.1590344939123149 0.2965819143366237 0.2815151192492583
-0.04520301832030707 0.2942374947444049 0.01455215893108464
0.03593254933794621 0.5785777293316623 0.263111364099182
0.4188338740249825 0.3189255698172777 0.06086520014195981
-0.1935842949654577 0.628743033314769 -0.02637933549438931
-0.3871007036368004 0.3136837323806961 0.09813365234378066
0.1674542435242176 0.6514679343766544 -0.02295529631910687
0.3107924877126568 0.6031435234729884 -0.1324968563165529
0.002354601779470634 0.8519676654352849 -0.0004674981228705454
-0.04555404547620658 0.7631280200806927 -0.009664054139109875
-0.08277087322946627 0.6631798338417777 0.1197524617126216
-0.05874768816121811 0.6753940687136418 -0.1378159144921695
-0.1885010212592011 0.2597133346532752 -0.2998433062642658
-0.3529640948008974 0.5330940121107984 -0.004657593889827625
0.09240990035691066 0.6689930783236648 0.1193496201633043
0.4512411472624887 0.2839939445863556 -0.1304199917034266
0.2997752527784515 0.2389010527404905 0.2228490961950084
0.2236419946012895 0.5806432452843076 0.2888995293725644
-0.3697291005018221 0.1674008367500647 -0.1030076707134406
0.2798756283242406 0.237291636022166 -0.2740245475649506
0.01935601134353039 0.4229057657816124 -0.1357868886689184
-0.2258491739978546 0.629245498453552 -0.2918406643784673
0.03377213774733662 0.1938271219637138 0.3582990094332064
-0.3570045038892057 0.6092366177240922 0.168484030564617
0.3853012917316256 0.5252090249727966 -0.1111784642317519
0.154787527241428 0.2452491245932107 0.06748926451628104
-0.02198411796014425 0.4183556979883372 0.3969133631545221
-0.04187161007536416 0.4477526596993114 0.1380083800486764
0.04308618527367463 0.6411662778199225 -0.3207316449783695
-0.103202976730005 0.6281790048282552 0.3123012066926107
0.1119420768678931 0.4326321783239177 0.0289061431216301
0.05487344151003277 0.7858848868461756 -0.01118992073199076
0.08461229532429236 0.7063841135029004 -0.1092073795272495
0.1009745731013199 0.2350773529198202 -0.1299342810532187
0.3534970005040973 0.4297227841134258 0.2120926165083124
-0.2901995344829564 0.184245034219053 0.2245697853857757
0.1302641749853895 0.6836285719109576 0.283577663022714
-0.2270276833430659 0.2082500141277842 0.03412258681339027
0.2070931241789817 0.4232704757969635 -0.353338248996317
-0.1335174107699423 0.4519766030630632 -0.03246213316720685
-0.3238721609414766 0.4184659115242515 0.263577780894364
-0.1022337706238393 0.4195520071290841 -0.3958100847576741
-1.00209390348216e-06 0.9340522043998242 0
0.3367137141404208 0.6568588426275467 -0.01349057206821171
-0.4552032495637721 0.3241614572257711 -0.0698820831202588
0.2234147765498121 0.6774358742508804 0.1727019645269904
-0.2100307248570465 0.3717660853212958 0.1198768690630272
0.3176811239640666 0.1724073394252408 -0.03342210230366761
0.2175993762149568 0.2805237293843288 0.389727625618964
0.4069778144841992 0.507952018159198 0.06315900818514714
-0.05060032855743991 0.1731876352374229 -0.368866651305838
-0.3097668099369082 0.6630496057286391 -0.1405886180802246
-0.2760951097137347 0.4391952673332233 -0.3052076662362007
-0.2439981742528557 0.6765634802616268 0.2209589828144139
-0.3716492319027555 0.2792501444820129 -0.2558135046516546
-0.01244770540828422 0.2468671923149499 0.1866951523742484
-0.110335072328867 0.6773757722848132 -0.309798872906667
0.04802540200481081 0.4692100278612835 -0.293981178149475
0.5466404746777879 0.3353100592004595 0.03991666969236723
0.3559093687046023 0.6239243756413785 0.1513762522021415
-0.1257563113844612 0.1943237519558275 -0.1295110125911657
0.1561542237561886 0.4507474318223316 0.3954690266481526
0.04042166603457028 0.5753138338438502 -0.1360670661732564
0.007885529677832301 0.7790623843084723 0.05748535435235713
-0.1626983034239903 0.4695629710768854 0.3071262555990487
0.05316686977413043 0.6084467416177639 0.410986978221635
-0.1918703019088566 0.7073527141254833 0.08122191566129698
0.2238404279475422 0.5091897774765173 -0.04561721900048048
0.2623226357028343 0.3883399344120138 0.08078353717952039
-0.1376237582719762 0.3909661969563741 -0.1999950863412913
0.337771424128922 0.4045260569681653 -0.233506921141143
0.7354404853677057 0.3958488090541607 -0.003451990601342872
0.1875595163467693 0.6827613556663844 -0.2710752258949157
0.1466003981705314 0.1637894771623337 0.2172649768879463
-0.154204357264026 0.1412476021262059 0.3607073687638927
0.1311035215218215 0.1479605316572846 -0.3481199113237007
-0.386452133564358 0.1440001131856155 0.07308662046061563
-0.06906234720249428 0.2645311923588956 0.464038871180131
0.003861955401433461 0.7008469253225778 0.2047590499699926
0.1199664583393394 0.7455181835949514 0.0507627683455851
0.1015179934807165 0.5242812562513379 0.1433216710556517
-0.3844829283911706 0.5155800616601465 -0.1651756635526564
-0.2844030983660056 0.2482002823904062 0.3753895869004226
0.3174708999814506 0.1451151245272058 -0.171272728776374
-0.2191896089755569 0.5252980058961616 -0.1411495743082884
0.06719638734602465 0.4053225110201095 -0.4537544496230173
0.2063085919990508 0.6896849634275277 -0.1363326761051614
0.1629160366698791 0.3981381594685876 -0.2017228762163291
0.1642100482756127 0.5659108577383077 -0.3563328075344817
0.2983725678614416 0.5533524185521598 -0.2790917625829797
-0.07734438237621709 0.657999316516969 -0.02920588484158893
-0.165919940894132 0.7165583388516144 -0.1282133441881042
-0.2768104063208862 0.1553549455228631 -0.2265993692762086
0.4623940644097949 0.4337776166386204 -0.0385488527874317
-0.0188734312851163 0.7951310110923532 -0.06371359605375443
0.3999800813455218 0.1651252957471321 0.1056434838377567
0.05357121416042052 0.2469203786729113 -0.4642548680691129
-0.03781936055931864 0.8120801310070122 0.02582786220377891
-0.1016332518303463 0.7440682678707381 0.06814367769938171
0.02819895141393239 0.7183417861827845 -0.2074704262703186
-0.1416737083830108 0.1699514033089757 0.2009965224424075
-0.4982358276570508 0.2658603888630651 0.03740808625032951
-0.4706161453873209 0.1746495067311585 -0.085474094426567
0.4467519891370273 0.2872456967461232 0.21024768162676
-0.08513838817263357 0.5506277549787915 -0.1050268837413272
-0.04961758135794803 0.5724106601427715 -0.4219512595270262
0.647590979066336 0.3545312420046961 -0.02130455673017873
0.2405862510649062 0.2854432020645272 -0.4352409508836548
-0.1861652118679054 0.363500864875905 0.4228906242612681
-0.1195740955018566 0.552411393916634 0.05462493004764614
-0.4069648589430617 0.4880655638484767 0.1401678293574532
0.2110362439856807 0.4614622992740969 0.2106926550432467
0.2963877740971629 0.7043320724096975 -0.1691687757442101
-0.1298138803446859 0.2868822454908614 -0.4794338678159106
-0.3152812868156534 0.6843438726787472 0.02405094454857519
0.02858394991885023 0.1750801293147277 -0.244030039245101
-0.07883375416055574 0.1362942360108164 0.05146951542971893
0.2252648927292525 0.1207520854800454 0.3189170589065927
0.0795216481363723 0.3143787069392439 0.4561544566215263
-0.2507216238510117 0.5847097045416678 0.3367184384205988
0.2253308235383937 0.704708199109732 0.05855276481262748
0.2459126106259762 0.1359107568572671 0.1040388090050173
$EndNodes
$Elements
2 6876 1 6876
2 1 2 2464
1 1 2 3 
2 1 17 2 
3 78 1 3 
4 1 23 17 
5 1 78 23 
6 2 84 3 
7 16 2 6 
8 17 6 2 
9 84 2 16 
10 3 31 39 
11 3 420 31 
12 3 39 78 
13 559 3 84 
14 558 420 3 
15 559 558 3 
16 4 5 6 
17 85 5 4 
18 4 6 7 
19 8 4 7 
20 86 4 8 
21 86 85 4 
22 6 5 16 
23 16 5 90 
24 85 70 5 
25 5 70 90 
26 7 6 17 
27 8 7 9 
28 9 7 18 
29 7 17 18 
30 10 8 9 
31 87 8 10 
32 87 86 8 
33 10 9 11 
34 11 9 19 
35 9 18 19 
36 12 10 11 
37 88 10 12 
38 88 87 10 
39 12 11 13 
40 13 11 20 
41 11 19 20 
42 14 12 13 
43 89 12 14 
44 89 88 12 
45 14 13 15 
46 15 13 21 
47 13 20 21 
48 91 14 15 
49 159 89 14 
50 159 14 91 
51 15 21 22 
52 92 15 22 
53 91 15 92 
54 84 16 54 
55 16 90 54 
56 18 17 23 
57 19 18 24 
58 18 23 24 
59 20 19 25 
60 19 24 25 
61 21 20 26 
62 20 25 26 
63 22 21 27 
64 21 26 27 
65 22 27 28 
66 103 22 28 
67 92 22 103 
68 24 23 32 
69 78 32 23 
70 25 24 33 
71 24 32 33 
72 26 25 34 
73 25 33 34 
74 27 26 35 
75 26 34 35 
76 28 27 36 
77 27 35 36 
78 28 36 37 
79 109 28 37 
80 103 28 109 
81 29 30 31 
82 30 29 53 
83 31 432 29 
84 53 29 439 
85 29 432 438 
86 29 438 439 
87 30 38 31 
88 30 47 38 
89 46 47 30 
90 30 61 46 
91 30 53 61 
92 31 38 39 
93 420 426 31 
94 31 426 432 
95 33 32 40 
96 40 32 39 
97 39 32 78 
98 34 33 41 
99 33 40 41 
100 35 34 42 
101 34 41 42 
102 36 35 43 
103 35 42 43 
104 37 36 44 
105 36 43 44 
106 37 44 45 
107 115 37 45 
108 109 37 115 
109 38 40 39 
110 47 40 38 
111 41 40 47 
112 42 41 48 
113 41 47 48 
114 43 42 49 
115 42 48 49 
116 44 43 50 
117 43 49 50 
118 45 44 51 
119 44 50 51 
120 45 51 52 
121 120 45 52 
122 115 45 120 
123 48 47 46 
124 48 46 56 
125 56 46 63 
126 63 46 61 
127 49 48 56 
128 50 49 57 
129 49 56 57 
130 51 50 58 
131 50 57 58 
132 52 51 59 
133 51 58 59 
134 52 59 60 
135 125 52 60 
136 120 52 125 
137 53 54 55 
138 54 53 571 
139 53 55 69 
140 62 61 53 
141 69 62 53 
142 53 439 575 
143 571 53 575 
144 54 90 55 
145 564 84 54 
146 564 54 568 
147 568 54 571 
148 55 71 69 
149 70 71 55 
150 90 70 55 
151 57 56 64 
152 56 63 64 
153 58 57 65 
154 57 64 65 
155 59 58 66 
156 58 65 66 
157 60 59 67 
158 59 66 67 
159 60 67 68 
160 132 60 68 
161 125 60 132 
162 62 63 61 
163 72 63 62 
164 69 72 62 
165 64 63 72 
166 65 64 73 
167 64 72 73 
168 66 65 74 
169 65 73 74 
170 67 66 75 
171 66 74 75 
172 68 67 76 
173 67 75 76 
174 68 76 77 
175 140 68 77 
176 132 68 140 
177 71 72 69 
178 79 71 70 
179 79 70 85 
180 73 72 71 
181 73 71 79 
182 74 73 79 
183 75 74 80 
184 74 79 80 
185 76 75 81 
186 75 80 81 
187 77 76 82 
188 76 81 82 
189 77 82 83 
190 147 77 83 
191 140 77 147 
192 80 79 85 
193 81 80 86 
194 80 85 86 
195 82 81 87 
196 81 86 87 
197 83 82 88 
198 82 87 88 
199 83 88 89 
200 153 83 89 
201 147 83 153 
202 560 559 84 
203 560 84 564 
204 153 89 159 
205 93 91 92 
206 160 91 93 
207 160 159 91 
208 93 92 94 
209 94 92 103 
210 95 93 94 
211 161 93 95 
212 161 160 93 
213 95 94 96 
214 96 94 104 
215 94 103 104 
216 97 95 96 
217 162 95 97 
218 162 161 95 
219 97 96 98 
220 98 96 105 
221 96 104 105 
222 99 97 98 
223 163 97 99 
224 163 162 97 
225 99 98 100 
226 100 98 106 
227 98 105 106 
228 101 99 100 
229 99 101 164 
230 164 163 99 
231 101 100 102 
232 102 100 107 
233 100 106 107 
234 567 101 102 
235 164 101 580 
236 567 570 101 
237 101 570 574 
238 101 574 580 
239 102 107 108 
240 567 102 108 
241 104 103 109 
242 105 104 110 
243 104 109 110 
244 106 105 111 
245 105 110 111 
246 107 106 112 
247 106 111 112 
248 108 107 113 
249 107 112 113 
250 108 113 114 
251 696 108 114 
252 696 567 108 
253 110 109 115 
254 111 110 116 
255 110 115 116 
256 112 111 117 
257 111 116 117 
258 113 112 118 
259 112 117 118 
260 114 113 119 
261 113 118 119 
262 119 151 114 
263 696 114 151 
264 116 115 120 
265 117 116 121 
266 116 120 121 
267 118 117 122 
268 117 121 122 
269 119 118 123 
270 118 122 123 
271 119 123 124 
272 119 124 151 
273 121 120 125 
274 122 121 126 
275 121 125 126 
276 123 122 127 
277 122 126 127 
278 124 123 128 
279 123 127 128 
280 124 128 129 
281 124 129 130 
282 151 124 130 
283 126 125 132 
284 127 126 133 
285 126 132 133 
286 128 127 134 
287 127 133 134 
288 129 128 135 
289 128 134 135 
290 130 129 131 
291 129 136 131 
292 129 135 136 
293 130 131 701 
294 151 130 152 
295 130 701 152 
296 131 136 137 
297 131 137 701 
298 133 132 140 
299 134 133 141 
300 133 140 141 
301 135 134 142 
302 134 141 142 
303 136 135 143 
304 135 142 143 
305 136 138 137 
306 136 143 138 
307 137 138 139 
308 137 139 145 
309 145 701 137 
310 138 146 139 
311 138 143 150 
312 138 150 146 
313 139 144 145 
314 139 146 144 
315 141 140 147 
316 142 141 148 
317 141 147 148 
318 143 142 149 
319 142 148 149 
320 143 149 150 
321 144 580 145 
322 144 146 157 
323 144 157 158 
324 580 144 158 
325 145 580 581 
326 145 581 711 
327 701 145 706 
328 706 145 711 
329 146 150 156 
330 146 156 157 
331 148 147 153 
332 149 148 154 
333 148 153 154 
334 150 149 155 
335 149 154 155 
336 150 155 156 
337 152 696 151 
338 692 691 152 
339 691 696 152 
340 692 152 697 
341 697 152 701 
342 154 153 159 
343 155 154 160 
344 154 159 160 
345 156 155 161 
346 155 160 161 
347 157 156 162 
348 156 161 162 
349 158 157 163 
350 157 162 163 
351 158 163 164 
352 580 158 164 
353 165 166 167 
354 165 632 166 
355 165 167 245 
356 237 165 245 
357 628 165 237 
358 628 627 165 
359 627 632 165 
360 166 169 167 
361 169 166 170 
362 166 507 170 
363 166 505 506 
364 632 505 166 
365 166 506 507 
366 246 167 169 
367 245 167 239 
368 167 246 239 
369 168 169 170 
370 168 246 169 
371 172 168 170 
372 171 168 172 
373 247 168 171 
374 246 168 247 
375 170 189 172 
376 170 511 189 
377 170 507 511 
378 171 172 173 
379 174 171 173 
380 248 171 174 
381 248 247 171 
382 173 172 182 
383 182 172 189 
384 174 173 175 
385 175 173 183 
386 173 182 183 
387 176 174 175 
388 249 174 176 
389 249 248 174 
390 176 175 177 
391 177 175 184 
392 175 183 184 
393 178 176 177 
394 250 176 178 
395 250 249 176 
396 178 177 179 
397 179 177 185 
398 177 184 185 
399 180 178 179 
400 251 178 180 
401 251 250 178 
402 180 179 181 
403 181 179 186 
404 179 185 186 
405 252 180 181 
406 318 251 180 
407 318 180 252 
408 181 186 187 
409 253 181 187 
410 252 181 253 
411 183 182 188 
412 188 182 189 
413 184 183 192 
414 183 188 192 
415 185 184 193 
416 184 192 193 
417 186 185 194 
418 185 193 194 
419 187 186 195 
420 186 194 195 
421 187 195 196 
422 264 187 196 
423 253 187 264 
424 190 188 189 
425 197 188 190 
426 192 188 197 
427 190 189 191 
428 189 511 191 
429 191 514 190 
430 1213 197 190 
431 514 1213 190 
432 191 511 512 
433 191 512 513 
434 514 191 513 
435 193 192 198 
436 192 197 198 
437 194 193 199 
438 193 198 199 
439 195 194 200 
440 194 199 200 
441 196 195 201 
442 195 200 201 
443 196 201 202 
444 270 196 202 
445 264 196 270 
446 198 197 203 
447 203 197 1213 
448 199 198 204 
449 198 203 204 
450 200 199 205 
451 199 204 205 
452 201 200 206 
453 200 205 206 
454 202 201 207 
455 201 206 207 
456 202 207 208 
457 276 202 208 
458 270 202 276 
459 204 203 209 
460 209 203 215 
461 203 1214 215 
462 1214 203 1213 
463 205 204 210 
464 204 209 210 
465 206 205 211 
466 205 210 211 
467 207 206 212 
468 206 211 212 
469 208 207 213 
470 207 212 213 
471 208 213 214 
472 282 208 214 
473 276 208 282 
474 210 209 218 
475 215 1212 209 
476 218 209 1212 
477 211 210 219 
478 210 218 219 
479 212 211 220 
480 211 219 220 
481 213 212 221 
482 212 220 221 
483 214 213 222 
484 213 221 222 
485 214 222 223 
486 288 214 223 
487 282 214 288 
488 216 217 215 
489 216 215 1214 
490 217 766 215 
491 766 765 215 
492 1212 215 765 
493 217 216 633 
494 216 514 515 
495 514 216 1213 
496 216 515 642 
497 633 216 642 
498 1214 1213 216 
499 634 217 633 
500 767 217 634 
501 767 766 217 
502 219 218 224 
503 224 218 1211 
504 218 1212 1211 
505 220 219 225 
506 219 224 225 
507 221 220 226 
508 220 225 226 
509 222 221 227 
510 221 226 227 
511 223 222 228 
512 222 227 228 
513 223 228 229 
514 294 223 229 
515 288 223 294 
516 225 224 230 
517 230 224 238 
518 224 1211 238 
519 226 225 231 
520 225 230 231 
521 227 226 232 
522 226 231 232 
523 228 227 233 
524 227 232 233 
525 229 228 234 
526 228 233 234 
527 229 234 235 
528 300 229 235 
529 294 229 300 
530 231 230 239 
531 238 245 230 
532 239 230 245 
533 232 231 240 
534 231 239 240 
535 233 232 241 
536 232 240 241 
537 234 233 242 
538 233 241 242 
539 235 234 243 
540 234 242 243 
541 235 243 244 
542 306 235 244 
543 300 235 306 
544 236 237 238 
545 629 237 236 
546 238 1211 236 
547 759 629 236 
548 759 236 765 
549 1211 765 236 
550 238 237 245 
551 629 628 237 
552 240 239 246 
553 241 240 247 
554 240 246 247 
555 242 241 248 
556 241 247 248 
557 243 242 249 
558 242 248 249 
559 244 243 250 
560 243 249 250 
561 244 250 251 
562 312 244 251 
563 306 244 312 
564 312 251 318 
565 254 252 253 
566 319 252 254 
567 319 318 252 
568 254 253 255 
569 255 253 264 
570 256 254 255 
571 320 254 256 
572 320 319 254 
573 256 255 257 
574 257 255 265 
575 255 264 265 
576 258 256 257 
577 321 256 258 
578 321 320 256 
579 258 257 259 
580 259 257 266 
581 257 265 266 
582 260 258 259 
583 322 258 260 
584 322 321 258 
585 260 259 261 
586 261 259 267 
587 259 266 267 
588 262 260 261 
589 323 260 262 
590 323 322 260 
591 262 261 263 
592 263 261 268 
593 261 267 268 
594 262 263 324 
595 323 262 331 
596 333 262 324 
597 262 333 331 
598 263 268 269 
599 263 269 335 
600 324 263 335 
601 265 264 270 
602 266 265 271 
603 265 270 271 
604 267 266 272 
605 266 271 272 
606 268 267 273 
607 267 272 273 
608 269 268 274 
609 268 273 274 
610 269 274 275 
611 269 275 329 
612 335 269 329 
613 271 270 276 
614 272 271 277 
615 271 276 277 
616 273 272 278 
617 272 277 278 
618 274 273 279 
619 273 278 279 
620 275 274 280 
621 274 279 280 
622 275 280 281 
623 275 281 334 
624 329 275 334 
625 277 276 282 
626 278 277 283 
627 277 282 283 
628 279 278 284 
629 278 283 284 
630 280 279 285 
631 279 284 285 
632 281 280 286 
633 280 285 286 
634 281 286 287 
635 281 287 330 
636 334 281 330 
637 283 282 288 
638 284 283 289 
639 283 288 289 
640 285 284 290 
641 284 289 290 
642 286 285 291 
643 285 290 291 
644 287 286 292 
645 286 291 292 
646 287 292 293 
647 287 293 328 
648 330 287 328 
649 289 288 294 
650 290 289 295 
651 289 294 295 
652 291 290 296 
653 290 295 296 
654 292 291 297 
655 291 296 297 
656 293 292 298 
657 292 297 298 
658 293 298 299 
659 293 299 328 
660 295 294 300 
661 296 295 301 
662 295 300 301 
663 297 296 302 
664 296 301 302 
665 298 297 303 
666 297 302 303 
667 299 298 304 
668 298 303 304 
669 299 304 305 
670 299 305 327 
671 299 327 328 
672 301 300 306 
673 302 301 307 
674 301 306 307 
675 303 302 308 
676 302 307 308 
677 304 303 309 
678 303 308 309 
679 305 304 310 
680 304 309 310 
681 305 310 311 
682 305 311 326 
683 305 326 327 
684 307 306 312 
685 308 307 313 
686 307 312 313 
687 309 308 314 
688 308 313 314 
689 310 309 315 
690 309 314 315 
691 311 310 316 
692 310 315 316 
693 311 316 317 
694 311 317 325 
695 311 325 326 
696 313 312 318 
697 314 313 319 
698 313 318 319 
699 315 314 320 
700 314 319 320 
701 316 315 321 
702 315 320 321 
703 317 316 322 
704 316 321 322 
705 317 322 323 
706 317 323 332 
707 317 332 325 
708 323 331 332 
709 333 324 336 
710 324 335 336 
711 326 325 336 
712 325 332 336 
713 327 326 336 
714 328 327 336 
715 330 328 336 
716 329 334 336 
717 335 329 336 
718 334 330 336 
719 332 331 336 
720 331 333 336 
721 337 338 339 
722 338 337 497 
723 337 339 340 
724 341 337 340 
725 498 337 341 
726 497 337 498 
727 339 338 898 
728 497 496 338 
729 898 338 496 
730 340 339 351 
731 351 339 1223 
732 1223 339 898 
733 341 340 342 
734 342 340 352 
735 340 351 352 
736 343 341 342 
737 499 341 343 
738 499 498 341 
739 343 342 344 
740 344 342 353 
741 342 352 353 
742 345 343 344 
743 500 343 345 
744 500 499 343 
745 345 344 346 
746 346 344 354 
747 344 353 354 
748 347 345 346 
749 501 345 347 
750 501 500 345 
751 347 346 348 
752 348 346 355 
753 346 354 355 
754 349 347 348 
755 502 347 349 
756 502 501 347 
757 349 348 350 
758 350 348 356 
759 348 355 356 
760 503 349 350 
761 630 502 349 
762 630 349 503 
763 350 356 357 
764 504 350 357 
765 503 350 504 
766 352 351 358 
767 358 351 1216 
768 1216 351 1223 
769 353 352 359 
770 352 358 359 
771 354 353 360 
772 353 359 360 
773 355 354 361 
774 354 360 361 
775 356 355 362 
776 355 361 362 
777 357 356 363 
778 356 362 363 
779 357 363 364 
780 508 357 364 
781 504 357 508 
782 359 358 365 
783 358 1219 365 
784 358 1216 1217 
785 358 1217 1219 
786 360 359 366 
787 359 365 366 
788 361 360 367 
789 360 366 367 
790 362 361 368 
791 361 367 368 
792 363 362 369 
793 362 368 369 
794 364 363 370 
795 363 369 370 
796 364 370 371 
797 516 364 371 
798 508 364 516 
799 366 365 372 
800 365 1218 372 
801 365 1219 1218 
802 367 366 373 
803 366 372 373 
804 368 367 374 
805 367 373 374 
806 369 368 375 
807 368 374 375 
808 370 369 376 
809 369 375 376 
810 371 370 377 
811 370 376 377 
812 371 377 378 
813 522 371 378 
814 516 371 522 
815 373 372 379 
816 372 1220 379 
817 372 1218 1220 
818 374 373 380 
819 373 379 380 
820 375 374 381 
821 374 380 381 
822 376 375 382 
823 375 381 382 
824 377 376 383 
825 376 382 383 
826 378 377 384 
827 377 383 384 
828 378 384 385 
829 528 378 385 
830 522 378 528 
831 380 379 386 
832 386 379 1220 
833 381 380 387 
834 380 386 387 
835 382 381 388 
836 381 387 388 
837 383 382 389 
838 382 388 389 
839 384 383 390 
840 383 389 390 
841 385 384 391 
842 384 390 391 
843 385 391 392 
844 534 385 392 
845 528 385 534 
846 387 386 393 
847 393 386 1228 
848 1228 386 1220 
849 388 387 394 
850 387 393 394 
851 389 388 395 
852 388 394 395 
853 390 389 396 
854 389 395 396 
855 391 390 397 
856 390 396 397 
857 392 391 398 
858 391 397 398 
859 392 398 399 
860 540 392 399 
861 534 392 540 
862 394 393 400 
863 400 393 892 
864 892 393 1228 
865 395 394 401 
866 394 400 401 
867 396 395 402 
868 395 401 402 
869 397 396 403 
870 396 402 403 
871 398 397 404 
872 397 403 404 
873 399 398 405 
874 398 404 405 
875 399 405 406 
876 546 399 406 
877 540 399 546 
878 401 400 407 
879 400 1224 407 
880 400 892 893 
881 400 893 1224 
882 402 401 408 
883 401 407 408 
884 403 402 409 
885 402 408 409 
886 404 403 410 
887 403 409 410 
888 405 404 411 
889 404 410 411 
890 406 405 412 
891 405 411 412 
892 406 412 413 
893 552 406 413 
894 546 406 552 
895 408 407 414 
896 897 414 407 
897 1224 897 407 
898 409 408 415 
899 408 414 415 
900 410 409 416 
901 409 415 416 
902 411 410 417 
903 410 416 417 
904 412 411 418 
905 411 417 418 
906 413 412 419 
907 412 418 419 
908 413 419 420 
909 558 413 420 
910 552 413 558 
911 415 414 421 
912 899 421 414 
913 897 899 414 
914 416 415 422 
915 415 421 422 
916 417 416 423 
917 416 422 423 
918 418 417 424 
919 417 423 424 
920 419 418 425 
921 418 424 425 
922 420 419 426 
923 419 425 426 
924 422 421 427 
925 427 421 899 
926 423 422 428 
927 422 427 428 
928 424 423 429 
929 423 428 429 
930 425 424 430 
931 424 429 430 
932 426 425 431 
933 425 430 431 
934 426 431 432 
935 428 427 433 
936 433 427 1215 
937 1215 427 899 
938 429 428 434 
939 428 433 434 
940 430 429 435 
941 429 434 435 
942 431 430 436 
943 430 435 436 
944 432 431 437 
945 431 436 437 
946 432 437 438 
947 434 433 440 
948 440 433 1229 
949 1229 433 1215 
950 435 434 441 
951 434 440 441 
952 436 435 442 
953 435 441 442 
954 437 436 443 
955 436 442 443 
956 438 437 444 
957 437 443 444 
958 439 438 445 
959 438 444 445 
960 439 445 446 
961 575 439 446 
962 441 440 447 
963 1226 447 440 
964 440 1225 1226 
965 1229 1225 440 
966 442 441 448 
967 441 447 448 
968 443 442 449 
969 442 448 449 
970 444 443 450 
971 443 449 450 
972 445 444 451 
973 444 450 451 
974 446 445 452 
975 445 451 452 
976 446 452 453 
977 582 446 453 
978 575 446 582 
979 448 447 454 
980 1222 454 447 
981 1226 1222 447 
982 449 448 455 
983 448 454 455 
984 450 449 456 
985 449 455 456 
986 451 450 457 
987 450 456 457 
988 452 451 458 
989 451 457 458 
990 453 452 459 
991 452 458 459 
992 453 459 460 
993 588 453 460 
994 582 453 588 
995 455 454 461 
996 894 461 454 
997 1222 894 454 
998 456 455 462 
999 455 461 462 
1000 457 456 463 
1001 456 462 463 
1002 458 457 464 
1003 457 463 464 
1004 459 458 465 
1005 458 464 465 
1006 460 459 466 
1007 459 465 466 
1008 460 466 467 
1009 594 460 467 
1010 588 460 594 
1011 462 461 468 
1012 468 461 894 
1013 463 462 469 
1014 462 468 469 
1015 464 463 470 
1016 463 469 470 
1017 465 464 471 
1018 464 470 471 
1019 466 465 472 
1020 465 471 472 
1021 467 466 473 
1022 466 472 473 
1023 467 473 474 
1024 600 467 474 
1025 594 467 600 
1026 469 468 475 
1027 475 468 895 
1028 894 895 468 
1029 470 469 476 
1030 469 475 476 
1031 471 470 477 
1032 470 476 477 
1033 472 471 478 
1034 471 477 478 
1035 473 472 479 
1036 472 478 479 
1037 474 473 480 
1038 473 479 480 
1039 474 480 481 
1040 606 474 481 
1041 600 474 606 
1042 476 475 482 
1043 482 475 1227 
1044 895 1227 475 
1045 477 476 483 
1046 476 482 483 
1047 478 477 484 
1048 477 483 484 
1049 479 478 485 
1050 478 484 485 
1051 480 479 486 
1052 479 485 486 
1053 481 480 487 
1054 480 486 487 
1055 481 487 488 
1056 612 481 488 
1057 606 481 612 
1058 483 482 489 
1059 896 489 482 
1060 482 1221 896 
1061 1227 1221 482 
1062 484 483 490 
1063 483 489 490 
1064 485 484 491 
1065 484 490 491 
1066 486 485 492 
1067 485 491 492 
1068 487 486 493 
1069 486 492 493 
1070 488 487 494 
1071 487 493 494 
1072 488 494 495 
1073 618 488 495 
1074 612 488 618 
1075 490 489 496 
1076 1209 496 489 
1077 896 1209 489 
1078 491 490 497 
1079 490 496 497 
1080 492 491 498 
1081 491 497 498 
1082 493 492 499 
1083 492 498 499 
1084 494 493 500 
1085 493 499 500 
1086 495 494 501 
1087 494 500 501 
1088 495 501 502 
1089 624 495 502 
1090 618 495 624 
1091 1209 898 496 
1092 624 502 630 
1093 505 503 504 
1094 631 503 505 
1095 631 630 503 
1096 505 504 506 
1097 506 504 508 
1098 632 631 505 
1099 507 506 509 
1100 506 508 509 
1101 507 509 510 
1102 511 507 510 
1103 509 508 516 
1104 510 509 517 
1105 509 516 517 
1106 511 510 512 
1107 512 510 518 
1108 510 517 518 
1109 513 512 519 
1110 512 518 519 
1111 514 513 515 
1112 515 513 520 
1113 513 519 520 
1114 515 520 521 
1115 642 515 521 
1116 517 516 522 
1117 518 517 523 
1118 517 522 523 
1119 519 518 524 
1120 518 523 524 
1121 520 519 525 
1122 519 524 525 
1123 521 520 526 
1124 520 525 526 
1125 521 526 527 
1126 648 521 527 
1127 642 521 648 
1128 523 522 528 
1129 524 523 529 
1130 523 528 529 
1131 525 524 530 
1132 524 529 530 
1133 526 525 531 
1134 525 530 531 
1135 527 526 532 
1136 526 531 532 
1137 527 532 533 
1138 654 527 533 
1139 648 527 654 
1140 529 528 534 
1141 530 529 535 
1142 529 534 535 
1143 531 530 536 
1144 530 535 536 
1145 532 531 537 
1146 531 536 537 
1147 533 532 538 
1148 532 537 538 
1149 533 538 539 
1150 660 533 539 
1151 654 533 660 
1152 535 534 540 
1153 536 535 541 
1154 535 540 541 
1155 537 536 542 
1156 536 541 542 
1157 538 537 543 
1158 537 542 543 
1159 539 538 544 
1160 538 543 544 
1161 539 544 545 
1162 666 539 545 
1163 660 539 666 
1164 541 540 546 
1165 542 541 547 
1166 541 546 547 
1167 543 542 548 
1168 542 547 548 
1169 544 543 549 
1170 543 548 549 
1171 545 544 550 
1172 544 549 550 
1173 545 550 551 
1174 672 545 551 
1175 666 545 672 
1176 547 546 552 
1177 548 547 553 
1178 547 552 553 
1179 549 548 554 
1180 548 553 554 
1181 550 549 555 
1182 549 554 555 
1183 551 550 556 
1184 550 555 556 
1185 551 556 557 
1186 678 551 557 
1187 672 551 678 
1188 553 552 558 
1189 554 553 559 
1190 553 558 559 
1191 555 554 560 
1192 554 559 560 
1193 556 555 561 
1194 555 560 561 
1195 557 556 562 
1196 556 561 562 
1197 557 562 563 
1198 684 557 563 
1199 678 557 684 
1200 561 560 564 
1201 562 561 565 
1202 561 564 565 
1203 563 562 566 
1204 562 565 566 
1205 563 566 567 
1206 690 563 567 
1207 684 563 690 
1208 565 564 568 
1209 566 565 569 
1210 565 568 569 
1211 567 566 570 
1212 566 569 570 
1213 690 567 696 
1214 569 568 572 
1215 568 571 572 
1216 570 569 573 
1217 569 572 573 
1218 570 573 574 
1219 572 571 576 
1220 571 575 576 
1221 573 572 577 
1222 572 576 577 
1223 574 573 578 
1224 573 577 578 
1225 574 578 579 
1226 580 574 579 
1227 576 575 582 
1228 577 576 583 
1229 576 582 583 
1230 578 577 584 
1231 577 583 584 
1232 579 578 585 
1233 578 584 585 
1234 580 579 581 
1235 581 579 586 
1236 579 585 586 
1237 581 586 587 
1238 711 581 587 
1239 583 582 588 
1240 584 583 589 
1241 583 588 589 
1242 585 584 590 
1243 584 589 590 
1244 586 585 591 
1245 585 590 591 
1246 587 586 592 
1247 586 591 592 
1248 587 592 593 
1249 717 587 593 
1250 711 587 717 
1251 589 588 594 
1252 590 589 595 
1253 589 594 595 
1254 591 590 596 
1255 590 595 596 
1256 592 591 597 
1257 591 596 597 
1258 593 592 598 
1259 592 597 598 
1260 593 598 599 
1261 723 593 599 
1262 717 593 723 
1263 595 594 600 
1264 596 595 601 
1265 595 600 601 
1266 597 596 602 
1267 596 601 602 
1268 598 597 603 
1269 597 602 603 
1270 599 598 604 
1271 598 603 604 
1272 599 604 605 
1273 729 599 605 
1274 723 599 729 
1275 601 600 606 
1276 602 601 607 
1277 601 606 607 
1278 603 602 608 
1279 602 607 608 
1280 604 603 609 
1281 603 608 609 
1282 605 604 610 
1283 604 609 610 
1284 605 610 611 
1285 735 605 611 
1286 729 605 735 
1287 607 606 612 
1288 608 607 613 
1289 607 612 613 
1290 609 608 614 
1291 608 613 614 
1292 610 609 615 
1293 609 614 615 
1294 611 610 616 
1295 610 615 616 
1296 611 616 617 
1297 741 611 617 
1298 735 611 741 
1299 613 612 618 
1300 614 613 619 
1301 613 618 619 
1302 615 614 620 
1303 614 619 620 
1304 616 615 621 
1305 615 620 621 
1306 617 616 622 
1307 616 621 622 
1308 617 622 623 
1309 747 617 623 
1310 741 617 747 
1311 619 618 624 
1312 620 619 625 
1313 619 624 625 
1314 621 620 626 
1315 620 625 626 
1316 622 621 627 
1317 621 626 627 
1318 623 622 628 
1319 622 627 628 
1320 623 628 629 
1321 753 623 629 
1322 747 623 753 
1323 625 624 630 
1324 626 625 631 
1325 625 630 631 
1326 627 626 632 
1327 626 631 632 
1328 753 629 759 
1329 634 633 635 
1330 635 633 643 
1331 633 642 643 
1332 636 634 635 
1333 768 634 636 
1334 768 767 634 
1335 636 635 637 
1336 637 635 644 
1337 635 643 644 
1338 638 636 637 
1339 769 636 638 
1340 769 768 636 
1341 638 637 639 
1342 639 637 645 
1343 637 644 645 
1344 640 638 639 
1345 770 638 640 
1346 770 769 638 
1347 640 639 641 
1348 641 639 646 
1349 639 645 646 
1350 641 780 640 
1351 640 781 770 
1352 640 780 781 
1353 641 646 647 
1354 647 891 641 
1355 641 891 780 
1356 643 642 648 
1357 644 643 649 
1358 643 648 649 
1359 645 644 650 
1360 644 649 650 
1361 646 645 651 
1362 645 650 651 
1363 647 646 652 
1364 646 651 652 
1365 647 652 653 
1366 653 886 647 
1367 647 886 891 
1368 649 648 654 
1369 650 649 655 
1370 649 654 655 
1371 651 650 656 
1372 650 655 656 
1373 652 651 657 
1374 651 656 657 
1375 653 652 658 
1376 652 657 658 
1377 653 658 659 
1378 659 881 653 
1379 653 881 886 
1380 655 654 660 
1381 656 655 661 
1382 655 660 661 
1383 657 656 662 
1384 656 661 662 
1385 658 657 663 
1386 657 662 663 
1387 659 658 664 
1388 658 663 664 
1389 659 664 665 
1390 665 876 659 
1391 659 876 881 
1392 661 660 666 
1393 662 661 667 
1394 661 666 667 
1395 663 662 668 
1396 662 667 668 
1397 664 663 669 
1398 663 668 669 
1399 665 664 670 
1400 664 669 670 
1401 665 670 671 
1402 671 871 665 
1403 665 871 876 
1404 667 666 672 
1405 668 667 673 
1406 667 672 673 
1407 669 668 674 
1408 668 673 674 
1409 670 669 675 
1410 669 674 675 
1411 671 670 676 
1412 670 675 676 
1413 671 676 677 
1414 677 866 671 
1415 671 866 871 
1416 673 672 678 
1417 674 673 679 
1418 673 678 679 
1419 675 674 680 
1420 674 679 680 
1421 676 675 681 
1422 675 680 681 
1423 677 676 682 
1424 676 681 682 
1425 677 682 683 
1426 683 861 677 
1427 677 861 866 
1428 679 678 684 
1429 680 679 685 
1430 679 684 685 
1431 681 680 686 
1432 680 685 686 
1433 682 681 687 
1434 681 686 687 
1435 683 682 688 
1436 682 687 688 
1437 683 688 689 
1438 689 856 683 
1439 683 856 861 
1440 685 684 690 
1441 686 685 691 
1442 685 690 691 
1443 687 686 692 
1444 686 691 692 
1445 688 687 693 
1446 687 692 693 
1447 689 688 694 
1448 688 693 694 
1449 689 694 695 
1450 695 851 689 
1451 689 851 856 
1452 691 690 696 
1453 693 692 697 
1454 694 693 698 
1455 693 697 698 
1456 695 694 699 
1457 694 698 699 
1458 695 699 700 
1459 700 846 695 
1460 695 846 851 
1461 698 697 702 
1462 697 701 702 
1463 699 698 703 
1464 698 702 703 
1465 700 699 704 
1466 699 703 704 
1467 700 704 705 
1468 705 841 700 
1469 700 841 846 
1470 702 701 706 
1471 703 702 707 
1472 702 706 707 
1473 704 703 708 
1474 703 707 708 
1475 705 704 709 
1476 704 708 709 
1477 705 709 710 
1478 710 836 705 
1479 705 836 841 
1480 707 706 712 
1481 706 711 712 
1482 708 707 713 
1483 707 712 713 
1484 709 708 714 
1485 708 713 714 
1486 710 709 715 
1487 709 714 715 
1488 710 715 716 
1489 716 831 710 
1490 710 831 836 
1491 712 711 717 
1492 713 712 718 
1493 712 717 718 
1494 714 713 719 
1495 713 718 719 
1496 715 714 720 
1497 714 719 720 
1498 716 715 721 
1499 715 720 721 
1500 716 721 722 
1501 722 826 716 
1502 716 826 831 
1503 718 717 723 
1504 719 718 724 
1505 718 723 724 
1506 720 719 725 
1507 719 724 725 
1508 721 720 726 
1509 720 725 726 
1510 722 721 727 
1511 721 726 727 
1512 722 727 728 
1513 728 821 722 
1514 722 821 826 
1515 724 723 729 
1516 725 724 730 
1517 724 729 730 
1518 726 725 731 
1519 725 730 731 
1520 727 726 732 
1521 726 731 732 
1522 728 727 733 
1523 727 732 733 
1524 728 733 734 
1525 734 816 728 
1526 728 816 821 
1527 730 729 735 
1528 731 730 736 
1529 730 735 736 
1530 732 731 737 
1531 731 736 737 
1532 733 732 738 
1533 732 737 738 
1534 734 733 739 
1535 733 738 739 
1536 734 739 740 
1537 740 811 734 
1538 734 811 816 
1539 736 735 741 
1540 737 736 742 
1541 736 741 742 
1542 738 737 743 
1543 737 742 743 
1544 739 738 744 
1545 738 743 744 
1546 740 739 745 
1547 739 744 745 
1548 740 745 746 
1549 746 806 740 
1550 740 806 811 
1551 742 741 747 
1552 743 742 748 
1553 742 747 748 
1554 744 743 749 
1555 743 748 749 
1556 745 744 750 
1557 744 749 750 
1558 746 745 751 
1559 745 750 751 
1560 746 751 752 
1561 752 801 746 
1562 746 801 806 
1563 748 747 753 
1564 749 748 754 
1565 748 753 754 
1566 750 749 755 
1567 749 754 755 
1568 751 750 756 
1569 750 755 756 
1570 752 751 757 
1571 751 756 757 
1572 752 757 758 
1573 758 796 752 
1574 752 796 801 
1575 754 753 759 
1576 755 754 760 
1577 754 759 760 
1578 756 755 761 
1579 755 760 761 
1580 757 756 762 
1581 756 761 762 
1582 758 757 763 
1583 757 762 763 
1584 758 763 764 
1585 764 791 758 
1586 758 791 796 
1587 760 759 765 
1588 761 760 766 
1589 760 765 766 
1590 762 761 767 
1591 761 766 767 
1592 763 762 768 
1593 762 767 768 
1594 764 763 769 
1595 763 768 769 
1596 764 769 770 
1597 770 786 764 
1598 764 786 791 
1599 765 1211 1212 
1600 770 781 786 
1601 771 772 773 
1602 887 772 771 
1603 774 771 773 
1604 888 771 774 
1605 888 887 771 
1606 773 772 782 
1607 782 772 787 
1608 787 772 792 
1609 792 772 797 
1610 797 772 802 
1611 802 772 807 
1612 807 772 812 
1613 812 772 817 
1614 817 772 822 
1615 822 772 827 
1616 827 772 832 
1617 832 772 837 
1618 837 772 842 
1619 842 772 847 
1620 847 772 852 
1621 852 772 857 
1622 857 772 862 
1623 862 772 867 
1624 867 772 872 
1625 872 772 877 
1626 877 772 882 
1627 882 772 887 
1628 774 773 775 
1629 775 773 782 
1630 776 774 775 
1631 889 774 776 
1632 889 888 774 
1633 776 775 777 
1634 777 775 783 
1635 775 782 783 
1636 778 776 777 
1637 890 776 778 
1638 890 889 776 
1639 778 777 779 
1640 779 777 784 
1641 777 783 784 
1642 780 778 779 
1643 891 778 780 
1644 891 890 778 
1645 780 779 781 
1646 781 779 785 
1647 779 784 785 
1648 781 785 786 
1649 783 782 787 
1650 784 783 788 
1651 783 787 788 
1652 785 784 789 
1653 784 788 789 
1654 786 785 790 
1655 785 789 790 
1656 786 790 791 
1657 788 787 792 
1658 789 788 793 
1659 788 792 793 
1660 790 789 794 
1661 789 793 794 
1662 791 790 795 
1663 790 794 795 
1664 791 795 796 
1665 793 792 797 
1666 794 793 798 
1667 793 797 798 
1668 795 794 799 
1669 794 798 799 
1670 796 795 800 
1671 795 799 800 
1672 796 800 801 
1673 798 797 802 
1674 799 798 803 
1675 798 802 803 
1676 800 799 804 
1677 799 803 804 
1678 801 800 805 
1679 800 804 805 
1680 801 805 806 
1681 803 802 807 
1682 804 803 808 
1683 803 807 808 
1684 805 804 809 
1685 804 808 809 
1686 806 805 810 
1687 805 809 810 
1688 806 810 811 
1689 808 807 812 
1690 809 808 813 
1691 808 812 813 
1692 810 809 814 
1693 809 813 814 
1694 811 810 815 
1695 810 814 815 
1696 811 815 816 
1697 813 812 817 
1698 814 813 818 
1699 813 817 818 
1700 815 814 819 
1701 814 818 819 
1702 816 815 820 
1703 815 819 820 
1704 816 820 821 
1705 818 817 822 
1706 819 818 823 
1707 818 822 823 
1708 820 819 824 
1709 819 823 824 
1710 821 820 825 
1711 820 824 825 
1712 821 825 826 
1713 823 822 827 
1714 824 823 828 
1715 823 827 828 
1716 825 824 829 
1717 824 828 829 
1718 826 825 830 
1719 825 829 830 
1720 826 830 831 
1721 828 827 832 
1722 829 828 833 
1723 828 832 833 
1724 830 829 834 
1725 829 833 834 
1726 831 830 835 
1727 830 834 835 
1728 831 835 836 
1729 833 832 837 
1730 834 833 838 
1731 833 837 838 
1732 835 834 839 
1733 834 838 839 
1734 836 835 840 
1735 835 839 840 
1736 836 840 841 
1737 838 837 842 
1738 839 838 843 
1739 838 842 843 
1740 840 839 844 
1741 839 843 844 
1742 841 840 845 
1743 840 844 845 
1744 841 845 846 
1745 843 842 847 
1746 844 843 848 
1747 843 847 848 
1748 845 844 849 
1749 844 848 849 
1750 846 845 850 
1751 845 849 850 
1752 846 850 851 
1753 848 847 852 
1754 849 848 853 
1755 848 852 853 
1756 850 849 854 
1757 849 853 854 
1758 851 850 855 
1759 850 854 855 
1760 851 855 856 
1761 853 852 857 
1762 854 853 858 
1763 853 857 858 
1764 855 854 859 
1765 854 858 859 
1766 856 855 860 
1767 855 859 860 
1768 856 860 861 
1769 858 857 862 
1770 859 858 863 
1771 858 862 863 
1772 860 859 864 
1773 859 863 864 
1774 861 860 865 
1775 860 864 865 
1776 861 865 866 
1777 863 862 867 
1778 864 863 868 
1779 863 867 868 
1780 865 864 869 
1781 864 868 869 
1782 866 865 870 
1783 865 869 870 
1784 866 870 871 
1785 868 867 872 
1786 869 868 873 
1787 868 872 873 
1788 870 869 874 
1789 869 873 874 
1790 871 870 875 
1791 870 874 875 
1792 871 875 876 
1793 873 872 877 
1794 874 873 878 
1795 873 877 878 
1796 875 874 879 
1797 874 878 879 
1798 876 875 880 
1799 875 879 880 
1800 876 880 881 
1801 878 877 882 
1802 879 878 883 
1803 878 882 883 
1804 880 879 884 
1805 879 883 884 
1806 881 880 885 
1807 880 884 885 
1808 881 885 886 
1809 883 882 887 
1810 884 883 888 
1811 883 887 888 
1812 885 884 889 
1813 884 888 889 
1814 886 885 890 
1815 885 889 890 
1816 886 890 891 
1817 1210 893 892 
1818 1195 1210 892 
1819 892 1228 1195 
1820 1210 1197 893 
1821 1197 1224 893 
1822 895 894 1199 
1823 1198 1199 894 
1824 1198 894 1222 
1825 1201 895 1199 
1826 1227 895 1201 
1827 896 1204 1209 
1828 1231 1204 896 
1829 1221 1231 896 
1830 897 1200 899 
1831 1197 1200 897 
1832 1224 1197 897 
1833 1196 1191 898 
1834 1191 1223 898 
1835 1207 1196 898 
1836 1209 1207 898 
1837 1194 1189 899 
1838 1189 1215 899 
1839 1200 1194 899 
1840 900 901 902 
1841 901 900 947 
1842 900 902 903 
1843 948 900 903 
1844 947 900 1086 
1845 1086 900 948 
1846 901 1100 902 
1847 947 946 901 
1848 946 1099 901 
1849 901 1099 1100 
1850 903 902 904 
1851 902 1104 904 
1852 902 1100 1104 
1853 903 904 905 
1854 949 903 905 
1855 948 903 949 
1856 905 904 906 
1857 904 1108 906 
1858 904 1104 1108 
1859 905 906 907 
1860 960 905 907 
1861 949 905 960 
1862 907 906 908 
1863 906 1112 908 
1864 906 1108 1112 
1865 907 908 909 
1866 966 907 909 
1867 960 907 966 
1868 909 908 910 
1869 908 1116 910 
1870 908 1112 1116 
1871 909 910 911 
1872 972 909 911 
1873 966 909 972 
1874 911 910 912 
1875 910 1120 912 
1876 910 1116 1120 
1877 911 912 913 
1878 978 911 913 
1879 972 911 978 
1880 913 912 914 
1881 912 1124 914 
1882 912 1120 1124 
1883 913 914 915 
1884 984 913 915 
1885 978 913 984 
1886 915 914 916 
1887 914 1128 916 
1888 914 1124 1128 
1889 915 916 917 
1890 990 915 917 
1891 984 915 990 
1892 917 916 918 
1893 916 1132 918 
1894 916 1128 1132 
1895 917 918 919 
1896 996 917 919 
1897 990 917 996 
1898 919 918 920 
1899 918 1136 920 
1900 918 1132 1136 
1901 919 920 921 
1902 1002 919 921 
1903 996 919 1002 
1904 921 920 922 
1905 920 1140 922 
1906 920 1136 1140 
1907 921 922 923 
1908 1008 921 923 
1909 1002 921 1008 
1910 923 922 924 
1911 922 1144 924 
1912 922 1140 1144 
1913 923 924 925 
1914 1014 923 925 
1915 1008 923 1014 
1916 925 924 926 
1917 924 1148 926 
1918 924 1144 1148 
1919 925 926 927 
1920 1020 925 927 
1921 1014 925 1020 
1922 927 926 928 
1923 926 1152 928 
1924 926 1148 1152 
1925 927 928 929 
1926 1026 927 929 
1927 1020 927 1026 
1928 929 928 930 
1929 928 1156 930 
1930 928 1152 1156 
1931 929 930 931 
1932 1032 929 931 
1933 1026 929 1032 
1934 931 930 932 
1935 930 1160 932 
1936 930 1156 1160 
1937 931 932 933 
1938 1038 931 933 
1939 1032 931 1038 
1940 933 932 934 
1941 932 1164 934 
1942 932 1160 1164 
1943 933 934 935 
1944 1044 933 935 
1945 1038 933 1044 
1946 935 934 936 
1947 934 1168 936 
1948 934 1164 1168 
1949 935 936 937 
1950 1050 935 937 
1951 1044 935 1050 
1952 937 936 938 
1953 936 1172 938 
1954 936 1168 1172 
1955 937 938 939 
1956 1056 937 939 
1957 1050 937 1056 
1958 939 938 940 
1959 938 1176 940 
1960 938 1172 1176 
1961 939 940 941 
1962 1062 939 941 
1963 1056 939 1062 
1964 941 940 942 
1965 940 1180 942 
1966 940 1176 1180 
1967 941 942 943 
1968 1068 941 943 
1969 1062 941 1068 
1970 943 942 944 
1971 942 1184 944 
1972 942 1180 1184 
1973 943 944 945 
1974 1074 943 945 
1975 1068 943 1074 
1976 945 944 946 
1977 944 1188 946 
1978 944 1184 1188 
1979 945 946 947 
1980 1080 945 947 
1981 1074 945 1080 
1982 946 1188 1099 
1983 1080 947 1086 
1984 950 948 949 
1985 1087 948 950 
1986 1087 1086 948 
1987 950 949 951 
1988 951 949 960 
1989 952 950 951 
1990 1088 950 952 
1991 1088 1087 950 
1992 952 951 953 
1993 953 951 961 
1994 951 960 961 
1995 954 952 953 
1996 1089 952 954 
1997 1089 1088 952 
1998 954 953 955 
1999 955 953 962 
2000 953 961 962 
2001 956 954 955 
2002 1090 954 956 
2003 1090 1089 954 
2004 956 955 957 
2005 957 955 963 
2006 955 962 963 
2007 958 956 957 
2008 1091 956 958 
2009 1091 1090 956 
2010 958 957 959 
2011 959 957 964 
2012 957 963 964 
2013 958 959 1196 
2014 958 1196 1091 
2015 959 964 965 
2016 959 965 1191 
2017 959 1191 1196 
2018 961 960 966 
2019 962 961 967 
2020 961 966 967 
2021 963 962 968 
2022 962 967 968 
2023 964 963 969 
2024 963 968 969 
2025 965 964 970 
2026 964 969 970 
2027 965 970 971 
2028 965 971 1206 
2029 965 1206 1191 
2030 967 966 972 
2031 968 967 973 
2032 967 972 973 
2033 969 968 974 
2034 968 973 974 
2035 970 969 975 
2036 969 974 975 
2037 971 970 976 
2038 970 975 976 
2039 971 976 977 
2040 977 1192 971 
2041 1192 1232 971 
2042 971 1232 1206 
2043 973 972 978 
2044 974 973 979 
2045 973 978 979 
2046 975 974 980 
2047 974 979 980 
2048 976 975 981 
2049 975 980 981 
2050 977 976 982 
2051 976 981 982 
2052 977 982 983 
2053 983 1190 977 
2054 1190 1192 977 
2055 979 978 984 
2056 980 979 985 
2057 979 984 985 
2058 981 980 986 
2059 980 985 986 
2060 982 981 987 
2061 981 986 987 
2062 983 982 988 
2063 982 987 988 
2064 983 988 989 
2065 989 1202 983 
2066 1202 1190 983 
2067 985 984 990 
2068 986 985 991 
2069 985 990 991 
2070 987 986 992 
2071 986 991 992 
2072 988 987 993 
2073 987 992 993 
2074 989 988 994 
2075 988 993 994 
2076 989 994 995 
2077 989 995 1202 
2078 991 990 996 
2079 992 991 997 
2080 991 996 997 
2081 993 992 998 
2082 992 997 998 
2083 994 993 999 
2084 993 998 999 
2085 995 994 1000 
2086 994 999 1000 
2087 995 1000 1001 
2088 995 1001 1205 
2089 995 1205 1202 
2090 997 996 1002 
2091 998 997 1003 
2092 997 1002 1003 
2093 999 998 1004 
2094 998 1003 1004 
2095 1000 999 1005 
2096 999 1004 1005 
2097 1001 1000 1006 
2098 1000 1005 1006 
2099 1001 1006 1007 
2100 1001 1007 1195 
2101 1001 1195 1205 
2102 1003 1002 1008 
2103 1004 1003 1009 
2104 1003 1008 1009 
2105 1005 1004 1010 
2106 1004 1009 1010 
2107 1006 1005 1011 
2108 1005 1010 1011 
2109 1007 1006 1012 
2110 1006 1011 1012 
2111 1007 1012 1013 
2112 1013 1197 1007 
2113 1007 1210 1195 
2114 1197 1210 1007 
2115 1009 1008 1014 
2116 1010 1009 1015 
2117 1009 1014 1015 
2118 1011 1010 1016 
2119 1010 1015 1016 
2120 1012 1011 1017 
2121 1011 1016 1017 
2122 1013 1012 1018 
2123 1012 1017 1018 
2124 1013 1018 1019 
2125 1019 1200 1013 
2126 1200 1197 1013 
2127 1015 1014 1020 
2128 1016 1015 1021 
2129 1015 1020 1021 
2130 1017 1016 1022 
2131 1016 1021 1022 
2132 1018 1017 1023 
2133 1017 1022 1023 
2134 1019 1018 1024 
2135 1018 1023 1024 
2136 1019 1024 1025 
2137 1025 1194 1019 
2138 1194 1200 1019 
2139 1021 1020 1026 
2140 1022 1021 1027 
2141 1021 1026 1027 
2142 1023 1022 1028 
2143 1022 1027 1028 
2144 1024 1023 1029 
2145 1023 1028 1029 
2146 1025 1024 1030 
2147 1024 1029 1030 
2148 1025 1030 1031 
2149 1025 1031 1194 
2150 1027 1026 1032 
2151 1028 1027 1033 
2152 1027 1032 1033 
2153 1029 1028 1034 
2154 1028 1033 1034 
2155 1030 1029 1035 
2156 1029 1034 1035 
2157 1031 1030 1036 
2158 1030 1035 1036 
2159 1031 1036 1037 
2160 1031 1037 1189 
2161 1031 1189 1194 
2162 1033 1032 1038 
2163 1034 1033 1039 
2164 1033 1038 1039 
2165 1035 1034 1040 
2166 1034 1039 1040 
2167 1036 1035 1041 
2168 1035 1040 1041 
2169 1037 1036 1042 
2170 1036 1041 1042 
2171 1037 1042 1043 
2172 1037 1043 1203 
2173 1037 1203 1189 
2174 1039 1038 1044 
2175 1040 1039 1045 
2176 1039 1044 1045 
2177 1041 1040 1046 
2178 1040 1045 1046 
2179 1042 1041 1047 
2180 1041 1046 1047 
2181 1043 1042 1048 
2182 1042 1047 1048 
2183 1043 1048 1049 
2184 1049 1193 1043 
2185 1193 1230 1043 
2186 1043 1230 1203 
2187 1045 1044 1050 
2188 1046 1045 1051 
2189 1045 1050 1051 
2190 1047 1046 1052 
2191 1046 1051 1052 
2192 1048 1047 1053 
2193 1047 1052 1053 
2194 1049 1048 1054 
2195 1048 1053 1054 
2196 1049 1054 1055 
2197 1055 1198 1049 
2198 1198 1193 1049 
2199 1051 1050 1056 
2200 1052 1051 1057 
2201 1051 1056 1057 
2202 1053 1052 1058 
2203 1052 1057 1058 
2204 1054 1053 1059 
2205 1053 1058 1059 
2206 1055 1054 1060 
2207 1054 1059 1060 
2208 1055 1060 1061 
2209 1061 1199 1055 
2210 1199 1198 1055 
2211 1057 1056 1062 
2212 1058 1057 1063 
2213 1057 1062 1063 
2214 1059 1058 1064 
2215 1058 1063 1064 
2216 1060 1059 1065 
2217 1059 1064 1065 
2218 1061 1060 1066 
2219 1060 1065 1066 
2220 1061 1066 1067 
2221 1061 1067 1199 
2222 1063 1062 1068 
2223 1064 1063 1069 
2224 1063 1068 1069 
2225 1065 1064 1070 
2226 1064 1069 1070 
2227 1066 1065 1071 
2228 1065 1070 1071 
2229 1067 1066 1072 
2230 1066 1071 1072 
2231 1067 1072 1073 
2232 1067 1073 1201 
2233 1067 1201 1199 
2234 1069 1068 1074 
2235 1070 1069 1075 
2236 1069 1074 1075 
2237 1071 1070 1076 
2238 1070 1075 1076 
2239 1072 1071 1077 
2240 1071 1076 1077 
2241 1073 1072 1078 
2242 1072 1077 1078 
2243 1073 1078 1079 
2244 1073 1079 1208 
2245 1073 1208 1201 
2246 1075 1074 1080 
2247 1076 1075 1081 
2248 1075 1080 1081 
2249 1077 1076 1082 
2250 1076 1081 1082 
2251 1078 1077 1083 
2252 1077 1082 1083 
2253 1079 1078 1084 
2254 1078 1083 1084 
2255 1079 1084 1085 
2256 1085 1204 1079 
2257 1204 1231 1079 
2258 1079 1231 1208 
2259 1081 1080 1086 
2260 1082 1081 1087 
2261 1081 1086 1087 
2262 1083 1082 1088 
2263 1082 1087 1088 
2264 1084 1083 1089 
2265 1083 1088 1089 
2266 1085 1084 1090 
2267 1084 1089 1090 
2268 1085 1090 1091 
2269 1091 1207 1085 
2270 1207 1204 1085 
2271 1196 1207 1091 
2272 1092 1093 1094 
2273 1185 1093 1092 
2274 1095 1092 1094 
2275 1186 1092 1095 
2276 1186 1185 1092 
2277 1094 1093 1101 
2278 1101 1093 1105 
2279 1105 1093 1109 
2280 1109 1093 1113 
2281 1113 1093 1117 
2282 1117 1093 1121 
2283 1121 1093 1125 
2284 1125 1093 1129 
2285 1129 1093 1133 
2286 1133 1093 1137 
2287 1137 1093 1141 
2288 1141 1093 1145 
2289 1145 1093 1149 
2290 1149 1093 1153 
2291 1153 1093 1157 
2292 1157 1093 1161 
2293 1161 1093 1165 
2294 1165 1093 1169 
2295 1169 1093 1173 
2296 1173 1093 1177 
2297 1177 1093 1181 
2298 1181 1093 1185 
2299 1095 1094 1096 
2300 1096 1094 1101 
2301 1097 1095 1096 
2302 1187 1095 1097 
2303 1187 1186 1095 
2304 1097 1096 1098 
2305 1098 1096 1102 
2306 1096 1101 1102 
2307 1099 1097 1098 
2308 1188 1097 1099 
2309 1188 1187 1097 
2310 1099 1098 1100 
2311 1100 1098 1103 
2312 1098 1102 1103 
2313 1100 1103 1104 
2314 1102 1101 1105 
2315 1103 1102 1106 
2316 1102 1105 1106 
2317 1104 1103 1107 
2318 1103 1106 1107 
2319 1104 1107 1108 
2320 1106 1105 1109 
2321 1107 1106 1110 
2322 1106 1109 1110 
2323 1108 1107 1111 
2324 1107 1110 1111 
2325 1108 1111 1112 
2326 1110 1109 1113 
2327 1111 1110 1114 
2328 1110 1113 1114 
2329 1112 1111 1115 
2330 1111 1114 1115 
2331 1112 1115 1116 
2332 1114 1113 1117 
2333 1115 1114 1118 
2334 1114 1117 1118 
2335 1116 1115 1119 
2336 1115 1118 1119 
2337 1116 1119 1120 
2338 1118 1117 1121 
2339 1119 1118 1122 
2340 1118 1121 1122 
2341 1120 1119 1123 
2342 1119 1122 1123 
2343 1120 1123 1124 
2344 1122 1121 1125 
2345 1123 1122 1126 
2346 1122 1125 1126 
2347 1124 1123 1127 
2348 1123 1126 1127 
2349 1124 1127 1128 
2350 1126 1125 1129 
2351 1127 1126 1130 
2352 1126 1129 1130 
2353 1128 1127 1131 
2354 1127 1130 1131 
2355 1128 1131 1132 
2356 1130 1129 1133 
2357 1131 1130 1134 
2358 1130 1133 1134 
2359 1132 1131 1135 
2360 1131 1134 1135 
2361 1132 1135 1136 
2362 1134 1133 1137 
2363 1135 1134 1138 
2364 1134 1137 1138 
2365 1136 1135 1139 
2366 1135 1138 1139 
2367 1136 1139 1140 
2368 1138 1137 1141 
2369 1139 1138 1142 
2370 1138 1141 1142 
2371 1140 1139 1143 
2372 1139 1142 1143 
2373 1140 1143 1144 
2374 1142 1141 1145 
2375 1143 1142 1146 
2376 1142 1145 1146 
2377 1144 1143 1147 
2378 1143 1146 1147 
2379 1144 1147 1148 
2380 1146 1145 1149 
2381 1147 1146 1150 
2382 1146 1149 1150 
2383 1148 1147 1151 
2384 1147 1150 1151 
2385 1148 1151 1152 
2386 1150 1149 1153 
2387 1151 1150 1154 
2388 1150 1153 1154 
2389 1152 1151 1155 
2390 1151 1154 1155 
2391 1152 1155 1156 
2392 1154 1153 1157 
2393 1155 1154 1158 
2394 1154 1157 1158 
2395 1156 1155 1159 
2396 1155 1158 1159 
2397 1156 1159 1160 
2398 1158 1157 1161 
2399 1159 1158 1162 
2400 1158 1161 1162 
2401 1160 1159 1163 
2402 1159 1162 1163 
2403 1160 1163 1164 
2404 1162 1161 1165 
2405 1163 1162 1166 
2406 1162 1165 1166 
2407 1164 1163 1167 
2408 1163 1166 1167 
2409 1164 1167 1168 
2410 1166 1165 1169 
2411 1167 1166 1170 
2412 1166 1169 1170 
2413 1168 1167 1171 
2414 1167 1170 1171 
2415 1168 1171 1172 
2416 1170 1169 1173 
2417 1171 1170 1174 
2418 1170 1173 1174 
2419 1172 1171 1175 
2420 1171 1174 1175 
2421 1172 1175 1176 
2422 1174 1173 1177 
2423 1175 1174 1178 
2424 1174 1177 1178 
2425 1176 1175 1179 
2426 1175 1178 1179 
2427 1176 1179 1180 
2428 1178 1177 1181 
2429 1179 1178 1182 
2430 1178 1181 1182 
2431 1180 1179 1183 
2432 1179 1182 1183 
2433 1180 1183 1184 
2434 1182 1181 1185 
2435 1183 1182 1186 
2436 1182 1185 1186 
2437 1184 1183 1187 
2438 1183 1186 1187 
2439 1184 1187 1188 
2440 1215 1189 1203 
2441 1192 1190 1219 
2442 1190 1202 1218 
2443 1190 1218 1219 
2444 1223 1191 1206 
2445 1192 1219 1217 
2446 1232 1192 1217 
2447 1193 1198 1222 
2448 1226 1193 1222 
2449 1230 1193 1226 
2450 1228 1205 1195 
2451 1208 1227 1201 
2452 1220 1202 1205 
2453 1202 1220 1218 
2454 1229 1215 1203 
2455 1225 1229 1203 
2456 1230 1225 1203 
2457 1204 1207 1209 
2458 1205 1228 1220 
2459 1216 1223 1206 
2460 1206 1232 1216 
2461 1221 1227 1208 
2462 1231 1221 1208 
2463 1232 1217 1216 
2464 1225 1230 1226 
3 1 4 4412
2465 1026 1027 1032 1263 
2466 563 1289 1259 1294 
2467 1289 1294 563 1336 
2468 983 1240 977 1290 
2469 1264 1281 1256 1283 
2470 1246 1293 1267 1300 
2471 1246 1267 1259 1300 
2472 1020 1021 1026 1263 
2473 788 1287 1273 1329 
2474 1254 1281 1280 1309 
2475 788 793 1287 1329 
2476 1253 1274 1323 1369 
2477 1032 1038 1263 1345 
2478 1280 1283 541 1319 
2479 788 1273 1287 1337 
2480 1038 1263 1345 1348 
2481 1288 1302 519 1315 
2482 1247 1280 1281 1309 
2483 1244 1316 1260 1321 
2484 1244 1268 1264 1334 
2485 1081 1086 1080 1285 
2486 1056 1057 1062 1348 
2487 541 1283 1280 1318 
2488 1246 1293 1291 1314 
2489 1287 1329 793 1369 
2490 1256 1268 1264 1332 
2491 238 245 1269 1312 
2492 1272 1291 1246 1298 
2493 690 1259 563 1289 
2494 690 1289 563 1336 
2495 1264 1268 1249 1317 
2496 1247 1280 1256 1281 
2497 325 244 243 332 
2498 1248 1281 1264 1283 
2499 759 1273 1269 1324 
2500 1244 1260 1268 1334 
2501 1291 1293 1255 1314 
2502 1244 1284 1260 1334 
2503 1244 1260 1249 1268 
2504 1249 1268 1260 1333 
2505 1259 1267 1246 1298 
2506 1256 1283 1280 1319 
2507 1314 1323 1274 1369 
2508 1288 1315 1271 1365 
2509 1244 1264 1281 1334 
2510 1247 1281 1284 1309 
2511 1271 1288 518 1315 
2512 1027 1263 1344 1345 
2513 1264 1268 1256 1334 
2514 1267 1293 1258 1363 
2515 690 691 1259 1289 
2516 1302 1315 1288 1365 
2517 918 916 1262 1296 
2518 918 1262 920 1296 
2519 208 213 328 214 
2520 916 914 1262 1296 
2521 1259 1291 1272 1298 
2522 234 228 227 233 
2523 1267 1259 1300 1364 
2524 244 325 243 235 
2525 1246 1291 1293 1300 
2526 238 245 1312 1360 
2527 922 920 1262 1296 
2528 1244 1249 1264 1268 
2529 1254 1280 1281 1318 
2530 170 1257 1303 1312 
2531 1021 1027 1026 1263 
2532 912 1262 914 1296 
2533 1256 1280 1283 1318 
2534 1287 1314 1274 1369 
2535 1249 1260 1244 1286 
2536 1285 1286 1087 1333 
2537 1244 1284 1281 1293 
2538 978 972 973 1317 
2539 1247 1284 1279 1309 
2540 1264 1256 1281 1334 
2541 1276 1309 863 1354 
2542 1244 1281 1264 1363 
2543 1244 1260 1284 1321 
2544 1254 1280 1276 1309 
2545 1246 1293 1314 1323 
2546 993 987 989 1283 
2547 1272 1246 1314 1346 
2548 759 760 1269 1273 
2549 1259 1289 697 1330 
2550 217 1257 1214 1312 
2551 1253 1323 1266 1369 
2552 592 1306 586 1308 
2553 1259 1246 1291 1298 
2554 998 1003 997 1264 
2555 1004 1264 998 1307 
2556 922 1262 924 1296 
2557 518 1288 519 1315 
2558 1246 1291 1272 1314 
2559 912 910 1262 1296 
2560 1279 1327 1309 1370 
2561 1244 1274 1284 1293 
2562 503 1196 1207 1297 
2563 723 1266 593 1308 
2564 987 1319 1283 1332 
2565 250 244 331 243 
2566 1279 1287 772 1370 
2567 1244 1284 1316 1321 
2568 814 1266 813 1304 
2569 1270 1302 1288 1365 
2570 1253 1287 1274 1369 
2571 813 1304 1266 1314 
2572 1272 1314 828 1346 
2573 238 1269 1211 1312 
2574 1249 1286 1244 1344 
2575 990 1317 991 1352 
2576 1063 1062 1057 1348 
2577 987 989 1283 1319 
2578 1046 1040 1041 1345 
2579 908 1262 910 1296 
2580 1249 1265 1286 1344 
2581 1255 1284 1281 1309 
2582 1021 1263 1020 1352 
2583 808 1304 813 1314 
2584 690 691 1289 1336 
2585 924 1262 926 1296 
2586 1214 1312 1257 1357 
2587 692 693 697 1289 
2588 1276 1280 1247 1309 
2589 985 990 984 1317 
2590 1027 1021 1022 1258 
2591 1256 1283 1281 1318 
2592 195 187 196 201 
2593 1270 1247 1302 1365 
2594 313 317 319 318 
2595 1250 1260 1284 1334 
2596 906 1262 908 1296 
2597 691 692 1259 1289 
2598 1013 1237 1007 1307 
2599 1041 1047 1046 1345 
2600 1081 1087 1086 1285 
2601 1032 1033 1038 1345 
2602 1256 1281 1280 1318 
2603 189 1257 1312 1357 
2604 926 1262 928 1296 
2605 521 1270 520 1357 
2606 66 74 65 81 
2607 1317 1332 991 1352 
2608 1247 1281 1256 1334 
2609 1248 1267 1258 1363 
2610 1003 998 1004 1264 
2611 971 1232 1290 1299 
2612 995 989 1202 1283 
2613 520 1270 521 1302 
2614 1260 1297 1088 1374 
2615 1249 1286 1285 1333 
2616 904 1262 906 1296 
2617 589 1275 1295 1359 
2618 633 1257 1214 1349 
2619 692 697 1259 1289 
2620 808 1304 1314 1369 
2621 1267 1298 1259 1364 
2622 1255 1287 1279 1370 
2623 578 1298 1308 1335 
2624 568 1298 1267 1364 
2625 723 718 724 1266 
2626 928 1262 930 1296 
2627 199 185 193 194 
2628 12 14 13 44 
2629 814 813 1266 1346 
2630 592 586 587 1308 
2631 1279 1284 1255 1309 
2632 782 1287 1301 1337 
2633 1246 1259 1291 1300 
2634 1267 1293 1246 1338 
2635 1063 1286 1062 1348 
2636 1248 1267 1300 1364 
2637 1190 1290 1192 1319 
2638 1260 1250 1284 1321 
2639 1268 1299 1290 1334 
2640 1255 1293 1291 1300 
2641 788 1287 787 1337 
2642 1260 1088 1297 1340 
2643 813 1314 1266 1346 
2644 587 593 592 1308 
2645 759 754 760 1273 
2646 971 1192 977 1290 
2647 1272 1291 1259 1330 
2648 1245 1301 1287 1337 
2649 1274 1252 1316 1321 
2650 238 1312 1211 1360 
2651 589 1295 1275 1306 
2652 1267 1298 568 1335 
2653 1258 1021 1320 1352 
2654 1252 1261 1321 1324 
2655 1027 1022 1028 1258 
2656 1047 1310 1046 1345 
2657 1257 1245 1322 1347 
2658 904 902 1262 1296 
2659 932 930 1262 1296 
2660 1245 1287 1284 1341 
2661 973 967 968 1268 
2662 1266 1323 1314 1369 
2663 987 1283 993 1332 
2664 1270 1322 1349 1375 
2665 1290 1319 987 1332 
2666 1284 1287 1274 1341 
2667 754 759 753 1273 
2668 789 794 793 1329 
2669 971 1232 1192 1290 
2670 724 719 725 1266 
2671 1265 1345 1263 1348 
2672 1027 1344 1258 1345 
2673 1112 1109 1108 1296 
2674 1184 1181 1180 1296 
2675 1160 1157 1156 1296 
2676 1136 1133 1132 1296 
2677 997 998 1264 1332 
2678 1104 1108 1105 1296 
2679 1176 1180 1177 1296 
2680 1152 1156 1153 1296 
2681 1128 1132 1129 1296 
2682 1255 1314 1293 1323 
2683 1070 1326 1286 1353 
2684 511 1257 189 1357 
2685 1264 1283 998 1307 
2686 950 1087 1088 1374 
2687 1286 1326 1252 1353 
2688 1081 1285 1080 1286 
2689 638 636 769 1301 
2690 995 1202 1205 1283 
2691 723 593 717 1308 
2692 1100 1104 1101 1296 
2693 1172 1176 1173 1296 
2694 1124 1128 1125 1296 
2695 1148 1152 1149 1296 
2696 1188 1185 1184 1296 
2697 1116 1113 1112 1296 
2698 998 1283 1264 1332 
2699 1160 1164 1161 1296 
2700 1140 1137 1136 1296 
2701 1065 1070 1064 1326 
2702 593 587 717 1308 
2703 541 1283 1318 1373 
2704 1301 1349 1322 1375 
2705 1258 1293 1267 1338 
2706 1099 1100 1094 1296 
2707 1168 1172 1169 1296 
2708 1120 1124 1121 1296 
2709 1144 1148 1145 1296 
2710 1070 1286 1326 1340 
2711 1281 1283 1248 1318 
2712 719 1266 718 1308 
2713 1274 1287 1255 1314 
2714 1099 1092 1188 1296 
2715 1120 1117 1116 1296 
2716 1168 1165 1164 1296 
2717 1144 1141 1140 1296 
2718 1064 1326 1070 1353 
2719 1250 1268 1260 1334 
2720 1071 1070 1065 1326 
2721 1245 1287 1273 1337 
2722 1259 1298 1272 1330 
2723 541 1283 540 1319 
2724 1266 1314 1246 1346 
2725 330 213 336 328 
2726 997 991 992 1332 
2727 217 1269 1257 1312 
2728 759 1269 629 1324 
2729 943 1074 1242 1285 
2730 979 984 978 1317 
2731 932 1262 934 1296 
2732 997 1264 1003 1352 
2733 718 719 724 1266 
2734 1252 1324 1321 1341 
2735 519 1302 525 1315 
2736 902 901 1262 1296 
2737 1287 1314 772 1370 
2738 1257 1322 1301 1349 
2739 788 1273 789 1329 
2740 1248 1264 1281 1363 
2741 989 988 987 993 
2742 768 769 1301 1337 
2743 1255 1274 1284 1287 
2744 918 916 917 1262 
2745 788 787 783 1337 
2746 1246 1298 1267 1335 
2747 559 1294 1277 1373 
2748 973 979 978 1317 
2749 1004 1264 1307 1320 
2750 1041 1042 1233 1275 
2751 989 1202 1283 1319 
2752 1065 1326 1064 1353 
2753 1255 1274 1314 1323 
2754 755 761 760 1273 
2755 1274 1316 1284 1321 
2756 989 988 993 994 
2757 1266 1308 719 1346 
2758 788 793 792 1287 
2759 1027 1258 1028 1345 
2760 563 1259 562 1294 
2761 15 13 14 44 
2762 920 918 919 1262 
2763 1043 1233 1042 1275 
2764 952 1088 1297 1374 
2765 1247 1256 1280 1315 
2766 732 727 733 1304 
2767 970 976 975 1290 
2768 1051 1045 1046 1265 
2769 1255 1281 1284 1293 
2770 968 974 973 1268 
2771 1245 1279 1284 1287 
2772 1271 1299 1232 1313 
2773 985 991 990 1317 
2774 1289 1294 1254 1300 
2775 1205 540 1283 1319 
2776 916 914 915 1262 
2777 1254 1300 1281 1309 
2778 998 992 1283 1332 
2779 987 981 982 1290 
2780 768 769 636 1301 
2781 1087 1260 1088 1374 
2782 1264 1320 1003 1352 
2783 1256 1247 1334 1365 
2784 997 992 998 1332 
2785 1276 1280 1254 1331 
2786 973 1268 974 1332 
2787 1255 1284 1274 1293 
2788 1086 1285 1087 1333 
2789 1039 1038 1033 1345 
2790 1081 1087 1285 1286 
2791 1260 1087 1286 1333 
2792 934 1262 936 1296 
2793 693 1289 694 1330 
2794 1003 1264 1004 1320 
2795 1255 1284 1279 1287 
2796 697 152 692 1259 
2797 1046 1052 1265 1310 
2798 863 1276 868 1327 
2799 1251 1295 1275 1359 
2800 245 1269 1312 1347 
2801 511 170 1257 1303 
2802 726 721 727 1346 
2803 268 270 274 273 
2804 650 1302 1270 1371 
2805 521 1270 648 1302 
2806 1088 952 950 1374 
2807 901 946 1262 1296 
2808 1244 1284 1274 1316 
2809 563 1294 557 1336 
2810 1247 1256 1315 1365 
2811 755 760 754 1273 
2812 1255 1300 1291 1354 
2813 1246 1308 1298 1335 
2814 593 1266 723 1367 
2815 1055 1236 1049 1310 
2816 1270 1322 1257 1349 
2817 1268 1317 973 1333 
2818 726 727 1266 1346 
2819 1205 1283 1202 1319 
2820 633 1214 1257 1357 
2821 1261 1324 1252 1343 
2822 648 1270 521 1357 
2823 152 691 692 1259 
2824 65 79 86 80 
2825 1252 1326 1286 1340 
2826 192 173 183 184 
2827 1283 1319 1256 1332 
2828 843 1291 1289 1354 
2829 1270 1279 1322 1375 
2830 1303 1322 1245 1347 
2831 985 991 1317 1332 
2832 1046 1310 1265 1345 
2833 922 920 921 1262 
2834 1270 1279 1247 1322 
2835 1255 1309 1300 1354 
2836 967 1299 1268 1333 
2837 1277 1294 559 1364 
2838 1204 1231 1343 1366 
2839 974 1268 968 1299 
2840 944 1262 946 1296 
2841 1264 1317 1249 1352 
2842 1022 1258 1021 1320 
2843 1301 1322 1279 1375 
2844 1247 1284 1281 1334 
2845 561 1294 1259 1364 
2846 1264 1332 1317 1352 
2847 756 755 1273 1337 
2848 664 1276 663 1371 
2849 14 159 52 89 
2850 1303 1321 1245 1322 
2851 325 243 235 234 
2852 1264 1283 1256 1332 
2853 1270 1322 1247 1365 
2854 938 936 1262 1296 
2855 974 1290 1268 1299 
2856 1251 1275 1295 1306 
2857 1252 1260 1316 1321 
2858 208 282 277 276 
2859 912 913 914 1262 
2860 1081 1087 1286 1340 
2861 1252 1321 1274 1341 
2862 942 1262 944 1296 
2863 1294 1362 1318 1373 
2864 1252 1316 1286 1353 
2865 809 814 813 1304 
2866 1257 1288 511 1303 
2867 1245 1303 1278 1321 
2868 1191 1196 503 1297 
2869 1278 1303 1245 1347 
2870 1268 1317 1264 1332 
2871 511 1288 1257 1357 
2872 761 1273 755 1337 
2873 1253 1295 1266 1323 
2874 1249 1286 1265 1348 
2875 771 1301 1279 1375 
2876 1277 1294 1248 1373 
2877 938 1262 940 1296 
2878 1091 1241 1085 1366 
2879 686 1289 692 1336 
2880 940 1262 942 1296 
2881 793 788 789 1329 
2882 245 1312 167 1347 
2883 167 1312 245 1360 
2884 1192 1290 522 1319 
2885 578 573 1298 1335 
2886 152 696 691 1259 
2887 1260 1268 1250 1374 
2888 962 968 967 1299 
2889 1259 1294 1289 1300 
2890 1246 1314 1266 1323 
2891 1192 1271 522 1290 
2892 1244 1286 1260 1316 
2893 1290 1299 1271 1334 
2894 1037 1203 1043 1305 
2895 648 1270 649 1302 
2896 36 21 27 22 
2897 1088 1260 1087 1340 
2898 823 828 827 1346 
2899 863 1309 862 1354 
2900 1065 1282 1326 1353 
2901 726 720 721 1346 
2902 1253 1266 1304 1369 
2903 1255 1314 1287 1370 
2904 1253 1274 1311 1323 
2905 974 1268 1290 1332 
2906 1066 1072 1071 1326 
2907 828 1272 833 1291 
2908 1249 1260 1286 1333 
2909 600 1201 1199 1282 
2910 756 762 761 1337 
2911 1046 1052 1051 1265 
2912 864 1276 863 1328 
2913 968 1268 967 1299 
2914 952 1088 1089 1297 
2915 1259 1355 565 1364 
2916 979 973 974 1332 
2917 1257 1322 1303 1347 
2918 1249 1265 1263 1348 
2919 723 1266 724 1367 
2920 1295 1306 591 1367 
2921 569 1298 568 1364 
2922 1203 1230 1043 1305 
2923 1244 1264 1249 1344 
2924 1253 1311 1295 1323 
2925 1281 1300 1254 1318 
2926 62 69 53 1267 
2927 1272 1308 1246 1346 
2928 691 692 1289 1336 
2929 311 235 244 306 
2930 788 789 1273 1337 
2931 1067 1282 1201 1326 
2932 1266 1246 1308 1346 
2933 992 986 987 1332 
2934 1255 1293 1274 1323 
2935 1255 1281 1300 1309 
2936 1041 1305 1275 1345 
2937 698 694 699 1330 
2938 990 991 996 1352 
2939 1211 1269 1212 1312 
2940 771 773 772 1279 
2941 992 987 993 1332 
2942 1194 1267 1189 1368 
2943 1051 1056 1050 1348 
2944 649 1270 648 1357 
2945 772 877 1279 1370 
2946 524 1271 518 1315 
2947 1063 1348 1057 1353 
2948 572 568 1298 1335 
2949 170 1312 1303 1347 
2950 1256 1268 1290 1334 
2951 1066 1071 1065 1326 
2952 1265 1310 1052 1353 
2953 92 15 91 45 
2954 1247 1315 1302 1365 
2955 503 1207 630 1297 
2956 979 985 1317 1332 
2957 1072 1067 1073 1326 
2958 1050 1044 1045 1348 
2959 1279 1284 1247 1322 
2960 1073 1201 1208 1326 
2961 556 557 1294 1336 
2962 923 924 922 1262 
2963 1089 954 952 1297 
2964 1208 1326 1201 1342 
2965 884 1371 1270 1375 
2966 1251 1265 1310 1345 
2967 986 980 981 1332 
2968 562 1259 561 1294 
2969 911 912 910 1262 
2970 1067 1072 1066 1326 
2971 190 1312 1213 1357 
2972 606 1342 1282 1359 
2973 540 1195 1205 1283 
2974 1271 1290 1232 1299 
2975 52 14 15 91 
2976 1276 1302 663 1371 
2977 1279 1287 1245 1301 
2978 1275 1305 575 1335 
2979 756 761 755 1337 
2980 1266 1253 1304 1367 
2981 1073 1067 1201 1326 
2982 1282 1252 1326 1353 
2983 1257 1270 1288 1322 
2984 1232 1271 1192 1290 
2985 693 694 698 1330 
2986 1232 516 1271 1313 
2987 1244 1293 1281 1363 
2988 1265 1251 1310 1353 
2989 1278 1321 1261 1324 
2990 1274 1321 1284 1341 
2991 828 1314 827 1346 
2992 90 55 38 1267 
2993 674 1331 1328 1336 
2994 1265 1345 1251 1358 
2995 1260 1286 1087 1340 
2996 992 993 1283 1332 
2997 1252 1260 1321 1340 
2998 696 690 691 1259 
2999 868 1276 869 1371 
3000 524 518 519 1315 
3001 1270 1349 884 1375 
3002 1245 1257 1269 1347 
3003 1300 1309 1254 1354 
3004 649 1270 650 1302 
3005 979 985 984 1317 
3006 165 1278 1269 1347 
3007 1035 1305 1041 1345 
3008 1291 1300 1289 1354 
3009 753 1273 623 1361 
3010 1271 1315 1256 1365 
3011 1245 1273 1269 1337 
3012 1276 1254 1328 1331 
3013 1244 1274 1293 1358 
3014 974 980 979 1332 
3015 578 1308 1306 1335 
3016 1289 1291 1259 1300 
3017 519 525 524 1315 
3018 1256 1319 1290 1332 
3019 1268 1249 1317 1333 
3020 1258 1267 1248 1368 
3021 2 1267 1 1277 
3022 1190 1192 528 1319 
3023 561 1259 565 1364 
3024 1292 1324 1273 1361 
3025 787 1287 782 1337 
3026 1247 1322 1284 1365 
3027 650 1270 649 1357 
3028 1270 1247 1279 1327 
3029 196 202 201 207 
3030 981 987 986 1332 
3031 1070 1075 1069 1286 
3032 21 13 15 44 
3033 963 1299 955 1313 
3034 562 556 557 1294 
3035 590 1295 589 1306 
3036 569 565 1355 1364 
3037 980 1290 981 1332 
3038 638 636 1301 1349 
3039 955 1313 1299 1374 
3040 1270 1288 1322 1365 
3041 558 1277 1307 1373 
3042 1257 1245 1301 1322 
3043 833 1291 1272 1330 
3044 1068 1286 1285 1348 
3045 1045 1265 1051 1348 
3046 1201 1326 1282 1342 
3047 859 864 863 1328 
3048 948 1285 1086 1333 
3049 555 1336 1294 1362 
3050 1254 1289 1300 1354 
3051 1321 1324 1245 1341 
3052 1269 1278 165 1324 
3053 750 1273 756 1361 
3054 1245 1284 1321 1341 
3055 592 591 1306 1367 
3056 1063 1286 1348 1353 
3057 1062 1286 1068 1348 
3058 557 563 562 1294 
3059 583 1306 1275 1335 
3060 728 727 722 1346 
3061 1271 1250 1313 1365 
3062 607 1339 1342 1359 
3063 848 1289 849 1328 
3064 14 12 51 44 
3065 674 1328 680 1336 
3066 843 839 844 1330 
3067 1254 1294 1289 1336 
3068 159 14 52 91 
3069 974 968 969 1299 
3070 1045 1046 1265 1345 
3071 1247 1284 1334 1365 
3072 1288 1313 1250 1365 
3073 1244 1281 1284 1334 
3074 509 1303 1288 1313 
3075 1070 1076 1286 1340 
3076 628 622 623 1324 
3077 1257 1288 1270 1357 
3078 849 854 853 1328 
3079 809 813 808 1304 
3080 658 664 663 1371 
3081 981 1290 987 1332 
3082 802 1287 797 1369 
3083 1051 1265 1052 1353 
3084 536 1315 1280 1319 
3085 954 1089 1090 1297 
3086 843 844 1289 1330 
3087 522 1290 1271 1319 
3088 1311 1342 1339 1359 
3089 884 883 1371 1375 
3090 1028 1258 1022 1368 
3091 1266 1295 1253 1367 
3092 51 15 14 44 
3093 910 908 909 1262 
3094 1266 1314 1304 1369 
3095 541 1280 542 1318 
3096 517 518 1271 1288 
3097 1271 1315 523 1319 
3098 1265 1344 1263 1345 
3099 969 975 974 1299 
3100 623 629 628 1324 
3101 1279 1309 1255 1370 
3102 783 787 782 1337 
3103 1303 1312 1257 1347 
3104 788 792 787 1287 
3105 542 1318 1280 1362 
3106 1252 1282 1316 1353 
3107 782 775 783 1337 
3108 74 79 65 80 
3109 646 652 651 1270 
3110 691 686 692 1336 
3111 1080 1285 1074 1286 
3112 503 1297 1278 1303 
3113 1267 1305 1189 1368 
3114 1256 1290 1271 1334 
3115 1059 1058 1310 1353 
3116 808 813 812 1314 
3117 1245 1269 1278 1347 
3118 1248 1294 1277 1364 
3119 1230 1275 1043 1305 
3120 956 954 1090 1297 
3121 1245 1269 1257 1301 
3122 1091 958 956 1297 
3123 740 746 745 1329 
3124 1258 1305 1028 1345 
3125 1275 1338 1251 1345 
3126 773 1279 771 1301 
3127 1271 1313 1288 1365 
3128 1265 1348 1286 1353 
3129 1247 1280 1276 1372 
3130 516 517 1271 1313 
3131 696 567 690 1259 
3132 594 1310 1275 1359 
3133 1269 1273 1245 1324 
3134 754 1273 753 1361 
3135 1259 1330 697 1355 
3136 974 1290 980 1332 
3137 924 925 926 1262 
3138 919 918 917 1262 
3139 727 721 722 1346 
3140 887 771 772 1279 
3141 1268 1299 1250 1374 
3142 904 906 1108 1296 
3143 940 942 1180 1296 
3144 916 918 1132 1296 
3145 928 930 1156 1296 
3146 1305 1338 1275 1345 
3147 808 1314 807 1369 
3148 1070 1076 1075 1286 
3149 1208 612 1231 1326 
3150 690 563 684 1336 
3151 38 16 90 1267 
3152 942 944 1184 1296 
3153 1112 906 908 1296 
3154 1160 930 932 1296 
3155 920 1136 918 1296 
3156 989 987 1290 1319 
3157 1253 1287 1273 1341 
3158 956 1090 1091 1297 
3159 998 1283 999 1307 
3160 684 563 557 1336 
3161 724 1266 725 1367 
3162 964 959 965 1313 
3163 955 1299 963 1374 
3164 663 657 658 1371 
3165 955 1297 1313 1374 
3166 307 309 308 314 
3167 78 1 2 1267 
3168 948 1086 1087 1333 
3169 902 904 1104 1296 
3170 938 940 1176 1296 
3171 914 916 1128 1296 
3172 926 928 1152 1296 
3173 797 802 772 1287 
3174 882 772 877 1279 
3175 562 565 561 1259 
3176 1248 1300 1281 1318 
3177 919 921 920 1262 
3178 757 756 1273 1337 
3179 1282 1310 1251 1353 
3180 1326 1343 1231 1366 
3181 1251 1345 1338 1358 
3182 917 916 915 1262 
3183 1091 1196 958 1297 
3184 858 863 862 1354 
3185 2 1267 1277 1364 
3186 756 1273 755 1361 
3187 541 1318 542 1373 
3188 11 10 12 43 
3189 867 1327 872 1370 
3190 503 630 1278 1297 
3191 750 756 755 1361 
3192 1247 1270 1302 1327 
3193 1272 1298 1246 1308 
3194 1074 1285 1068 1286 
3195 13 11 12 43 
3196 671 869 864 1276 
3197 691 685 686 1336 
3198 946 1188 944 1296 
3199 910 1116 908 1296 
3200 934 1164 932 1296 
3201 922 1140 920 1296 
3202 901 902 1100 1296 
3203 936 938 1172 1296 
3204 912 914 1124 1296 
3205 924 926 1148 1296 
3206 975 1290 974 1299 
3207 1257 1349 633 1357 
3208 907 909 1262 1317 
3209 690 685 691 1336 
3210 576 1275 575 1335 
3211 540 1283 541 1373 
3212 559 1277 558 1373 
3213 997 996 991 1352 
3214 644 650 649 1357 
3215 1266 1306 1246 1323 
3216 1280 1315 1256 1319 
3217 1271 1299 1250 1334 
3218 61 69 62 1267 
3219 1266 1306 1295 1367 
3220 1295 1311 1251 1323 
3221 1058 1052 1310 1353 
3222 1249 1344 1264 1352 
3223 1245 1321 1278 1324 
3224 1248 1320 1258 1368 
3225 1297 1303 503 1313 
3226 578 573 574 1298 
3227 583 1275 576 1335 
3228 1251 1310 1275 1345 
3229 901 1099 946 1296 
3230 910 912 1120 1296 
3231 936 1168 934 1296 
3232 1144 922 924 1296 
3233 22 92 103 37 
3234 1274 1287 1253 1341 
3235 51 12 14 59 
3236 1253 1273 1292 1341 
3237 1251 1311 1282 1316 
3238 993 998 992 1283 
3239 152 1259 697 1355 
3240 993 999 998 1283 
3241 887 772 882 1279 
3242 696 1259 152 1355 
3243 1245 1273 1287 1341 
3244 1324 1341 1252 1343 
3245 645 651 650 1270 
3246 690 567 563 1259 
3247 690 684 685 1336 
3248 1331 1336 673 1362 
3249 943 1242 945 1285 
3250 1211 1312 1212 1360 
3251 1267 1277 1248 1368 
3252 1198 1193 594 1310 
3253 1280 1315 537 1372 
3254 3 2 1 1277 
3255 863 868 867 1327 
3256 1311 1282 1342 1359 
3257 1025 1194 1031 1368 
3258 750 1329 1273 1361 
3259 562 566 565 1259 
3260 1059 1310 1282 1353 
3261 868 1327 1276 1371 
3262 1306 1308 1246 1335 
3263 859 863 858 1328 
3264 827 822 823 1346 
3265 651 645 646 1270 
3266 1045 1051 1050 1348 
3267 983 989 1290 1319 
3268 1285 1286 1249 1348 
3269 923 922 921 1262 
3270 621 1292 615 1361 
3271 15 52 91 45 
3272 632 1278 626 1324 
3273 1051 1057 1056 1348 
3274 1058 1052 1053 1310 
3275 1246 1306 1266 1308 
3276 1255 1354 1291 1370 
3277 1277 1248 1307 1373 
3278 1204 1231 624 1343 
3279 874 873 869 1371 
3280 1268 1250 1299 1334 
3281 1070 1326 1076 1340 
3282 1305 1335 1275 1338 
3283 1247 1302 1276 1327 
3284 915 914 913 1262 
3285 1272 1308 713 1356 
3286 745 739 740 1329 
3287 270 268 267 273 
3288 553 1294 559 1373 
3289 1279 1327 877 1375 
3290 1250 1297 1303 1321 
3291 522 1271 523 1319 
3292 1298 1308 1272 1356 
3293 575 576 582 1275 
3294 1207 1196 1091 1297 
3295 165 1278 632 1324 
3296 644 649 643 1357 
3297 190 189 188 1360 
3298 651 1270 652 1371 
3299 629 1269 628 1324 
3300 1255 1281 1293 1300 
3301 907 905 960 1317 
3302 750 755 749 1361 
3303 804 1304 803 1329 
3304 213 207 208 328 
3305 1271 1256 1315 1319 
3306 556 1336 555 1362 
3307 1028 1305 1258 1368 
3308 674 673 1331 1336 
3309 1248 1300 1294 1364 
3310 662 663 1276 1302 
3311 566 562 563 1259 
3312 1269 1245 1278 1324 
3313 52 89 159 60 
3314 22 15 92 45 
3315 1203 1189 53 1305 
3316 1279 1301 1245 1322 
3317 1274 1251 1311 1323 
3318 580 1298 145 1308 
3319 1253 1292 1273 1361 
3320 594 588 1275 1310 
3321 725 1266 726 1367 
3322 664 659 665 1371 
3323 1075 1080 1074 1286 
3324 582 576 583 1275 
3325 1251 1274 1311 1316 
3326 907 908 906 1262 
3327 606 1282 600 1359 
3328 588 1275 589 1359 
3329 755 1273 754 1361 
3330 1244 1316 1274 1358 
3331 574 1298 580 1308 
3332 853 848 849 1328 
3333 879 884 883 1371 
3334 1258 1320 1022 1368 
3335 843 842 1291 1354 
3336 1011 1016 1010 1320 
3337 775 776 777 1301 
3338 558 1307 552 1373 
3339 1256 1334 1271 1365 
3340 889 776 774 1349 
3341 1282 1311 1252 1316 
3342 838 839 843 1330 
3343 1194 1189 1031 1368 
3344 520 525 519 1302 
3345 1275 1335 1306 1338 
3346 1053 1059 1058 1310 
3347 1161 1159 1163 1160 
3348 1113 1111 1115 1112 
3349 1185 1183 1187 1184 
3350 1137 1135 1139 1136 
3351 530 1315 536 1319 
3352 1062 1063 1068 1286 
3353 1112 1108 1109 1111 
3354 1157 1159 1160 1156 
3355 1183 1180 1184 1181 
3356 1132 1136 1135 1133 
3357 633 216 1214 1357 
3358 1113 1116 1112 1115 
3359 1163 1161 1160 1164 
3360 1140 1136 1137 1139 
3361 1188 1184 1185 1187 
3362 1070 1286 1069 1353 
3363 1199 1282 1061 1310 
3364 1157 1155 1159 1156 
3365 1107 1109 1108 1111 
3366 799 804 803 1329 
3367 1181 1179 1183 1180 
3368 1133 1131 1135 1132 
3369 1245 1284 1279 1322 
3370 1249 1263 1265 1344 
3371 1163 1165 1164 1167 
3372 1115 1117 1116 1119 
3373 1139 1141 1140 1143 
3374 1092 1187 1097 1188 
3375 548 547 542 1373 
3376 39 78 2 1267 
3377 1128 1131 1129 1132 
3378 1152 1155 1153 1156 
3379 1176 1179 1177 1180 
3380 1104 1107 1105 1108 
3381 1184 1180 942 1296 
3382 1108 906 1112 1296 
3383 1156 930 1160 1296 
3384 1132 918 1136 1296 
3385 556 1294 555 1336 
3386 927 929 1262 1351 
3387 1108 1104 904 1296 
3388 1180 1176 940 1296 
3389 1132 1128 916 1296 
3390 1156 1152 928 1296 
3391 1344 1345 1265 1358 
3392 520 526 525 1302 
3393 1259 1291 1289 1330 
3394 1131 1128 1129 1127 
3395 658 659 664 1371 
3396 91 160 125 159 
3397 1107 1104 1105 1103 
3398 1179 1176 1177 1175 
3399 1155 1152 1153 1151 
3400 2 1277 84 1364 
3401 1117 1120 1116 1119 
3402 1168 1165 1167 1164 
3403 1140 1144 1143 1141 
3404 1099 1188 1092 1097 
3405 529 523 1315 1319 
3406 606 607 1342 1359 
3407 541 542 547 1373 
3408 620 1292 1324 1343 
3409 1172 1175 1173 1176 
3410 1124 1127 1125 1128 
3411 1100 1103 1101 1104 
3412 1148 1151 1149 1152 
3413 563 567 566 1259 
3414 668 663 669 1276 
3415 762 757 763 1337 
3416 1253 1295 1350 1367 
3417 926 927 928 1262 
3418 604 1350 1339 1367 
3419 1171 1168 1169 1167 
3420 1147 1144 1145 1143 
3421 1123 1120 1121 1119 
3422 1098 1099 1094 1097 
3423 1175 1172 1173 1171 
3424 1127 1124 1125 1123 
3425 1103 1100 1101 1098 
3426 1151 1148 1149 1147 
3427 627 1269 165 1324 
3428 1168 1171 1169 1172 
3429 1120 1123 1121 1124 
3430 1099 1098 1094 1100 
3431 1144 1147 1145 1148 
3432 556 550 1336 1362 
3433 772 792 797 1287 
3434 1204 1343 624 1366 
3435 51 14 15 52 
3436 578 585 1306 1308 
3437 1278 1303 1297 1321 
3438 1065 1060 1066 1282 
3439 828 833 832 1291 
3440 1061 1066 1060 1282 
3441 1104 1100 902 1296 
3442 1176 1172 938 1296 
3443 1128 1124 914 1296 
3444 1152 1148 926 1296 
3445 787 772 782 1287 
3446 662 1302 1276 1372 
3447 776 1301 774 1349 
3448 39 2 16 1267 
3449 1184 944 1188 1296 
3450 1112 908 1116 1296 
3451 1160 932 1164 1296 
3452 1136 920 1140 1296 
3453 827 1314 822 1346 
3454 1247 1309 1279 1327 
3455 15 51 45 44 
3456 672 673 1336 1362 
3457 600 606 1201 1282 
3458 1201 1282 606 1342 
3459 1251 1306 1295 1323 
3460 1030 1024 1025 1368 
3461 509 506 1303 1313 
3462 645 1349 1270 1357 
3463 1011 1017 1016 1320 
3464 1252 1321 1261 1340 
3465 1060 1065 1059 1282 
3466 1232 508 516 1313 
3467 967 1268 973 1333 
3468 207 202 208 328 
3469 537 1280 536 1315 
3470 977 1240 976 1290 
3471 646 1270 645 1349 
3472 1252 1311 1274 1316 
3473 925 924 923 1262 
3474 207 330 202 328 
3475 994 1000 999 1283 
3476 1250 1334 1284 1365 
3477 280 330 281 287 
3478 1075 1286 1076 1340 
3479 678 673 679 1336 
3480 911 913 912 1262 
3481 558 1277 1197 1307 
3482 245 165 1269 1347 
3483 591 1295 590 1306 
3484 1289 1328 848 1354 
3485 1271 1290 1256 1319 
3486 508 509 516 1313 
3487 651 650 1270 1371 
3488 665 671 670 1276 
3489 1020 927 925 1351 
3490 1066 1061 1067 1282 
3491 763 758 764 1337 
3492 1245 1269 1301 1337 
3493 1100 1099 901 1296 
3494 1172 1168 936 1296 
3495 1124 1120 912 1296 
3496 1148 1144 924 1296 
3497 975 976 1240 1290 
3498 325 234 228 332 
3499 1248 1277 1267 1364 
3500 1188 946 1099 1296 
3501 910 1120 1116 1296 
3502 1168 1164 934 1296 
3503 1030 1025 1031 1368 
3504 1144 1140 922 1296 
3505 1281 1300 1248 1363 
3506 518 523 517 1271 
3507 1258 1338 1345 1358 
3508 1249 1263 1344 1352 
3509 1254 1300 1294 1318 
3510 627 632 626 1324 
3511 522 1192 1232 1271 
3512 672 1336 678 1362 
3513 1263 1249 1317 1352 
3514 1253 1350 1304 1367 
3515 1248 1283 1264 1307 
3516 120 93 91 92 
3517 1250 1321 1303 1322 
3518 37 22 92 45 
3519 577 578 1306 1335 
3520 1004 998 999 1307 
3521 1087 1081 1082 1340 
3522 506 1288 509 1303 
3523 594 1275 588 1359 
3524 1260 1297 1261 1340 
3525 1281 1293 1300 1363 
3526 516 509 517 1313 
3527 529 1315 530 1319 
3528 1282 1310 1199 1359 
3529 1261 1340 1297 1366 
3530 1087 950 948 1333 
3531 1030 1029 1024 1368 
3532 607 601 1339 1359 
3533 792 772 787 1287 
3534 1256 1290 1268 1332 
3535 662 1276 668 1372 
3536 1248 1277 1320 1368 
3537 1302 1327 1270 1371 
3538 506 507 1288 1303 
3539 838 1291 833 1330 
3540 1261 1321 1260 1340 
3541 1034 1035 1040 1345 
3542 1253 1273 1329 1361 
3543 1248 1294 1300 1318 
3544 1246 1335 1267 1338 
3545 1005 1004 999 1307 
3546 838 843 842 1291 
3547 1250 1299 1271 1313 
3548 1035 1041 1040 1345 
3549 28 22 103 37 
3550 190 1312 189 1360 
3551 1309 1354 1255 1370 
3552 518 524 523 1271 
3553 757 762 756 1337 
3554 668 662 663 1276 
3555 616 622 621 1361 
3556 1268 1333 1299 1374 
3557 1199 1310 1198 1359 
3558 531 537 1315 1372 
3559 999 993 994 1283 
3560 30 38 55 1267 
3561 995 1001 1000 1283 
3562 1253 1295 1339 1350 
3563 714 1308 1272 1346 
3564 1029 1023 1024 1368 
3565 1272 1330 1298 1356 
3566 1189 1305 1031 1368 
3567 39 38 1194 1267 
3568 761 767 1269 1337 
3569 864 869 868 1276 
3570 1059 1282 1065 1353 
3571 1247 1276 1309 1327 
3572 692 687 693 1289 
3573 672 1331 673 1362 
3574 1250 1260 1297 1321 
3575 616 621 615 1361 
3576 868 869 873 1371 
3577 583 584 1306 1335 
3578 714 1272 715 1346 
3579 913 915 1262 1351 
3580 758 763 757 1337 
3581 995 1000 994 1283 
3582 528 1192 522 1319 
3583 153 89 83 60 
3584 1274 1253 1311 1341 
3585 672 673 678 1336 
3586 775 1301 777 1337 
3587 1298 1330 1259 1355 
3588 627 165 632 1324 
3589 620 1292 621 1324 
3590 507 511 1288 1303 
3591 626 1324 1278 1343 
3592 1251 1274 1316 1358 
3593 714 713 1272 1308 
3594 1248 1307 1264 1320 
3595 1260 1250 1297 1374 
3596 931 1262 929 1348 
3597 543 1280 1331 1362 
3598 664 665 670 1276 
3599 53 1305 1267 1335 
3600 884 889 888 1349 
3601 1030 1305 1029 1368 
3602 2 3 84 1277 
3603 609 1292 1339 1361 
3604 1029 1305 1028 1368 
3605 1270 1349 1257 1357 
3606 1193 1275 588 1310 
3607 970 969 964 1299 
3608 808 812 807 1314 
3609 1250 1284 1322 1365 
3610 523 1271 524 1315 
3611 1251 1275 1306 1338 
3612 714 1272 713 1356 
3613 656 1302 650 1371 
3614 589 1275 583 1306 
3615 586 591 585 1306 
3616 567 1259 696 1355 
3617 597 1295 591 1367 
3618 556 555 550 1362 
3619 883 878 879 1371 
3620 1030 1031 1305 1368 
3621 30 1194 38 1267 
3622 1251 1275 1310 1359 
3623 889 774 888 1349 
3624 1273 1245 1324 1341 
3625 964 969 963 1299 
3626 1213 190 197 1360 
3627 1276 1327 1302 1371 
3628 600 1282 1199 1359 
3629 535 529 530 1319 
3630 799 803 798 1329 
3631 531 536 530 1315 
3632 1192 1217 522 1232 
3633 1208 1201 606 1342 
3634 862 857 858 1354 
3635 528 522 523 1319 
3636 1261 1297 1260 1321 
3637 1180 1181 1177 1296 
3638 1105 1108 1109 1296 
3639 1153 1156 1157 1296 
3640 1132 1133 1129 1296 
3641 59 58 12 88 
3642 549 550 555 1362 
3643 1185 1181 1184 1296 
3644 1109 1112 1113 1296 
3645 1161 1157 1160 1296 
3646 1137 1133 1136 1296 
3647 1105 1101 1104 1296 
3648 1177 1173 1176 1296 
3649 1129 1125 1128 1296 
3650 1153 1149 1152 1296 
3651 125 52 91 159 
3652 1295 1306 1266 1323 
3653 36 22 37 44 
3654 39 16 38 1267 
3655 532 1315 1302 1372 
3656 586 592 591 1306 
3657 1101 1094 1100 1296 
3658 1278 1324 1261 1343 
3659 1173 1169 1172 1296 
3660 1125 1121 1124 1296 
3661 1149 1145 1148 1296 
3662 92 120 93 94 
3663 577 1306 584 1335 
3664 1185 1188 1092 1296 
3665 1113 1116 1117 1296 
3666 1161 1164 1165 1296 
3667 1137 1140 1141 1296 
3668 911 910 909 1262 
3669 1217 1192 522 1219 
3670 1262 929 1348 1351 
3671 1094 1092 1099 1296 
3672 1169 1165 1168 1296 
3673 1121 1117 1120 1296 
3674 1145 1141 1144 1296 
3675 668 1276 1331 1372 
3676 686 687 692 1289 
3677 1257 1288 1303 1322 
3678 1001 1283 1195 1307 
3679 1248 1258 1320 1363 
3680 1288 1303 1250 1313 
3681 915 917 1262 1351 
3682 1213 1312 190 1360 
3683 509 507 510 1288 
3684 1221 1208 612 1231 
3685 868 873 1327 1371 
3686 803 1329 1304 1369 
3687 1330 1355 1298 1356 
3688 506 507 509 1288 
3689 537 543 1280 1331 
3690 1339 1350 1295 1367 
3691 775 774 776 1301 
3692 1205 534 540 1319 
3693 1231 1221 896 624 
3694 1231 896 1204 624 
3695 1082 1088 1087 1340 
3696 160 91 125 93 
3697 772 872 877 1370 
3698 37 92 103 45 
3699 1208 1221 612 1227 
3700 893 1197 558 1224 
3701 1075 1081 1080 1286 
3702 925 927 926 1262 
3703 1267 1305 1258 1338 
3704 1199 1067 1061 1282 
3705 237 238 245 1269 
3706 612 1326 1342 1343 
3707 814 819 818 1346 
3708 1081 1286 1075 1340 
3709 853 848 1328 1354 
3710 664 670 669 1276 
3711 632 1278 165 1347 
3712 1011 1010 1307 1320 
3713 788 784 789 1337 
3714 1251 1306 1323 1338 
3715 526 1302 532 1315 
3716 958 957 956 1297 
3717 1058 1059 1064 1353 
3718 955 956 957 1297 
3719 1262 1348 1285 1351 
3720 1217 1216 508 1232 
3721 628 1269 627 1324 
3722 904 905 906 1262 
3723 1250 1271 1334 1365 
3724 1063 1069 1068 1286 
3725 1203 1225 575 1229 
3726 511 512 1288 1357 
3727 1258 1345 1344 1358 
3728 1274 1251 1323 1358 
3729 711 706 712 1308 
3730 982 981 1240 1290 
3731 1328 1336 1331 1362 
3732 771 1279 887 1375 
3733 580 581 579 1308 
3734 1294 1300 1259 1364 
3735 313 317 318 312 
3736 917 919 1262 1351 
3737 568 571 54 1267 
3738 1064 1059 1065 1353 
3739 1015 1020 1014 1352 
3740 943 941 1068 1285 
3741 1258 1338 1305 1345 
3742 583 576 577 1335 
3743 1252 1274 1311 1341 
3744 774 1301 888 1349 
3745 956 955 954 1297 
3746 190 1213 514 1357 
3747 531 537 536 1315 
3748 594 588 589 1359 
3749 565 1259 566 1355 
3750 523 529 528 1319 
3751 1247 1276 1302 1372 
3752 54 1267 16 1364 
3753 862 863 867 1327 
3754 957 958 959 1297 
3755 1190 1219 528 1192 
3756 982 1240 983 1290 
3757 615 1292 609 1361 
3758 608 1339 1292 1342 
3759 643 649 648 1357 
3760 737 1304 1350 1367 
3761 1067 1199 1201 1282 
3762 572 1298 573 1335 
3763 558 552 553 1373 
3764 182 188 189 1360 
3765 583 577 584 1335 
3766 943 1262 941 1285 
3767 624 1343 1261 1366 
3768 517 509 510 1288 
3769 843 1289 848 1354 
3770 1254 1294 1336 1362 
3771 1074 1068 1069 1286 
3772 887 1279 882 1375 
3773 929 930 928 1262 
3774 878 1371 883 1375 
3775 903 905 1262 1285 
3776 1299 1313 1250 1374 
3777 1059 1053 1054 1310 
3778 1251 1311 1295 1359 
3779 1292 1252 1341 1343 
3780 1034 1028 1305 1345 
3781 530 536 535 1319 
3782 534 535 540 1319 
3783 981 975 1240 1290 
3784 923 1239 1014 1351 
3785 536 542 541 1280 
3786 172 189 170 1360 
3787 882 1279 877 1375 
3788 585 586 1306 1308 
3789 919 921 1262 1351 
3790 517 510 518 1288 
3791 626 1278 625 1343 
3792 1251 1282 1311 1359 
3793 640 641 639 1349 
3794 594 1193 588 1310 
3795 1278 1297 1261 1321 
3796 572 568 569 1298 
3797 925 927 1262 1351 
3798 15 51 52 45 
3799 1219 1190 528 1218 
3800 1268 1260 1333 1374 
3801 153 89 60 159 
3802 793 1329 798 1369 
3803 1247 1315 1280 1372 
3804 1028 1022 1023 1368 
3805 888 1349 1301 1375 
3806 612 1326 1208 1342 
3807 612 618 1231 1326 
3808 145 711 581 1308 
3809 1227 1201 606 1208 
3810 1004 1307 1010 1320 
3811 1207 503 898 1196 
3812 898 503 1191 1196 
3813 579 574 580 1308 
3814 643 648 642 1357 
3815 589 595 594 1359 
3816 1055 1061 1060 1310 
3817 1196 959 958 1297 
3818 1276 1280 1331 1372 
3819 553 559 558 1373 
3820 569 573 572 1298 
3821 45 22 15 44 
3822 125 159 160 132 
3823 1060 1059 1054 1310 
3824 1250 1303 1288 1322 
3825 535 541 540 1319 
3826 145 706 711 1308 
3827 995 1205 1001 1283 
3828 36 22 28 37 
3829 1297 1250 1313 1374 
3830 1055 1199 1061 1310 
3831 1060 1054 1055 1310 
3832 1195 1001 1205 1283 
3833 1029 1028 1023 1368 
3834 504 503 1303 1313 
3835 1204 896 1209 630 
3836 1193 1222 594 1226 
3837 1261 1326 1252 1340 
3838 923 1262 921 1351 
3839 715 1272 716 1346 
3840 669 663 664 1276 
3841 1198 1222 594 1193 
3842 1207 1204 1209 630 
3843 668 1276 669 1331 
3844 505 503 1278 1303 
3845 1292 1253 1339 1361 
3846 864 868 863 1276 
3847 540 546 1283 1373 
3848 511 189 191 1357 
3849 1201 1227 606 895 
3850 1258 1344 1264 1363 
3851 1280 1254 1331 1362 
3852 1252 1311 1292 1341 
3853 601 606 600 1359 
3854 511 507 170 1303 
3855 1292 1311 1253 1341 
3856 1254 1318 1294 1362 
3857 895 1199 600 1201 
3858 614 1292 620 1343 
3859 1248 1294 1318 1373 
3860 694 689 695 1289 
3861 947 945 1242 1285 
3862 581 580 145 1308 
3863 1292 1311 1252 1342 
3864 625 1278 1261 1343 
3865 925 1262 923 1351 
3866 962 963 1299 1374 
3867 1199 894 600 1198 
3868 1328 1331 1254 1362 
3869 526 525 1302 1315 
3870 103 115 37 45 
3871 1015 1320 1021 1352 
3872 575 1203 53 1305 
3873 1274 1323 1293 1358 
3874 895 1199 894 600 
3875 1269 1257 1312 1347 
3876 624 1231 618 1343 
3877 1214 1312 1213 1360 
3878 1229 1215 53 1203 
3879 892 1195 1228 540 
3880 1231 1326 618 1343 
3881 608 1292 614 1342 
3882 954 1297 955 1374 
3883 962 955 963 1374 
3884 650 656 655 1302 
3885 612 618 1326 1343 
3886 909 908 907 1262 
3887 1205 1228 1195 540 
3888 1215 1189 53 1203 
3889 1081 1075 1076 1340 
3890 606 601 607 1359 
3891 1195 1307 1283 1373 
3892 198 197 192 1325 
3893 1328 1254 1336 1362 
3894 905 1285 960 1317 
3895 584 577 578 1306 
3896 1273 1324 1292 1341 
3897 125 93 91 120 
3898 578 585 584 1306 
3899 832 827 828 1291 
3900 182 189 172 1360 
3901 808 803 1304 1369 
3902 1034 1305 1035 1345 
3903 1029 1034 1028 1305 
3904 52 59 89 60 
3905 75 67 76 82 
3906 954 952 1297 1374 
3907 1034 1029 1035 1305 
3908 503 1191 1223 898 
3909 1209 1207 503 898 
3910 1228 1205 1220 534 
3911 1222 600 894 1198 
3912 1295 1311 1253 1339 
3913 959 1297 1191 1313 
3914 554 559 553 1294 
3915 602 1295 1339 1359 
3916 1316 1344 1265 1358 
3917 585 579 586 1308 
3918 44 21 13 43 
3919 639 638 640 1349 
3920 953 955 962 1374 
3921 1191 959 1196 1297 
3922 521 520 515 1357 
3923 591 596 590 1295 
3924 827 1314 1291 1370 
3925 715 721 720 1346 
3926 798 1329 803 1369 
3927 960 966 907 1317 
3928 526 531 525 1315 
3929 708 714 713 1356 
3930 1285 1317 1249 1333 
3931 54 16 84 1364 
3932 818 823 822 1346 
3933 622 627 621 1324 
3934 1284 1321 1250 1322 
3935 696 114 108 1355 
3936 1006 1005 1000 1307 
3937 1055 1198 1199 1310 
3938 1248 1320 1264 1363 
3939 28 103 109 37 
3940 817 772 1314 1370 
3941 578 579 585 1308 
3942 767 766 761 1269 
3943 929 928 927 1262 
3944 687 1289 686 1336 
3945 838 837 833 1291 
3946 190 188 197 1360 
3947 1264 1320 1258 1363 
3948 688 689 694 1289 
3949 1005 999 1000 1307 
3950 575 1305 53 1335 
3951 520 513 515 1357 
3952 1246 1323 1306 1338 
3953 45 37 22 44 
3954 641 647 646 1349 
3955 1053 1047 1236 1310 
3956 814 818 813 1346 
3957 807 812 772 1314 
3958 1289 1328 1254 1336 
3959 622 628 627 1324 
3960 120 125 93 94 
3961 655 649 650 1302 
3962 1016 1320 1017 1368 
3963 554 560 559 1294 
3964 1006 1000 1001 1307 
3965 1244 1344 1316 1358 
3966 12 50 51 44 
3967 737 732 738 1304 
3968 1311 1339 1295 1359 
3969 605 1350 604 1367 
3970 182 172 173 1325 
3971 675 681 680 1328 
3972 1270 1327 1279 1375 
3973 1267 1335 1305 1338 
3974 1326 1340 1261 1366 
3975 783 784 788 1337 
3976 125 60 52 159 
3977 1005 1237 1011 1307 
3978 636 637 635 1349 
3979 1006 1001 1007 1307 
3980 760 761 766 1269 
3981 1245 1321 1284 1322 
3982 510 507 511 1288 
3983 694 693 688 1289 
3984 175 199 185 184 
3985 82 76 83 67 
3986 1286 1316 1265 1353 
3987 11 13 20 43 
3988 580 158 144 1298 
3989 749 755 754 1361 
3990 1292 1341 1324 1343 
3991 630 1261 624 1278 
3992 1007 1001 1195 1307 
3993 90 54 55 1267 
3994 878 1327 1371 1375 
3995 1246 1306 1335 1338 
3996 941 1285 1262 1348 
3997 1253 1311 1292 1339 
3998 628 165 627 1269 
3999 169 1312 167 1360 
4000 941 1262 939 1348 
4001 844 849 848 1289 
4002 620 1324 626 1343 
4003 1076 1070 1071 1326 
4004 591 597 596 1295 
4005 22 27 36 28 
4006 1280 1318 1254 1362 
4007 565 568 564 1364 
4008 1253 1350 1339 1361 
4009 1247 1302 1315 1372 
4010 1068 1285 941 1348 
4011 51 58 12 59 
4012 1251 1316 1265 1358 
4013 91 120 52 125 
4014 559 1294 560 1364 
4015 203 1214 1213 1360 
4016 526 532 531 1315 
4017 125 60 159 132 
4018 838 842 837 1291 
4019 50 12 10 43 
4020 167 1312 169 1347 
4021 36 21 44 43 
4022 526 520 521 1302 
4023 767 762 768 1337 
4024 1076 1071 1077 1326 
4025 1020 1263 1014 1352 
4026 120 92 103 94 
4027 714 719 713 1308 
4028 1076 1326 1077 1340 
4029 628 237 165 1269 
4030 1250 1322 1288 1365 
4031 1007 1195 1210 1307 
4032 1076 1082 1081 1340 
4033 1282 1252 1311 1342 
4034 250 244 251 331 
4035 624 1261 625 1278 
4036 1021 1015 1016 1320 
4037 103 120 45 92 
4038 888 1301 774 1375 
4039 1074 1069 1075 1286 
4040 336 324 213 335 
4041 567 566 1259 1355 
4042 625 1261 624 1343 
4043 521 527 526 1302 
4044 1009 1003 1004 1320 
4045 512 510 511 1288 
4046 615 620 614 1292 
4047 620 615 621 1292 
4048 1246 1293 1323 1338 
4049 1244 1264 1344 1363 
4050 185 199 200 194 
4051 556 561 555 1294 
4052 330 207 213 328 
4053 1292 1339 1311 1342 
4054 773 774 775 1301 
4055 165 237 245 1269 
4056 103 109 115 104 
4057 761 762 767 1337 
4058 1289 1254 1328 1354 
4059 145 139 137 1356 
4060 758 795 790 794 
4061 1026 927 1020 1351 
4062 1015 1021 1020 1352 
4063 592 597 591 1367 
4064 834 833 1272 1330 
4065 201 195 324 333 
4066 596 1295 602 1359 
4067 1010 1004 1005 1307 
4068 542 1280 543 1362 
4069 720 714 715 1346 
4070 749 754 748 1361 
4071 1014 1263 1351 1352 
4072 1250 1303 1297 1313 
4073 1291 1314 1255 1370 
4074 189 1312 170 1360 
4075 708 713 707 1356 
4076 522 1232 516 1271 
4077 954 953 952 1374 
4078 610 1339 1350 1361 
4079 182 1325 188 1360 
4080 1252 1282 1326 1342 
4081 1270 1371 1327 1375 
4082 556 562 561 1294 
4083 607 1339 608 1342 
4084 1285 1317 1262 1351 
4085 710 716 715 1272 
4086 565 569 568 1364 
4087 641 646 639 1349 
4088 554 1294 553 1373 
4089 688 693 687 1289 
4090 1252 1326 1261 1343 
4091 829 834 833 1272 
4092 654 649 655 1302 
4093 804 740 809 1304 
4094 1329 1350 1253 1361 
4095 568 1267 54 1364 
4096 600 1199 1198 1359 
4097 115 109 103 37 
4098 1005 1011 1010 1307 
4099 94 103 115 104 
4100 147 83 77 140 
4101 182 172 1325 1360 
4102 537 538 543 1331 
4103 960 1317 1285 1333 
4104 661 1302 662 1372 
4105 953 954 955 1374 
4106 195 186 324 333 
4107 328 327 299 223 
4108 1248 1277 1307 1320 
4109 1261 1343 1326 1366 
4110 842 1291 1354 1370 
4111 544 543 538 1331 
4112 125 93 126 160 
4113 505 1303 1278 1347 
4114 1282 1251 1310 1359 
4115 966 1317 960 1333 
4116 709 715 714 1272 
4117 584 589 583 1306 
4118 58 12 10 50 
4119 1252 1292 1342 1343 
4120 654 648 649 1302 
4121 904 902 903 1262 
4122 698 1330 703 1355 
4123 672 678 551 1362 
4124 903 949 905 1285 
4125 125 126 93 94 
4126 245 167 165 1347 
4127 1002 1351 996 1352 
4128 941 939 1062 1348 
4129 824 829 828 1272 
4130 518 510 512 1288 
4131 512 519 518 1288 
4132 125 120 121 94 
4133 817 772 812 1314 
4134 1211 765 1212 1269 
4135 609 1292 608 1339 
4136 160 153 132 159 
4137 675 680 674 1328 
4138 64 72 63 79 
4139 1002 1239 919 1351 
4140 592 598 597 1367 
4141 758 795 794 752 
4142 1323 1338 1293 1358 
4143 1317 1351 1263 1352 
4144 932 930 931 1262 
4145 760 766 765 1269 
4146 909 907 966 1317 
4147 667 662 668 1372 
4148 609 615 614 1292 
4149 90 16 54 1267 
4150 527 648 654 1302 
4151 170 169 1312 1347 
4152 760 765 759 1269 
4153 737 1350 736 1367 
4154 536 537 542 1280 
4155 120 103 115 94 
4156 521 648 527 1302 
4157 1248 1318 1283 1373 
4158 1047 1052 1046 1310 
4159 584 590 589 1306 
4160 53 1267 571 1335 
4161 158 1298 164 1355 
4162 1251 1338 1323 1358 
4163 1258 1305 1267 1368 
4164 609 1339 610 1361 
4165 635 634 636 1349 
4166 569 565 566 1355 
4167 638 639 637 1349 
4168 1009 1004 1010 1320 
4169 95 121 96 94 
4170 66 74 81 75 
4171 853 1328 858 1354 
4172 83 140 60 68 
4173 1211 238 236 1269 
4174 1082 1076 1077 1366 
4175 543 1331 544 1362 
4176 126 93 95 160 
4177 120 103 45 115 
4178 1014 1263 1020 1351 
4179 731 726 732 1367 
4180 602 1295 603 1339 
4181 614 608 609 1292 
4182 795 752 746 794 
4183 537 543 542 1280 
4184 126 95 93 94 
4185 597 602 596 1295 
4186 231 246 239 1325 
4187 1019 1194 1025 1368 
4188 1077 1083 1082 1366 
4189 59 89 60 83 
4190 1198 1310 594 1359 
4191 626 620 621 1324 
4192 907 906 905 1262 
4193 1248 1283 1307 1373 
4194 1047 1053 1052 1310 
4195 1080 1242 1074 1285 
4196 566 570 569 1355 
4197 602 1339 601 1359 
4198 794 746 799 1329 
4199 631 503 630 1278 
4200 977 1192 1190 1290 
4201 51 58 50 12 
4202 612 1208 606 1342 
4203 1244 1358 1293 1363 
4204 672 551 545 1362 
4205 531 1315 532 1372 
4206 1088 1340 1082 1366 
4207 621 627 626 1324 
4208 710 715 709 1272 
4209 795 799 746 800 
4210 1016 1022 1021 1320 
4211 239 231 240 246 
4212 716 722 721 1346 
4213 800 804 740 805 
4214 860 864 671 865 
4215 890 776 640 778 
4216 1217 516 522 1232 
4217 1231 1221 624 618 
4218 812 813 817 1314 
4219 959 1191 965 1313 
4220 983 977 1190 1290 
4221 1293 1338 1258 1358 
4222 774 1301 771 1375 
4223 772 867 872 1370 
4224 740 809 805 804 
4225 865 864 671 869 
4226 640 778 776 777 
4227 929 931 930 1262 
4228 931 933 1262 1348 
4229 1057 1051 1052 1353 
4230 725 726 731 1367 
4231 667 661 662 1372 
4232 618 1231 1221 612 
4233 508 516 1217 1232 
4234 170 1303 166 1347 
4235 844 848 843 1289 
4236 1191 1206 965 1313 
4237 759 765 236 1269 
4238 147 83 140 153 
4239 1192 1219 528 522 
4240 870 865 671 869 
4241 805 810 809 740 
4242 745 751 750 1329 
4243 778 640 779 777 
4244 793 798 797 1369 
4245 597 603 602 1295 
4246 1045 1039 1040 1345 
4247 950 951 1333 1374 
4248 983 1202 989 1319 
4249 1253 1329 1304 1350 
4250 505 1278 631 1347 
4251 570 1298 569 1355 
4252 630 624 625 1278 
4253 610 616 615 1361 
4254 84 1277 559 1364 
4255 817 1314 822 1370 
4256 983 1290 1190 1319 
4257 1009 1003 1320 1352 
4258 1077 1340 1326 1366 
4259 896 1204 624 630 
4260 594 588 1193 1226 
4261 947 1242 1086 1285 
4262 1263 1348 929 1351 
4263 1285 1348 1263 1351 
4264 943 1068 1074 1285 
4265 602 607 601 1339 
4266 661 656 662 1302 
4267 668 1331 667 1372 
4268 231 240 246 1325 
4269 678 1336 551 1362 
4270 197 188 1325 1360 
4271 735 1350 605 1367 
4272 1223 1216 1206 1313 
4273 1194 1019 1200 1368 
4274 675 1328 674 1331 
4275 1082 1340 1076 1366 
4276 126 125 121 94 
4277 68 76 83 77 
4278 617 623 622 1361 
4279 619 613 614 1343 
4280 126 132 125 160 
4281 843 848 847 1354 
4282 35 20 13 43 
4283 1022 1320 1016 1368 
4284 1035 1030 1036 1305 
4285 829 833 828 1272 
4286 1076 1340 1077 1366 
4287 94 115 120 104 
4288 1032 929 1026 1263 
4289 561 560 1294 1364 
4290 615 609 610 1361 
4291 1063 1064 1069 1353 
4292 631 505 503 1278 
4293 804 809 808 1304 
4294 834 1330 1272 1356 
4295 332 243 234 331 
4296 1079 1326 1231 1366 
4297 661 655 656 1302 
4298 1027 1028 1033 1345 
4299 614 620 619 1343 
4300 1293 1358 1258 1363 
4301 736 1350 735 1367 
4302 96 94 116 104 
4303 1304 1329 1253 1369 
4304 681 680 1328 1336 
4305 983 1190 1202 1319 
4306 1244 1344 1358 1363 
4307 737 736 731 1367 
4308 616 617 622 1361 
4309 672 545 1331 1362 
4310 951 961 1333 1374 
4311 748 754 753 1361 
4312 1208 1227 612 606 
4313 607 602 608 1339 
4314 161 133 95 160 
4315 578 577 573 1335 
4316 610 1350 611 1361 
4317 721 715 716 1346 
4318 625 631 630 1278 
4319 697 1330 698 1355 
4320 116 94 120 104 
4321 3 558 559 1277 
4322 83 140 153 60 
4323 334 330 202 207 
4324 83 77 140 68 
4325 1083 1088 1082 1366 
4326 759 236 629 1269 
4327 903 1262 900 1285 
4328 132 153 60 159 
4329 975 980 974 1290 
4330 53 1229 1203 575 
4331 963 968 962 1299 
4332 60 67 83 68 
4333 639 646 645 1349 
4334 532 526 527 1302 
4335 239 230 225 1325 
4336 590 584 585 1306 
4337 1063 1069 1286 1353 
4338 95 126 121 94 
4339 651 657 656 1371 
4340 612 1342 613 1343 
4341 1223 1206 1191 1313 
4342 629 236 237 1269 
4343 968 963 969 1299 
4344 1078 1077 1326 1366 
4345 540 541 546 1373 
4346 822 1314 817 1346 
4347 818 822 817 1346 
4348 986 991 985 1332 
4349 277 283 282 278 
4350 737 1304 738 1350 
4351 572 573 577 1335 
4352 892 546 893 1373 
4353 1079 1078 1326 1366 
4354 808 807 803 1369 
4355 638 637 636 1349 
4356 170 166 169 1347 
4357 1019 1025 1024 1368 
4358 1030 1035 1029 1305 
4359 1222 594 600 1198 
4360 1209 1207 630 503 
4361 833 837 832 1291 
4362 895 1201 600 606 
4363 702 698 703 1355 
4364 1002 996 997 1352 
4365 1258 1358 1344 1363 
4366 740 739 734 1304 
4367 585 591 590 1306 
4368 533 532 1302 1372 
4369 541 547 546 1373 
4370 1054 1053 1236 1310 
4371 171 248 174 220 
4372 237 628 629 1269 
4373 1024 1018 1019 1368 
4374 827 1291 832 1370 
4375 240 247 246 1325 
4376 215 217 1214 1312 
4377 748 753 747 1361 
4378 1083 1089 1088 1366 
4379 54 571 53 1267 
4380 975 981 980 1290 
4381 1036 1031 1037 1305 
4382 1052 1058 1057 1353 
4383 121 122 95 96 
4384 1064 1070 1069 1353 
4385 1045 1040 1046 1345 
4386 660 1302 661 1372 
4387 951 953 961 1374 
4388 795 799 794 746 
4389 140 153 132 160 
4390 713 719 718 1308 
4391 116 120 115 104 
4392 527 533 532 1302 
4393 1036 1030 1031 1305 
4394 230 1325 239 1360 
4395 54 84 564 1364 
4396 730 731 736 1367 
4397 126 132 160 133 
4398 739 738 733 1304 
4399 1023 1017 1018 1368 
4400 746 751 745 1329 
4401 11 10 43 49 
4402 1228 1205 534 540 
4403 168 171 172 1325 
4404 985 979 980 1332 
4405 559 84 3 1277 
4406 1213 197 203 1360 
4407 750 744 745 1329 
4408 199 184 193 185 
4409 239 1325 246 1360 
4410 651 656 650 1371 
4411 1034 1033 1028 1345 
4412 631 625 626 1278 
4413 633 1349 635 1357 
4414 604 610 1339 1350 
4415 237 236 238 1269 
4416 59 66 82 67 
4417 931 1235 933 1348 
4418 1083 1241 1089 1366 
4419 198 204 203 1325 
4420 925 923 1014 1351 
4421 1006 1237 1005 1307 
4422 1193 1043 1230 1275 
4423 794 799 798 1329 
4424 613 608 614 1342 
4425 1024 1023 1018 1368 
4426 631 1278 632 1347 
4427 1163 1165 1161 1164 
4428 1115 1117 1113 1116 
4429 1139 1141 1137 1140 
4430 1092 1187 1188 1185 
4431 1168 1169 1167 1165 
4432 1120 1121 1119 1117 
4433 1144 1145 1143 1141 
4434 1099 1094 1097 1092 
4435 522 516 517 1271 
4436 660 655 661 1302 
4437 133 126 95 160 
4438 1161 1159 1160 1157 
4439 1113 1111 1112 1109 
4440 1185 1183 1184 1181 
4441 1137 1135 1136 1133 
4442 225 231 239 1325 
4443 247 168 246 1325 
4444 613 607 608 1342 
4445 660 654 655 1302 
4446 178 333 243 250 
4447 560 554 555 1294 
4448 734 739 733 1304 
4449 1172 1173 1171 1169 
4450 1124 1125 1123 1121 
4451 1100 1101 1098 1094 
4452 1148 1149 1147 1145 
4453 773 771 774 1301 
4454 198 173 192 193 
4455 507 166 170 1303 
4456 1157 1155 1156 1153 
4457 1109 1107 1108 1105 
4458 1133 1131 1132 1129 
4459 1181 1179 1180 1177 
4460 174 173 211 175 
4461 1128 1129 1127 1125 
4462 1176 1177 1175 1173 
4463 1104 1105 1103 1101 
4464 1152 1153 1151 1149 
4465 213 330 336 334 
4466 1263 1317 1285 1351 
4467 1022 1016 1017 1368 
4468 599 604 598 1367 
4469 991 986 992 1332 
4470 713 718 712 1308 
4471 599 605 604 1367 
4472 145 580 144 1298 
4473 660 533 1302 1372 
4474 702 697 698 1355 
4475 943 945 1262 1285 
4476 1094 1093 1092 1296 
4477 1185 1092 1093 1296 
4478 1169 1093 1165 1296 
4479 1113 1117 1093 1296 
4480 1161 1165 1093 1296 
4481 1121 1093 1117 1296 
4482 1145 1093 1141 1296 
4483 1137 1141 1093 1296 
4484 743 742 1350 1361 
4485 915 990 917 1351 
4486 1101 1093 1094 1296 
4487 1185 1093 1181 1296 
4488 1173 1093 1169 1296 
4489 1109 1113 1093 1296 
4490 1161 1093 1157 1296 
4491 1125 1093 1121 1296 
4492 1137 1093 1133 1296 
4493 1149 1093 1145 1296 
4494 1105 1093 1101 1296 
4495 1177 1181 1093 1296 
4496 1177 1093 1173 1296 
4497 1105 1109 1093 1296 
4498 1129 1093 1125 1296 
4499 1153 1157 1093 1296 
4500 1153 1093 1149 1296 
4501 1093 1129 1133 1296 
4502 961 953 962 1374 
4503 555 561 560 1294 
4504 130 151 152 1355 
4505 654 533 527 1302 
4506 173 192 193 184 
4507 564 568 54 1364 
4508 950 952 951 1374 
4509 645 637 639 1349 
4510 626 632 631 1278 
4511 299 293 328 223 
4512 581 587 586 1308 
4513 777 784 783 1337 
4514 703 1355 1330 1356 
4515 669 675 674 1331 
4516 517 523 522 1271 
4517 173 174 211 171 
4518 660 533 654 1302 
4519 738 732 733 1304 
4520 505 504 503 1303 
4521 579 581 586 1308 
4522 1054 1236 1055 1310 
4523 245 238 230 1360 
4524 840 839 835 1330 
4525 1017 1023 1022 1368 
4526 1006 1007 1237 1307 
4527 808 803 804 1304 
4528 817 822 772 1370 
4529 168 170 169 1360 
4530 600 1198 594 1359 
4531 1072 1078 1077 1326 
4532 1252 1342 1326 1343 
4533 220 241 247 248 
4534 768 763 769 1337 
4535 905 904 903 1262 
4536 331 336 213 332 
4537 1031 1189 1037 1305 
4538 676 682 681 1328 
4539 1189 1203 1037 1305 
4540 834 835 839 1330 
4541 197 188 192 1325 
4542 1077 1071 1072 1326 
4543 980 986 985 1332 
4544 612 613 618 1343 
4545 60 67 59 83 
4546 270 268 196 267 
4547 504 1303 506 1313 
4548 1026 1020 1263 1351 
4549 245 230 239 1360 
4550 588 582 583 1275 
4551 126 122 95 121 
4552 153 132 60 140 
4553 506 504 505 1303 
4554 168 1325 172 1360 
4555 712 718 717 1308 
4556 110 116 115 104 
4557 736 735 730 1367 
4558 764 770 769 1337 
4559 88 59 58 82 
4560 934 932 933 1262 
4561 529 523 524 1315 
4562 902 901 900 1262 
4563 931 933 932 1262 
4564 556 551 557 1336 
4565 1062 1068 941 1348 
4566 203 197 1325 1360 
4567 94 121 96 116 
4568 154 141 161 160 
4569 613 619 618 1343 
4570 822 1314 827 1370 
4571 840 835 705 1330 
4572 905 949 960 1285 
4573 701 706 145 1356 
4574 511 191 512 1357 
4575 666 661 667 1372 
4576 505 631 632 1347 
4577 762 763 768 1337 
4578 171 173 172 1325 
4579 551 556 550 1336 
4580 120 121 94 116 
4581 1072 1073 1078 1326 
4582 620 625 619 1343 
4583 764 769 763 1337 
4584 1078 1073 1079 1326 
4585 951 952 953 1374 
4586 220 171 248 247 
4587 997 1003 1002 1352 
4588 583 589 588 1275 
4589 853 858 857 1354 
4590 949 960 1285 1333 
4591 504 1216 1223 1313 
4592 512 191 513 1357 
4593 798 793 794 1329 
4594 735 729 730 1367 
4595 712 717 711 1308 
4596 241 221 248 220 
4597 909 966 972 1317 
4598 735 605 729 1367 
4599 121 105 96 116 
4600 524 530 529 1315 
4601 741 611 1350 1361 
4602 674 668 669 1331 
4603 561 564 560 1364 
4604 666 660 661 1372 
4605 220 247 240 1325 
4606 1197 1013 1007 1307 
4607 620 626 625 1343 
4608 605 611 610 1350 
4609 1073 1208 1079 1326 
4610 911 909 972 1317 
4611 58 57 10 87 
4612 605 599 729 1367 
4613 705 704 1330 1356 
4614 741 1350 742 1361 
4615 949 1285 948 1333 
4616 842 843 847 1354 
4617 923 921 1239 1351 
4618 854 859 858 1328 
4619 220 171 247 1325 
4620 110 115 109 104 
4621 632 166 505 1347 
4622 134 133 95 161 
4623 604 605 610 1350 
4624 635 644 643 1357 
4625 170 1312 169 1360 
4626 1210 1197 1007 1307 
4627 1231 1079 1208 1326 
4628 1213 216 514 1357 
4629 666 667 1331 1372 
4630 961 966 960 1333 
4631 293 208 328 214 
4632 862 867 772 1370 
4633 681 675 676 1328 
4634 837 1291 842 1370 
4635 525 530 524 1315 
4636 211 173 171 1325 
4637 783 775 777 1337 
4638 877 1327 878 1375 
4639 570 573 569 1298 
4640 839 838 834 1330 
4641 947 900 1262 1285 
4642 240 231 220 1325 
4643 35 13 21 43 
4644 949 948 950 1333 
4645 561 565 564 1364 
4646 933 935 1262 1348 
4647 573 570 574 1298 
4648 549 548 543 1362 
4649 176 249 221 174 
4650 171 168 247 1325 
4651 95 122 97 96 
4652 221 249 242 248 
4653 868 873 872 1327 
4654 224 225 230 1325 
4655 807 802 803 1369 
4656 542 543 548 1362 
4657 133 140 160 141 
4658 575 53 571 1335 
4659 545 551 550 1362 
4660 551 1336 550 1362 
4661 571 576 575 1335 
4662 249 221 174 248 
4663 903 900 948 1285 
4664 1014 1008 1009 1352 
4665 224 1325 230 1360 
4666 819 824 823 1346 
4667 212 195 186 206 
4668 1080 1086 1242 1285 
4669 168 246 1325 1360 
4670 525 531 530 1315 
4671 643 633 635 1357 
4672 537 531 532 1372 
4673 873 878 1327 1371 
4674 105 121 117 116 
4675 114 119 113 108 
4676 1085 1079 1204 1366 
4677 947 1262 945 1285 
4678 236 765 1211 1269 
4679 725 731 730 1367 
4680 681 687 686 1336 
4681 1015 1009 1010 1320 
4682 798 803 802 1369 
4683 133 95 126 127 
4684 552 893 546 1373 
4685 548 553 547 1373 
4686 939 1262 937 1348 
4687 532 538 537 1372 
4688 122 126 95 127 
4689 133 140 132 160 
4690 704 703 699 1330 
4691 168 172 170 1360 
4692 1204 1079 1231 1366 
4693 724 725 730 1367 
4694 548 554 553 1373 
4695 122 98 97 96 
4696 306 312 311 313 
4697 545 550 544 1362 
4698 1049 1193 1198 1310 
4699 1055 1049 1198 1310 
4700 43 20 11 42 
4701 174 212 211 220 
4702 245 239 167 1360 
4703 1249 1285 1263 1317 
4704 702 1355 703 1356 
4705 336 333 213 324 
4706 913 911 978 1317 
4707 738 744 743 1350 
4708 175 173 211 205 
4709 598 592 593 1367 
4710 539 1331 538 1372 
4711 858 853 854 1328 
4712 333 336 213 331 
4713 624 618 619 1343 
4714 700 705 704 1330 
4715 161 141 133 160 
4716 224 238 1211 1360 
4717 105 122 121 96 
4718 545 544 539 1331 
4719 666 539 660 1372 
4720 832 1291 837 1370 
4721 241 220 247 226 
4722 545 544 1331 1362 
4723 319 252 323 254 
4724 601 595 596 1359 
4725 544 538 539 1331 
4726 681 686 680 1336 
4727 539 533 660 1372 
4728 666 1331 539 1372 
4729 50 57 10 58 
4730 211 171 174 220 
4731 617 616 611 1361 
4732 88 81 58 87 
4733 593 599 598 1367 
4734 1078 1083 1077 1366 
4735 747 742 748 1361 
4736 848 853 852 1354 
4737 1009 1320 1015 1352 
4738 619 625 624 1343 
4739 698 699 703 1330 
4740 1010 1016 1015 1320 
4741 249 243 221 242 
4742 224 230 238 1360 
4743 1078 1084 1083 1366 
4744 772 822 827 1370 
4745 834 838 833 1330 
4746 961 967 966 1333 
4747 205 173 211 1325 
4748 10 50 43 49 
4749 247 232 241 226 
4750 220 241 221 226 
4751 699 700 704 1330 
4752 1008 1002 1003 1352 
4753 1263 1285 1249 1348 
4754 95 133 134 127 
4755 668 674 673 1331 
4756 506 166 507 1303 
4757 612 606 607 1342 
4758 857 852 853 1354 
4759 1014 1020 925 1351 
4760 612 607 613 1342 
4761 857 852 1354 1370 
4762 220 211 171 1325 
4763 990 996 917 1351 
4764 610 611 616 1361 
4765 823 818 819 1346 
4766 919 1239 921 1351 
4767 949 950 951 1333 
4768 596 602 601 1359 
4769 903 902 900 1262 
4770 167 239 246 1360 
4771 1212 1312 215 1360 
4772 122 105 121 117 
4773 741 742 747 1361 
4774 933 935 934 1262 
4775 873 878 877 1327 
4776 937 1262 935 1348 
4777 743 737 738 1350 
4778 741 747 617 1361 
4779 919 917 996 1351 
4780 735 741 611 1350 
4781 880 879 875 1371 
4782 888 774 771 1375 
4783 166 506 505 1303 
4784 166 1303 505 1347 
4785 701 137 1355 1356 
4786 1194 38 39 899 
4787 504 506 508 1313 
4788 206 211 205 175 
4789 533 538 532 1372 
4790 509 508 506 1313 
4791 1214 215 1312 1360 
4792 220 231 225 1325 
4793 533 539 538 1372 
4794 84 559 560 1364 
4795 508 1216 504 1313 
4796 335 329 213 336 
4797 878 883 882 1375 
4798 8 10 9 49 
4799 947 901 946 1262 
4800 1009 1015 1014 1352 
4801 1086 900 947 1285 
4802 936 934 935 1262 
4803 64 72 79 73 
4804 729 724 730 1367 
4805 729 723 724 1367 
4806 227 221 248 241 
4807 190 514 191 1357 
4808 224 219 225 1325 
4809 1033 1034 1039 1345 
4810 122 95 97 127 
4811 875 879 874 1371 
4812 43 35 20 42 
4813 879 878 874 1371 
4814 198 203 197 1325 
4815 599 593 723 1367 
4816 98 122 105 96 
4817 223 293 328 214 
4818 741 617 611 1361 
4819 666 672 545 1331 
4820 933 1235 1044 1348 
4821 735 611 605 1350 
4822 1194 30 38 899 
4823 58 66 81 88 
4824 668 673 667 1331 
4825 560 564 84 1364 
4826 729 599 723 1367 
4827 652 658 657 1371 
4828 1204 1207 1085 1366 
4829 137 164 131 1355 
4830 1207 1091 1085 1366 
4831 857 862 772 1370 
4832 1214 203 215 1360 
4833 867 868 872 1327 
4834 240 247 220 226 
4835 58 65 81 66 
4836 609 603 604 1339 
4837 610 609 604 1339 
4838 972 978 911 1317 
4839 642 633 643 1357 
4840 550 549 544 1362 
4841 198 192 173 1325 
4842 50 57 49 10 
4843 105 117 111 116 
4844 261 262 254 260 
4845 1057 1058 1063 1353 
4846 666 545 539 1331 
4847 108 567 696 1355 
4848 847 842 1354 1370 
4849 1039 1034 1040 1345 
4850 802 797 798 1369 
4851 196 329 334 207 
4852 939 937 1056 1348 
4853 207 334 330 213 
4854 737 743 742 1350 
4855 168 169 246 1360 
4856 680 686 685 1336 
4857 704 703 1330 1356 
4858 549 543 544 1362 
4859 949 951 960 1333 
4860 679 685 684 1336 
4861 572 577 576 1335 
4862 657 651 652 1371 
4863 117 98 122 105 
4864 212 201 195 206 
4865 572 576 571 1335 
4866 335 329 187 201 
4867 95 134 97 127 
4868 216 633 642 1357 
4869 220 240 226 231 
4870 169 167 246 1360 
4871 1003 1009 1008 1352 
4872 1044 1235 1038 1348 
4873 53 29 1215 1229 
4874 227 221 242 248 
4875 251 178 333 180 
4876 949 903 948 1285 
4877 608 602 603 1339 
4878 679 684 678 1336 
4879 705 710 709 1356 
4880 85 64 63 79 
4881 680 685 679 1336 
4882 239 231 225 230 
4883 26 20 35 42 
4884 166 167 169 1347 
4885 772 827 832 1370 
4886 609 608 603 1339 
4887 513 514 515 1357 
4888 86 10 8 49 
4889 111 105 116 110 
4890 1058 1064 1063 1353 
4891 513 191 514 1357 
4892 653 659 658 1371 
4893 848 852 847 1354 
4894 873 874 878 1371 
4895 42 11 43 49 
4896 242 233 227 248 
4897 737 742 736 1350 
4898 176 221 212 174 
4899 47 55 38 90 
4900 68 76 67 83 
4901 206 195 186 200 
4902 216 642 515 1357 
4903 166 632 165 1347 
4904 529 534 528 1319 
4905 978 984 913 1317 
4906 134 141 133 161 
4907 595 600 594 1359 
4908 97 135 134 162 
4909 243 234 331 333 
4910 327 336 326 213 
4911 106 98 122 117 
4912 218 1325 224 1360 
4913 206 186 185 200 
4914 652 653 658 1371 
4915 209 203 1325 1360 
4916 709 704 705 1356 
4917 19 9 11 34 
4918 771 887 888 1375 
4919 216 515 514 1357 
4920 5 90 70 47 
4921 212 206 176 174 
4922 877 872 873 1327 
4923 852 857 772 1370 
4924 701 1355 702 1356 
4925 1221 896 624 495 
4926 453 588 1226 1225 
4927 1224 558 893 413 
4928 522 1219 371 1217 
4929 207 324 335 213 
4930 134 128 97 127 
4931 251 178 250 333 
4932 710 1272 709 1356 
4933 960 951 961 1333 
4934 529 535 534 1319 
4935 151 108 114 1355 
4936 882 877 878 1375 
4937 10 57 86 87 
4938 184 199 173 175 
4939 102 130 131 1355 
4940 595 601 600 1359 
4941 847 1354 852 1370 
4942 186 194 185 200 
4943 946 944 945 1262 
4944 1216 508 357 1217 
4945 892 399 893 546 
4946 439 1229 575 1225 
4947 612 1221 481 1227 
4948 328 287 208 293 
4949 194 186 195 200 
4950 243 212 221 234 
4951 4 7 47 48 
4952 1220 385 1228 534 
4953 1222 894 600 467 
4954 467 894 600 895 
4955 898 503 1209 349 
4956 1223 503 898 349 
4957 937 936 935 1262 
4958 947 900 901 1262 
4959 1211 1212 218 1360 
4960 86 64 65 57 
4961 630 896 1209 502 
4962 3 1224 897 420 
4963 1219 1218 528 378 
4964 1226 1222 594 460 
4965 123 106 98 122 
4966 88 58 66 82 
4967 202 196 334 207 
4968 38 90 16 40 
4969 832 837 772 1370 
4970 938 936 937 1262 
4971 16 5 6 40 
4972 97 123 127 128 
4973 702 707 706 1356 
4974 48 8 9 49 
4975 201 324 335 207 
4976 218 224 1211 1360 
4977 332 243 331 244 
4978 142 148 155 149 
4979 1002 919 996 1351 
4980 134 155 161 162 
4981 64 85 63 56 
4982 47 85 4 48 
4983 847 852 772 1370 
4984 1086 948 900 1285 
4985 185 175 177 206 
4986 131 701 137 1355 
4987 218 219 224 1325 
4988 81 57 58 87 
4989 1223 504 350 1216 
4990 895 474 1227 606 
4991 1228 392 892 540 
4992 33 7 40 18 
4993 1 17 32 2 
4994 546 547 552 1373 
4995 29 53 439 1229 
4996 222 326 325 336 
4997 837 842 772 1370 
4998 234 242 233 227 
4999 325 332 222 336 
5000 847 772 842 1370 
5001 547 553 552 1373 
5002 38 47 90 40 
5003 6 2 32 17 
5004 34 9 41 19 
5005 118 106 122 117 
5006 135 97 134 128 
5007 939 1056 1062 1348 
5008 1083 1084 1241 1366 
5009 259 266 257 265 
5010 327 336 213 328 
5011 701 702 706 1356 
5012 123 99 97 98 
5013 213 329 334 336 
5014 280 274 334 202 
5015 16 5 40 90 
5016 48 46 85 56 
5017 883 888 887 1375 
5018 225 219 220 1325 
5019 265 267 259 266 
5020 86 57 10 49 
5021 175 199 173 205 
5022 254 252 323 262 
5023 8 48 86 49 
5024 106 123 118 122 
5025 209 215 203 1360 
5026 55 47 30 46 
5027 467 594 1222 460 
5028 385 528 1218 378 
5029 349 630 1209 502 
5030 31 3 897 420 
5031 85 5 47 4 
5032 943 944 942 1262 
5033 75 67 82 66 
5034 155 134 142 162 
5035 90 5 40 47 
5036 55 47 38 30 
5037 49 56 86 57 
5038 1212 209 218 1360 
5039 588 460 453 1226 
5040 522 378 371 1219 
5041 558 420 413 1224 
5042 624 502 495 896 
5043 131 164 101 1355 
5044 99 123 100 98 
5045 69 62 63 61 
5046 204 210 209 1325 
5047 937 935 1050 1348 
5048 938 939 940 1262 
5049 2 1 78 32 
5050 106 118 112 117 
5051 63 70 71 55 
5052 413 552 893 406 
5053 495 618 1221 488 
5054 453 582 1225 446 
5055 371 516 1217 364 
5056 34 9 11 42 
5057 288 223 292 294 
5058 4 7 6 40 
5059 42 48 9 49 
5060 25 24 19 33 
5061 7 47 48 41 
5062 5 85 47 70 
5063 39 32 2 78 
5064 280 334 330 202 
5065 933 1044 935 1348 
5066 212 207 201 206 
5067 102 131 101 1355 
5068 173 198 199 193 
5069 1228 385 392 534 
5070 503 1223 350 349 
5071 474 467 600 895 
5072 508 364 357 1217 
5073 575 446 439 1225 
5074 406 893 399 546 
5075 488 1221 481 612 
5076 48 46 47 85 
5077 203 204 209 1325 
5078 1085 1241 1084 1366 
5079 333 331 243 250 
5080 899 39 1194 1200 
5081 594 467 1222 600 
5082 630 349 1209 503 
5083 588 460 1226 594 
5084 522 378 1219 528 
5085 558 420 1224 3 
5086 624 502 896 630 
5087 940 941 942 1262 
5088 250 333 331 251 
5089 5 4 6 40 
5090 618 495 1221 624 
5091 582 453 1225 588 
5092 552 413 893 558 
5093 516 371 1217 522 
5094 218 209 1325 1360 
5095 7 47 41 40 
5096 508 516 364 1217 
5097 575 582 446 1225 
5098 1221 488 618 612 
5099 893 406 552 546 
5100 157 138 150 146 
5101 947 946 945 1262 
5102 99 136 135 163 
5103 56 85 63 46 
5104 135 129 99 128 
5105 534 392 1228 540 
5106 350 504 1223 503 
5107 895 600 474 606 
5108 1227 474 481 606 
5109 357 350 504 1216 
5110 392 399 892 540 
5111 210 219 218 1325 
5112 240 232 247 226 
5113 101 570 102 1355 
5114 1189 30 1194 899 
5115 938 937 939 1262 
5116 677 866 861 860 
5117 641 780 891 890 
5118 746 806 801 800 
5119 481 612 1227 606 
5120 53 439 1229 575 
5121 508 357 504 1216 
5122 546 892 399 540 
5123 1 17 23 32 
5124 59 66 58 82 
5125 248 233 227 241 
5126 7 33 40 41 
5127 39 38 16 40 
5128 106 100 123 98 
5129 703 708 707 1356 
5130 795 791 758 790 
5131 156 142 134 162 
5132 1200 899 39 897 
5133 866 671 865 860 
5134 805 806 740 800 
5135 778 640 890 780 
5136 704 709 708 1356 
5137 716 825 826 820 
5138 683 856 850 855 
5139 319 252 318 323 
5140 205 211 210 1325 
5141 722 826 821 820 
5142 689 856 851 850 
5143 337 339 347 340 
5144 380 386 384 387 
5145 422 427 426 428 
5146 462 468 466 469 
5147 881 885 653 886 
5148 791 795 758 796 
5149 810 805 806 740 
5150 865 671 866 870 
5151 835 705 836 840 
5152 779 640 778 780 
5153 463 457 462 456 
5154 423 417 422 416 
5155 9 34 41 42 
5156 107 124 123 100 
5157 86 4 48 8 
5158 70 79 63 71 
5159 752 746 796 795 
5160 456 457 462 455 
5161 416 417 422 415 
5162 329 196 187 201 
5163 746 806 800 740 
5164 641 780 890 640 
5165 677 866 860 671 
5166 380 386 379 384 
5167 337 339 338 347 
5168 496 337 338 347 
5169 422 427 421 426 
5170 462 468 461 466 
5171 329 187 269 335 
5172 29 433 1215 1229 
5173 469 464 463 470 
5174 429 428 423 424 
5175 806 811 810 740 
5176 841 836 705 840 
5177 640 779 781 780 
5178 870 671 866 871 
5179 722 826 820 716 
5180 689 856 850 683 
5181 851 846 695 850 
5182 764 790 791 786 
5183 821 820 816 728 
5184 345 501 337 500 
5185 498 500 337 497 
5186 886 885 653 647 
5187 820 815 816 728 
5188 796 795 758 752 
5189 846 845 695 850 
5190 434 440 438 441 
5191 352 358 356 359 
5192 476 482 480 483 
5193 462 469 464 463 
5194 428 423 424 422 
5195 695 689 851 850 
5196 790 791 758 764 
5197 820 821 722 728 
5198 268 329 274 196 
5199 1212 215 209 1360 
5200 30 1189 1215 899 
5201 340 345 347 337 
5202 428 425 426 422 
5203 69 62 72 63 
5204 417 422 415 418 
5205 463 457 464 462 
5206 423 417 424 422 
5207 382 376 381 375 
5208 361 367 360 359 
5209 811 734 810 740 
5210 671 870 665 871 
5211 225 220 226 231 
5212 274 329 334 196 
5213 417 422 418 424 
5214 501 337 496 347 
5215 796 800 795 746 
5216 408 400 412 407 
5217 442 448 441 443 
5218 484 485 490 483 
5219 402 408 401 403 
5220 412 418 411 408 
5221 887 882 883 1375 
5222 442 448 443 449 
5223 491 485 490 484 
5224 402 408 403 409 
5225 476 482 475 480 
5226 352 358 351 356 
5227 434 440 433 438 
5228 63 70 55 46 
5229 128 99 97 123 
5230 418 422 426 425 
5231 348 339 340 347 
5232 427 432 426 428 
5233 466 473 469 468 
5234 131 130 701 1355 
5235 796 800 746 801 
5236 427 29 433 1215 
5237 369 367 375 368 
5238 401 402 403 396 
5239 483 485 478 484 
5240 360 361 359 354 
5241 442 443 441 436 
5242 700 846 845 695 
5243 143 149 156 150 
5244 816 815 734 728 
5245 345 346 340 347 
5246 431 425 426 428 
5247 390 383 384 387 
5248 469 466 465 472 
5249 354 359 360 353 
5250 402 401 395 396 
5251 478 483 484 477 
5252 441 442 436 435 
5253 428 433 432 434 
5254 340 351 348 352 
5255 469 475 473 476 
5256 220 219 211 1325 
5257 424 425 428 422 
5258 218 209 210 1325 
5259 134 135 156 162 
5260 179 333 178 180 
5261 136 99 135 129 
5262 501 345 337 347 
5263 356 352 359 355 
5264 479 483 476 480 
5265 434 437 441 438 
5266 354 352 359 353 
5267 478 476 483 477 
5268 436 441 435 434 
5269 401 394 395 396 
5270 7 4 47 40 
5271 408 404 411 405 
5272 382 376 383 381 
5273 400 408 412 405 
5274 213 222 326 327 
5275 871 665 876 875 
5276 846 841 700 845 
5277 815 734 811 816 
5278 99 124 128 129 
5279 348 340 346 347 
5280 431 426 432 428 
5281 469 473 466 472 
5282 485 490 483 486 
5283 408 403 404 401 
5284 443 444 448 441 
5285 367 369 366 359 
5286 424 422 418 425 
5287 252 323 262 331 
5288 430 425 431 428 
5289 472 465 469 471 
5290 389 383 390 387 
5291 340 344 346 345 
5292 492 498 493 499 
5293 433 432 434 438 
5294 351 352 356 348 
5295 476 475 473 480 
5296 702 703 707 1356 
5297 199 184 173 193 
5298 135 142 156 143 
5299 394 389 388 395 
5300 429 435 434 430 
5301 471 470 476 477 
5302 342 353 352 344 
5303 870 665 871 875 
5304 810 734 811 815 
5305 359 362 356 355 
5306 486 483 479 480 
5307 437 444 441 438 
5308 305 306 326 311 
5309 1170 1167 1169 1166 
5310 1122 1119 1121 1118 
5311 1096 1097 1094 1095 
5312 1146 1143 1145 1142 
5313 1186 1092 1187 1095 
5314 1162 1165 1163 1166 
5315 1114 1117 1115 1118 
5316 1138 1141 1139 1142 
5317 704 708 703 1356 
5318 405 411 408 412 
5319 432 29 433 427 
5320 478 483 476 479 
5321 441 436 437 434 
5322 355 352 359 354 
5323 396 401 394 397 
5324 306 305 310 311 
5325 485 483 478 479 
5326 436 443 441 437 
5327 355 359 361 354 
5328 396 403 401 397 
5329 29 432 433 438 
5330 444 441 443 437 
5331 362 359 361 355 
5332 483 479 485 486 
5333 432 437 434 438 
5334 397 403 401 404 
5335 355 356 352 348 
5336 479 476 473 480 
5337 433 428 432 427 
5338 351 340 348 339 
5339 475 469 473 468 
5340 118 100 123 106 
5341 335 329 201 207 
5342 396 394 390 397 
5343 354 355 352 346 
5344 436 437 434 431 
5345 478 476 472 479 
5346 1102 1098 1101 1096 
5347 1150 1147 1149 1146 
5348 1174 1171 1173 1170 
5349 1126 1123 1125 1122 
5350 1134 1137 1135 1138 
5351 1158 1161 1159 1162 
5352 1110 1113 1111 1114 
5353 1182 1185 1183 1186 
5354 387 389 388 394 
5355 430 434 429 428 
5356 471 470 469 476 
5357 352 340 342 344 
5358 493 498 490 500 
5359 431 432 434 428 
5360 352 348 340 346 
5361 472 469 473 476 
5362 106 112 111 117 
5363 943 945 944 1262 
5364 47 70 85 46 
5365 1154 1151 1153 1150 
5366 1103 1106 1102 1105 
5367 1130 1127 1129 1126 
5368 1175 1178 1174 1177 
5369 1178 1181 1179 1182 
5370 1110 1107 1109 1106 
5371 1130 1133 1131 1134 
5372 1154 1157 1155 1158 
5373 79 70 63 85 
5374 434 437 432 431 
5375 348 352 355 346 
5376 473 472 476 479 
5377 86 64 57 56 
5378 457 448 451 458 
5379 417 408 411 418 
5380 136 131 164 129 
5381 205 210 204 1325 
5382 135 99 97 128 
5383 490 498 497 500 
5384 939 941 940 1262 
5385 49 56 48 86 
5386 499 498 493 500 
5387 457 455 448 458 
5388 417 415 408 418 
5389 352 340 344 346 
5390 431 434 430 428 
5391 390 389 387 394 
5392 469 472 471 476 
5393 42 9 48 41 
5394 124 130 129 102 
5395 386 379 385 1220 
5396 894 454 461 467 
5397 349 898 339 338 
5398 338 349 898 496 
5399 31 427 421 899 
5400 899 421 31 414 
5401 1220 379 385 372 
5402 467 461 894 468 
5403 112 107 113 118 
5404 124 107 123 119 
5405 1218 1220 385 372 
5406 1228 386 385 1220 
5407 468 894 467 895 
5408 894 1222 454 467 
5409 427 31 1215 899 
5410 897 899 31 414 
5411 1209 898 349 496 
5412 898 339 1223 349 
5413 1095 1092 1187 1097 
5414 1142 1141 1139 1143 
5415 1166 1165 1163 1167 
5416 1118 1117 1115 1119 
5417 32 24 18 23 
5418 136 131 137 164 
5419 226 240 232 231 
5420 219 210 211 1325 
5421 232 227 233 241 
5422 1167 1170 1169 1171 
5423 1143 1146 1145 1147 
5424 1119 1122 1121 1123 
5425 1097 1096 1094 1098 
5426 58 65 57 81 
5427 4 5 47 40 
5428 489 488 1221 482 
5429 446 447 440 1225 
5430 118 112 100 106 
5431 1050 1056 937 1348 
5432 206 201 195 200 
5433 943 942 941 1262 
5434 893 1224 413 400 
5435 358 371 1219 1217 
5436 899 31 39 897 
5437 1162 1161 1159 1163 
5438 1114 1113 1111 1115 
5439 1138 1137 1135 1139 
5440 1186 1185 1183 1187 
5441 131 129 130 102 
5442 1044 1050 935 1348 
5443 1216 357 358 1217 
5444 893 400 399 892 
5445 439 440 1229 1225 
5446 481 1221 482 1227 
5447 502 347 501 496 
5448 420 426 419 414 
5449 378 384 377 372 
5450 489 1221 495 896 
5451 1225 447 1226 453 
5452 1182 1181 1179 1183 
5453 1134 1133 1131 1135 
5454 1158 1157 1155 1159 
5455 1107 1110 1109 1111 
5456 327 229 299 223 
5457 135 142 134 156 
5458 31 29 427 1215 
5459 384 379 385 386 
5460 338 347 349 496 
5461 347 349 339 338 
5462 421 426 31 414 
5463 426 31 427 421 
5464 385 379 384 372 
5465 466 461 467 468 
5466 1098 1102 1101 1103 
5467 1147 1150 1149 1151 
5468 1171 1174 1173 1175 
5469 1123 1126 1125 1127 
5470 413 1224 407 400 
5471 365 371 1219 358 
5472 1103 1106 1105 1107 
5473 1175 1178 1177 1179 
5474 1127 1130 1129 1131 
5475 1151 1154 1153 1155 
5476 1218 1219 365 378 
5477 407 897 1224 420 
5478 447 1222 1226 460 
5479 502 896 1209 489 
5480 440 439 1229 433 
5481 358 351 357 1216 
5482 482 475 481 1227 
5483 393 399 400 892 
5484 4 86 48 85 
5485 229 326 327 305 
5486 1215 31 30 899 
5487 489 487 488 482 
5488 447 445 446 440 
5489 475 895 474 1227 
5490 1223 350 351 1216 
5491 892 393 392 1228 
5492 413 407 412 400 
5493 370 371 365 358 
5494 6 32 7 17 
5495 48 7 8 4 
5496 419 413 407 412 
5497 377 371 365 370 
5498 453 459 452 447 
5499 501 495 489 494 
5500 414 897 407 420 
5501 1209 496 502 489 
5502 372 1218 365 378 
5503 460 447 1222 454 
5504 433 29 439 1229 
5505 31 29 432 427 
5506 123 107 100 118 
5507 391 384 385 386 
5508 31 432 426 427 
5509 339 348 349 347 
5510 473 466 467 468 
5511 335 329 207 213 
5512 262 261 254 263 
5513 412 406 400 405 
5514 370 364 358 363 
5515 398 399 400 393 
5516 358 351 356 357 
5517 433 440 439 438 
5518 482 475 480 481 
5519 29 31 30 1215 
5520 32 7 18 40 
5521 339 350 351 1223 
5522 895 475 474 468 
5523 386 392 393 1228 
5524 288 284 283 289 
5525 420 407 414 419 
5526 496 501 502 489 
5527 365 372 378 377 
5528 454 460 447 459 
5529 487 489 488 494 
5530 452 446 447 445 
5531 20 26 25 34 
5532 400 399 398 405 
5533 356 363 358 357 
5534 440 445 439 438 
5535 481 480 482 487 
5536 433 439 29 438 
5537 348 350 351 339 
5538 474 473 468 475 
5539 391 386 392 393 
5540 474 473 475 480 
5541 350 351 356 348 
5542 398 391 392 393 
5543 99 164 136 163 
5544 260 254 323 262 
5545 254 262 263 252 
5546 143 149 142 156 
5547 319 317 322 323 
5548 65 86 57 87 
5549 107 100 112 106 
5550 207 329 334 213 
5551 63 71 79 72 
5552 21 27 26 35 
5553 112 100 107 118 
5554 329 196 201 207 
5555 312 325 311 317 
5556 85 70 63 46 
5557 454 1222 460 467 
5558 372 385 1218 378 
5559 31 897 414 420 
5560 496 349 1209 502 
5561 248 242 233 241 
5562 32 6 7 40 
5563 135 156 162 163 
5564 34 11 20 42 
5565 241 232 247 240 
5566 392 386 385 1228 
5567 467 474 468 895 
5568 339 350 1223 349 
5569 365 1219 371 378 
5570 413 407 1224 420 
5571 896 502 495 489 
5572 453 447 1226 460 
5573 378 384 372 385 
5574 502 347 496 349 
5575 420 426 414 31 
5576 213 222 332 336 
5577 413 893 400 406 
5578 364 371 358 1217 
5579 48 85 86 56 
5580 364 358 357 1217 
5581 399 400 893 406 
5582 446 440 439 1225 
5583 481 482 1221 488 
5584 489 488 495 1221 
5585 446 447 1225 453 
5586 386 385 391 392 
5587 339 348 350 349 
5588 467 474 473 468 
5589 481 475 474 1227 
5590 350 357 351 1216 
5591 392 399 393 892 
5592 9 19 18 24 
5593 9 18 7 33 
5594 321 320 322 258 
5595 413 419 407 420 
5596 371 377 365 378 
5597 495 501 489 502 
5598 453 459 447 460 
5599 406 412 400 413 
5600 364 370 358 371 
5601 400 399 405 406 
5602 363 364 358 357 
5603 440 445 446 439 
5604 482 481 487 488 
5605 488 494 489 495 
5606 446 452 447 453 
5607 480 475 474 481 
5608 351 356 357 350 
5609 392 399 398 393 
5610 34 26 35 42 
5611 124 102 100 107 
5612 196 274 202 334 
5613 263 253 254 252 
5614 318 180 331 252 
5615 143 163 156 135 
5616 262 324 263 252 
5617 252 323 331 318 
5618 253 263 335 324 
5619 53 30 1215 29 
5620 20 26 34 42 
5621 129 131 101 102 
5622 131 129 101 164 
5623 163 143 156 150 
5624 107 102 119 124 
5625 85 64 79 86 
5626 313 311 306 314 
5627 33 7 9 41 
5628 263 253 255 254 
5629 1186 1092 1185 1187 
5630 1165 1162 1163 1161 
5631 1117 1114 1115 1113 
5632 1141 1138 1139 1137 
5633 1092 1095 1094 1097 
5634 1167 1166 1165 1169 
5635 1143 1145 1142 1141 
5636 1121 1117 1118 1119 
5637 330 287 202 328 
5638 253 263 324 252 
5639 1182 1185 1181 1183 
5640 1134 1137 1133 1135 
5641 1158 1161 1157 1159 
5642 1110 1113 1109 1111 
5643 1101 1098 1094 1096 
5644 1170 1169 1171 1173 
5645 1145 1149 1147 1146 
5646 1125 1121 1122 1123 
5647 1178 1181 1177 1179 
5648 1107 1109 1106 1105 
5649 1130 1133 1129 1131 
5650 1154 1157 1153 1155 
5651 288 294 292 297 
5652 1153 1149 1150 1151 
5653 1101 1102 1105 1103 
5654 1129 1125 1126 1127 
5655 1175 1174 1173 1177 
5656 202 287 208 328 
5657 332 323 318 331 
5658 124 101 99 100 
5659 163 164 136 157 
5660 259 257 264 265 
5661 280 330 287 202 
5662 326 222 213 336 
5663 229 306 326 305 
5664 9 19 24 33 
5665 223 292 294 298 
5666 18 9 24 33 
5667 163 150 156 157 
5668 85 56 64 86 
5669 9 19 33 41 
5670 81 65 57 87 
5671 251 333 331 180 
5672 202 274 196 270 
5673 119 124 102 108 
5674 311 235 326 325 
5675 332 222 228 325 
5676 313 317 312 311 
5677 157 138 164 136 
5678 294 297 298 292 
5679 290 291 296 289 
5680 129 101 99 124 
5681 327 229 305 299 
5682 102 124 100 101 
5683 317 319 322 320 
5684 253 263 187 335 
5685 270 268 274 196 
5686 262 331 333 252 
5687 124 129 101 102 
5688 292 297 291 288 
5689 311 235 325 244 
5690 196 266 265 270 
5691 318 180 251 331 
5692 255 253 263 187 
5693 324 181 253 252 
5694 263 269 187 335 
5695 208 280 287 202 
5696 314 316 311 315 
5697 196 267 266 270 
5698 235 311 326 306 
5699 262 333 324 252 
5700 252 331 333 180 
5701 318 332 331 251 
5702 229 326 306 235 
5703 223 288 292 214 
5704 252 333 324 180 
5705 324 181 252 180 
5706 223 299 293 298 
5707 267 265 196 266 
5708 293 292 286 214 
5709 273 202 270 274 
5710 229 305 299 304 
5711 223 304 299 298 
5712 38 31 39 899 
5713 31 38 30 899 
5714 300 308 307 229 
5715 208 277 282 278 
5716 304 299 229 223 
5717 279 208 282 278 
5718 303 304 223 298 
5719 305 229 306 310 
5720 293 286 208 214 
5721 286 282 208 214 
5722 229 309 307 310 
5723 229 300 304 223 
5724 229 307 306 310 
5725 304 300 303 223 
5726 308 309 307 229 
5727 149 154 148 155 
5728 161 95 93 160 
5729 80 85 79 86 
5730 157 162 156 163 
5731 75 80 74 81 
5732 82 87 81 88 
5733 77 82 76 83 
5734 154 153 160 159 
5735 132 68 60 140 
5736 1080 947 945 1242 
5737 78 23 32 1 
5738 156 161 155 162 
5739 821 825 820 826 
5740 79 74 65 73 
5741 1006 1011 1005 1237 
5742 1012 1011 1006 1237 
5743 146 156 150 157 
5744 161 155 154 160 
5745 1008 923 921 1239 
5746 1225 447 440 1226 
5747 1032 1038 931 1235 
5748 1013 1012 1007 1237 
5749 1038 933 931 1235 
5750 1007 1012 1006 1237 
5751 1054 1053 1048 1236 
5752 325 243 234 332 
5753 1091 1090 1085 1241 
5754 1048 1053 1047 1236 
5755 1049 1054 1048 1236 
5756 466 465 459 1234 
5757 1048 1047 1042 1233 
5758 3 31 897 39 
5759 73 71 72 79 
5760 376 380 373 1243 
5761 87 8 86 10 
5762 489 1221 896 482 
5763 419 425 418 426 
5764 1008 921 1002 1239 
5765 1086 947 1080 1242 
5766 1013 1018 1012 1238 
5767 1018 1017 1012 1238 
5768 1012 1017 1011 1238 
5769 977 982 976 1240 
5770 982 981 976 1240 
5771 976 981 975 1240 
5772 851 855 850 856 
5773 861 865 860 866 
5774 1084 1089 1083 1241 
5775 196 265 264 270 
5776 264 257 255 265 
5777 253 255 264 187 
5778 271 265 266 270 
5779 1014 923 1008 1239 
5780 275 280 274 334 
5781 275 280 334 281 
5782 271 277 276 272 
5783 1055 1054 1049 1236 
5784 294 229 223 300 
5785 1090 1089 1084 1241 
5786 1085 1090 1084 1241 
5787 274 329 269 275 
5788 175 183 173 184 
5789 177 184 175 185 
5790 274 329 275 334 
5791 310 316 315 311 
5792 268 329 269 274 
5793 301 306 300 307 
5794 280 334 281 330 
5795 312 325 244 311 
5796 496 337 497 338 
5797 490 498 491 497 
5798 1080 945 1074 1242 
5799 384 383 377 1243 
5800 158 163 157 164 
5801 296 290 289 295 
5802 281 286 280 287 
5803 313 306 307 314 
5804 300 235 229 306 
5805 300 307 306 229 
5806 307 312 306 313 
5807 311 244 312 306 
5808 1049 1048 1043 1233 
5809 1042 1047 1041 1233 
5810 321 256 320 258 
5811 1043 1048 1042 1233 
5812 983 982 977 1240 
5813 217 216 1214 633 
5814 752 801 796 746 
5815 801 805 800 806 
5816 1002 921 919 1239 
5817 377 383 376 1243 
5818 1074 945 943 1242 
5819 891 778 890 780 
5820 244 331 332 251 
5821 76 81 75 82 
5822 287 286 293 292 
5823 308 313 307 314 
5824 216 217 1214 215 
5825 360 366 359 367 
5826 459 465 458 1234 
5827 150 155 149 156 
5828 567 570 102 101 
5829 368 374 367 375 
5830 257 254 255 256 
5831 1044 933 1038 1235 
5832 400 408 401 407 
5833 53 55 54 1267 
5834 53 69 55 1267 
5835 166 165 167 1347 
5836 145 137 701 1356 
5837 1021 1263 1344 1027 
5838 1344 1263 1021 1352 
5839 1344 1258 1021 1027 
5840 1021 1258 1344 1352 
5841 292 223 293 298 
5842 292 293 223 214 
5843 1310 1233 1345 1047 
5844 1310 1345 1233 1275 
5845 1041 1345 1233 1047 
5846 1041 1233 1345 1275 
5847 1301 634 1349 636 
5848 1368 1011 1320 1017 
5849 1018 1238 1368 1017 
5850 1238 1011 1368 1017 
5851 1308 723 718 717 
5852 1308 718 723 1266 
5853 931 1235 929 1032 
5854 931 929 1235 1348 
5855 929 1235 1263 1032 
5856 929 1263 1235 1348 
5857 1263 1235 1038 1032 
5858 1263 1038 1235 1348 
5859 1330 693 697 698 
5860 1330 697 693 1289 
5861 315 309 307 314 
5862 315 307 309 310 
5863 306 315 307 314 
5864 306 307 315 310 
5865 311 315 306 314 
5866 311 306 315 310 
5867 1308 592 1266 593 
5868 1308 1266 592 1306 
5869 1367 1266 592 593 
5870 1367 592 1266 1306 
5871 1300 1363 1267 1248 
5872 1267 1363 1300 1293 
5873 1345 1032 1027 1263 
5874 1345 1027 1032 1033 
5875 189 170 1257 511 
5876 1257 170 189 1312 
5877 1328 863 1354 1276 
5878 1328 1354 863 858 
5879 1037 1042 1305 1043 
5880 1275 1305 1042 1043 
5881 1275 1042 1305 1041 
5882 1041 1036 1305 1035 
5883 1042 1036 1305 1041 
5884 1042 1305 1036 1037 
5885 328 214 222 223 
5886 222 214 328 213 
5887 222 327 328 223 
5888 328 327 222 213 
5889 726 1346 725 720 
5890 726 725 1346 1266 
5891 719 725 1346 720 
5892 719 1346 725 1266 
5893 208 279 202 276 
5894 208 202 279 280 
5895 274 279 202 280 
5896 634 1301 768 636 
5897 970 1290 1299 971 
5898 994 989 1283 993 
5899 1283 989 994 995 
5900 1324 623 1361 622 
5901 1324 1361 623 1273 
5902 1374 1087 1333 950 
5903 1374 1333 1087 1260 
5904 273 279 202 274 
5905 273 202 279 276 
5906 982 987 983 988 
5907 982 983 987 1290 
5908 989 983 987 988 
5909 989 987 983 1290 
5910 1355 1364 1298 569 
5911 1298 1364 1355 1259 
5912 1346 828 824 823 
5913 1346 824 828 1272 
5914 1309 863 1327 1276 
5915 1309 1327 863 862 
5916 1267 53 1189 1305 
5917 294 297 303 298 
5918 303 223 294 298 
5919 1262 911 1317 909 
5920 683 1328 688 682 
5921 701 1355 697 702 
5922 640 1349 1301 776 
5923 1301 1349 640 638 
5924 1301 777 640 776 
5925 1304 1266 732 727 
5926 1304 732 1266 1367 
5927 726 732 1266 727 
5928 726 1266 732 1367 
5929 1276 671 1328 864 
5930 1276 1328 671 670 
5931 1314 828 1291 1272 
5932 1314 1291 828 827 
5933 1366 1088 1297 1089 
5934 1366 1297 1088 1340 
5935 1330 699 695 694 
5936 695 1289 1330 694 
5937 1304 733 728 727 
5938 1266 1304 728 727 
5939 1346 1266 728 727 
5940 1326 1066 1282 1065 
5941 1326 1282 1066 1067 
5942 728 1304 734 733 
5943 695 1330 700 699 
5944 270 267 272 273 
5945 1307 1238 1320 1277 
5946 1307 1320 1238 1011 
5947 1368 1320 1238 1277 
5948 1368 1238 1320 1011 
5949 1370 877 1327 872 
5950 1370 1327 877 1279 
5951 1374 961 1299 962 
5952 1374 1299 961 1333 
5953 967 1299 961 962 
5954 967 961 1299 1333 
5955 638 770 1301 769 
5956 1337 1301 770 769 
5957 1332 997 1352 1264 
5958 1332 1352 997 991 
5959 1353 1251 1316 1265 
5960 1353 1316 1251 1282 
5961 647 1349 1270 646 
5962 1286 1252 1260 1316 
5963 1260 1252 1286 1340 
5964 671 1328 676 670 
5965 630 1261 1297 1207 
5966 630 1297 1261 1278 
5967 843 1330 1291 838 
5968 1291 1330 843 1289 
5969 1368 1267 1200 78 
5970 1368 1200 1267 1277 
5971 1313 517 1288 509 
5972 1313 1288 517 1271 
5973 1357 1214 1213 216 
5974 1357 1213 1214 1312 
5975 1352 990 1351 996 
5976 1352 1351 990 1317 
5977 308 300 302 303 
5978 964 1313 1299 963 
5979 782 1301 1279 773 
5980 1279 1301 782 1287 
5981 1279 772 782 773 
5982 782 772 1279 1287 
5983 44 21 22 15 
5984 44 22 21 36 
5985 1366 1207 1297 1261 
5986 1366 1297 1207 1091 
5987 1329 740 1304 739 
5988 1329 1304 740 804 
5989 1371 647 652 653 
5990 1308 574 578 579 
5991 1308 578 574 1298 
5992 1371 1276 665 664 
5993 14 59 52 51 
5994 52 59 14 89 
5995 2 16 1364 84 
5996 2 1364 16 1267 
5997 1273 1337 758 757 
5998 1273 1329 794 789 
5999 1332 973 1317 979 
6000 1332 1317 973 1268 
6001 329 187 268 269 
6002 263 268 187 269 
6003 55 1267 61 30 
6004 61 1267 55 69 
6005 61 46 55 30 
6006 1373 1362 542 548 
6007 1373 542 1362 1318 
6008 190 189 1357 191 
6009 190 1357 189 1312 
6010 965 971 1313 1206 
6011 1232 1313 971 1206 
6012 1232 971 1313 1299 
6013 1361 621 1324 622 
6014 1361 1324 621 1292 
6015 1267 39 1368 1194 
6016 1267 1368 39 78 
6017 1200 1368 39 1194 
6018 1200 39 1368 78 
6019 1299 975 970 969 
6020 1299 970 975 1290 
6021 1269 761 1273 760 
6022 1269 1273 761 1337 
6023 1310 1060 1282 1061 
6024 1310 1282 1060 1059 
6025 1345 1045 1348 1265 
6026 1307 1000 1283 999 
6027 1307 1283 1000 1001 
6028 1353 1051 1348 1057 
6029 1353 1348 1051 1265 
6030 1362 548 554 549 
6031 554 555 1362 549 
6032 1362 555 554 1294 
6033 1352 1258 1264 1320 
6034 1352 1264 1258 1344 
6035 1047 1236 1233 1048 
6036 1047 1233 1236 1310 
6037 1049 1233 1236 1048 
6038 1049 1236 1233 1310 
6039 268 261 187 264 
6040 268 187 261 263 
6041 1301 782 775 773 
6042 1301 775 782 1337 
6043 1267 1189 30 1194 
6044 1287 1329 1253 1273 
6045 1287 1253 1329 1369 
6046 217 1269 767 634 
6047 966 1317 967 972 
6048 966 967 1317 1333 
6049 973 967 1317 972 
6050 973 1317 967 1333 
6051 91 45 120 92 
6052 120 45 91 52 
6053 719 1346 714 720 
6054 714 1346 719 1308 
6055 1013 1237 1238 1012 
6056 1013 1238 1237 1307 
6057 1011 1238 1237 1012 
6058 1011 1237 1238 1307 
6059 1356 145 1308 706 
6060 1356 1308 145 1298 
6061 675 1328 670 676 
6062 192 173 188 183 
6063 192 188 173 1325 
6064 182 188 173 183 
6065 182 173 188 1325 
6066 1335 568 571 572 
6067 1335 571 568 1267 
6068 1289 689 1328 688 
6069 683 1328 689 688 
6070 1297 957 1313 959 
6071 1297 1313 957 955 
6072 963 957 1313 955 
6073 1313 1191 503 1297 
6074 1344 1316 1286 1244 
6075 1344 1286 1316 1265 
6076 1276 669 1328 670 
6077 1276 1328 669 1331 
6078 675 1328 669 670 
6079 675 669 1328 1331 
6080 1319 536 541 1280 
6081 1319 541 536 535 
6082 254 261 255 263 
6083 187 255 261 263 
6084 186 212 234 195 
6085 234 333 186 195 
6086 1366 1207 630 1204 
6087 630 1207 1366 1261 
6088 630 624 1366 1204 
6089 1366 624 630 1261 
6090 333 179 234 186 
6091 212 234 179 186 
6092 1351 929 1026 927 
6093 1351 1026 929 1263 
6094 1317 905 1262 907 
6095 1317 1262 905 1285 
6096 1232 1216 1313 1206 
6097 1232 1313 1216 508 
6098 1357 645 650 1270 
6099 1357 650 645 644 
6100 558 1197 3 1224 
6101 558 3 1197 1277 
6102 897 3 1197 1224 
6103 212 179 206 186 
6104 743 1361 744 749 
6105 750 744 1361 749 
6106 750 1361 744 1329 
6107 884 1375 888 883 
6108 888 1375 884 1349 
6109 520 1357 519 513 
6110 512 519 1357 513 
6111 512 1357 519 1288 
6112 83 59 82 67 
6113 807 1369 1287 802 
6114 1287 1369 807 1314 
6115 1287 772 807 802 
6116 807 772 1287 1314 
6117 1205 1220 1319 1202 
6118 1319 1220 1205 534 
6119 1327 862 1370 867 
6120 1327 1370 862 1309 
6121 1197 1200 3 897 
6122 1197 3 1200 1277 
6123 311 314 317 316 
6124 311 317 314 313 
6125 319 314 317 313 
6126 196 267 264 265 
6127 196 264 267 268 
6128 261 267 264 268 
6129 682 687 1328 688 
6130 1289 1328 687 688 
6131 1289 687 1328 1336 
6132 1226 588 1230 1225 
6133 817 1346 813 818 
6134 813 1346 817 1314 
6135 614 1342 1343 613 
6136 1343 1342 614 1292 
6137 1230 1193 588 1226 
6138 1230 588 1193 1275 
6139 1091 1241 1297 1090 
6140 1091 1297 1241 1366 
6141 1089 1297 1241 1090 
6142 1089 1241 1297 1366 
6143 178 177 206 179 
6144 206 177 178 176 
6145 206 212 178 179 
6146 178 212 206 176 
6147 1337 767 1301 768 
6148 1337 1301 767 1269 
6149 634 1301 767 768 
6150 634 767 1301 1269 
6151 1331 537 1372 1280 
6152 1331 1372 537 538 
6153 36 21 35 27 
6154 36 35 21 43 
6155 1287 797 793 792 
6156 1287 793 797 1369 
6157 1328 681 687 682 
6158 1328 687 681 1336 
6159 1354 862 1370 1309 
6160 1354 1370 862 857 
6161 683 1328 850 689 
6162 1328 850 1289 849 
6163 1328 1289 850 689 
6164 1289 695 850 689 
6165 744 1329 739 745 
6166 880 1371 884 879 
6167 790 794 1273 758 
6168 790 1273 794 789 
6169 1337 790 1273 758 
6170 1337 1273 790 789 
6171 764 790 1337 758 
6172 885 1371 653 647 
6173 1270 885 1371 884 
6174 1270 1371 885 647 
6175 1349 885 1270 884 
6176 1349 1270 885 647 
6177 728 820 1346 722 
6178 824 820 1346 819 
6179 322 316 320 321 
6180 322 320 316 317 
6181 849 845 1289 844 
6182 1289 845 1330 844 
6183 1289 1330 845 695 
6184 1330 700 845 695 
6185 1337 789 785 784 
6186 819 815 1346 814 
6187 1346 815 1266 814 
6188 1346 1266 815 728 
6189 1266 815 1304 814 
6190 1266 1304 815 728 
6191 1304 734 815 728 
6192 158 1298 139 144 
6193 913 1317 1262 911 
6194 1262 1317 913 1351 
6195 854 850 1328 849 
6196 830 826 716 825 
6197 558 1307 893 552 
6198 1373 893 1307 552 
6199 604 1367 603 598 
6200 597 603 1367 598 
6201 597 1367 603 1295 
6202 575 1225 1275 582 
6203 588 1275 1225 582 
6204 588 1225 1275 1230 
6205 315 320 316 321 
6206 315 316 320 314 
6207 43 12 44 50 
6208 43 44 12 13 
6209 1329 746 804 740 
6210 1329 804 746 799 
6211 800 804 746 740 
6212 800 746 804 799 
6213 671 870 1276 665 
6214 671 1276 870 869 
6215 1276 870 1371 665 
6216 1276 1371 870 869 
6217 1371 874 870 869 
6218 740 810 1304 734 
6219 740 1304 810 809 
6220 814 810 1304 809 
6221 325 228 326 222 
6222 844 840 1330 839 
6223 1330 845 840 844 
6224 810 815 1304 734 
6225 1304 815 810 814 
6226 875 870 1371 874 
6227 875 1371 870 665 
6228 1304 738 1329 739 
6229 1304 1329 738 1350 
6230 744 1329 738 739 
6231 744 738 1329 1350 
6232 892 540 1283 1195 
6233 1283 540 892 546 
6234 1283 1373 892 1195 
6235 892 1373 1283 546 
6236 243 178 221 212 
6237 176 221 178 212 
6238 732 1367 737 731 
6239 737 1367 732 1304 
6240 1356 137 1298 139 
6241 1356 1298 137 1355 
6242 221 174 220 212 
6243 221 220 174 248 
6244 859 855 1328 854 
6245 889 885 1349 884 
6246 633 1349 634 635 
6247 1310 1193 1233 1049 
6248 1310 1233 1193 1275 
6249 1043 1233 1193 1049 
6250 1043 1193 1233 1275 
6251 1223 503 1313 1191 
6252 1313 503 1223 504 
6253 1257 1349 217 1214 
6254 633 1349 217 634 
6255 633 217 1349 1214 
6256 716 830 1272 710 
6257 137 164 138 136 
6258 834 835 710 830 
6259 835 831 710 830 
6260 35 20 21 13 
6261 35 21 20 26 
6262 186 187 324 181 
6263 324 187 186 195 
6264 1002 1239 1352 1008 
6265 1002 1352 1239 1351 
6266 1014 1352 1239 1008 
6267 1014 1239 1352 1351 
6268 1328 855 850 854 
6269 1328 850 855 683 
6270 104 116 105 110 
6271 104 105 116 96 
6272 264 259 267 261 
6273 267 259 264 265 
6274 859 855 683 1328 
6275 990 1351 984 1317 
6276 990 984 1351 915 
6277 913 984 1351 1317 
6278 913 1351 984 915 
6279 201 333 234 195 
6280 234 212 201 195 
6281 317 318 323 319 
6282 317 323 318 332 
6283 174 206 211 212 
6284 174 211 206 175 
6285 243 333 179 234 
6286 179 333 243 178 
6287 179 212 243 234 
6288 243 212 179 178 
6289 696 151 1355 152 
6290 696 1355 151 114 
6291 119 151 108 114 
6292 119 108 151 124 
6293 217 1269 766 767 
6294 148 141 153 147 
6295 148 153 141 154 
6296 160 141 153 154 
6297 1330 835 1356 834 
6298 1330 1356 835 705 
6299 710 1356 835 834 
6300 710 835 1356 705 
6301 185 179 206 177 
6302 185 206 179 186 
6303 580 1298 164 158 
6304 226 241 227 232 
6305 226 227 241 221 
6306 325 312 332 317 
6307 325 332 312 244 
6308 251 312 332 244 
6309 1355 108 570 102 
6310 567 570 108 102 
6311 97 122 123 98 
6312 123 122 97 127 
6313 1356 709 714 1272 
6314 1356 714 709 708 
6315 212 207 234 201 
6316 212 234 207 213 
6317 234 207 333 201 
6318 234 333 207 213 
6319 333 207 324 201 
6320 333 324 207 213 
6321 47 55 70 46 
6322 47 70 55 90 
6323 105 117 106 111 
6324 105 106 117 98 
6325 66 81 82 75 
6326 82 81 66 88 
6327 213 331 234 333 
6328 63 55 61 46 
6329 63 61 55 69 
6330 322 260 319 323 
6331 254 319 260 323 
6332 39 1200 3 78 
6333 39 3 1200 897 
6334 187 324 253 335 
6335 253 324 187 181 
6336 385 528 1220 1218 
6337 385 1220 528 534 
6338 1319 528 1220 534 
6339 142 155 156 149 
6340 142 156 155 162 
6341 11 49 9 10 
6342 9 49 11 42 
6343 33 18 32 24 
6344 32 18 33 40 
6345 500 490 496 497 
6346 500 337 496 501 
6347 496 337 500 497 
6348 71 69 63 55 
6349 63 69 71 72 
6350 53 30 1189 1215 
6351 380 379 1243 384 
6352 380 1243 379 373 
6353 377 1243 372 384 
6354 1243 379 372 384 
6355 1243 372 379 373 
6356 462 461 1234 466 
6357 462 1234 461 455 
6358 1234 454 461 455 
6359 835 836 710 831 
6360 710 836 835 705 
6361 886 647 890 885 
6362 856 683 860 855 
6363 859 860 683 855 
6364 375 381 380 376 
6365 375 380 381 374 
6366 373 375 380 376 
6367 373 380 375 374 
6368 367 373 375 374 
6369 880 876 1371 875 
6370 665 1371 876 875 
6371 665 876 1371 659 
6372 381 376 1243 380 
6373 1243 376 381 383 
6374 1234 458 464 465 
6375 272 266 270 271 
6376 272 270 266 267 
6377 455 457 1234 458 
6378 455 1234 457 462 
6379 464 1234 457 458 
6380 464 457 1234 462 
6381 705 841 1330 700 
6382 705 1330 841 840 
6383 845 1330 841 700 
6384 845 841 1330 840 
6385 398 404 400 405 
6386 408 400 404 405 
6387 408 404 400 401 
6388 418 426 414 419 
6389 418 408 414 415 
6390 486 492 490 493 
6391 498 490 492 493 
6392 498 492 490 491 
6393 343 340 342 341 
6394 500 343 337 345 
6395 337 340 343 341 
6396 337 343 340 345 
6397 123 99 124 128 
6398 124 99 123 100 
6399 340 344 343 342 
6400 343 344 340 345 
6401 428 430 424 429 
6402 428 424 430 425 
6403 469 471 464 470 
6404 464 471 469 465 
6405 381 387 382 388 
6406 381 382 387 383 
6407 389 382 387 388 
6408 389 387 382 383 
6409 830 831 716 826 
6410 716 831 830 710 
6411 890 891 647 886 
6412 647 891 890 641 
6413 860 861 683 856 
6414 683 861 860 677 
6415 448 444 450 451 
6416 450 457 448 451 
6417 408 404 410 411 
6418 410 417 408 411 
6419 107 108 119 102 
6420 119 108 107 113 
6421 369 367 362 359 
6422 369 362 367 368 
6423 361 362 367 359 
6424 361 367 362 368 
6425 404 397 400 401 
6426 404 400 397 398 
6427 394 400 397 401 
6428 412 407 418 408 
6429 412 418 407 419 
6430 414 418 407 408 
6431 414 407 418 419 
6432 489 494 500 501 
6433 500 496 489 501 
6434 489 496 500 490 
6435 403 410 408 404 
6436 403 408 410 409 
6437 485 492 490 486 
6438 485 490 492 491 
6439 443 450 448 444 
6440 443 448 450 449 
6441 242 234 221 227 
6442 242 221 234 243 
6443 366 373 375 367 
6444 375 373 366 376 
6445 375 369 366 367 
6446 366 369 375 376 
6447 33 34 19 25 
6448 33 19 34 41 
6449 394 396 389 395 
6450 389 396 394 390 
6451 434 436 430 435 
6452 430 436 434 431 
6453 478 476 471 472 
6454 471 476 478 477 
6455 352 354 344 353 
6456 352 344 354 346 
6457 324 201 187 195 
6458 187 201 324 335 
6459 448 455 450 449 
6460 448 450 455 457 
6461 456 450 455 449 
6462 456 455 450 457 
6463 408 415 410 409 
6464 408 410 415 417 
6465 416 410 415 409 
6466 416 415 410 417 
6467 366 372 376 373 
6468 1243 376 372 373 
6469 1243 372 376 377 
6470 454 1234 458 455 
6471 458 1234 454 459 
6472 458 448 454 455 
6473 487 493 489 494 
6474 500 489 493 494 
6475 500 493 489 490 
6476 454 458 447 448 
6477 454 447 458 459 
6478 452 458 447 459 
6479 372 376 365 366 
6480 372 365 376 377 
6481 370 376 365 377 
6482 400 397 393 394 
6483 400 393 397 398 
6484 391 397 393 398 
6485 390 397 393 391 
6486 393 397 390 394 
6487 390 387 393 394 
6488 148 142 134 141 
6489 148 134 142 155 
6490 161 148 134 141 
6491 161 134 148 155 
6492 154 148 161 141 
6493 154 161 148 155 
6494 136 163 143 135 
6495 118 119 107 113 
6496 118 107 119 123 
6497 19 34 20 25 
6498 20 34 19 11 
6499 39 2 40 16 
6500 39 40 2 32 
6501 6 40 2 16 
6502 6 2 40 32 
6503 180 179 186 181 
6504 186 179 180 333 
6505 186 324 180 181 
6506 180 324 186 333 
6507 157 144 139 146 
6508 139 144 157 158 
6509 139 157 164 158 
6510 257 254 261 255 
6511 17 18 32 7 
6512 17 32 18 23 
6513 9 48 7 8 
6514 9 7 48 41 
6515 65 80 81 74 
6516 294 296 289 295 
6517 79 64 65 86 
6518 79 65 64 73 
6519 264 261 257 259 
6520 288 289 285 284 
6521 288 285 289 291 
6522 290 285 289 284 
6523 290 289 285 291 
6524 164 129 99 136 
6525 164 99 129 101 
6526 255 264 261 257 
6527 261 264 255 187 
6528 95 162 134 161 
6529 95 134 162 97 
6530 10 88 58 87 
6531 10 58 88 12 
6532 88 83 59 82 
6533 88 59 83 89 
6534 86 81 65 80 
6535 86 65 81 87 
6536 1308 712 1356 706 
6537 1308 1356 712 713 
6538 707 1356 712 706 
6539 707 712 1356 713 
6540 97 163 135 162 
6541 97 135 163 99 
6542 574 101 1298 570 
6543 1355 1298 101 570 
6544 1355 101 1298 164 
6545 587 711 1308 581 
6546 587 1308 711 717 
6547 679 674 1336 673 
6548 679 1336 674 680 
6549 557 678 1336 551 
6550 557 1336 678 684 
6551 672 667 1331 666 
6552 672 1331 667 673 
6553 1084 1079 1366 1078 
6554 1084 1366 1079 1085 
6555 521 642 1357 515 
6556 521 1357 642 648 
6557 320 317 314 316 
6558 320 314 317 319 
6559 223 228 327 229 
6560 223 327 228 222 
6561 326 327 228 229 
6562 326 228 327 222 
6563 325 234 326 228 
6564 325 326 234 235 
6565 229 326 234 228 
6566 229 234 326 235 
6567 89 12 59 14 
6568 89 59 12 88 
6569 272 270 276 271 
6570 976 971 1290 970 
6571 976 1290 971 977 
6572 175 176 206 174 
6573 175 206 176 177 
6574 285 280 282 279 
6575 285 282 280 286 
6576 208 282 280 279 
6577 208 280 282 286 
6578 302 307 300 308 
6579 300 307 302 301 
6580 310 304 229 309 
6581 310 229 304 305 
6582 286 287 208 280 
6583 286 208 287 293 
6584 309 303 300 308 
6585 300 303 309 304 
6586 300 229 309 308 
6587 309 229 300 304 
6588 291 286 288 285 
6589 291 288 286 292 
6590 214 286 288 292 
6591 300 295 296 294 
6592 296 295 300 301 
6593 300 302 296 301 
6594 1312 215 1269 1212 
6595 1312 1269 215 217 
6596 766 215 1269 217 
6597 741 736 1350 735 
6598 741 1350 736 742 
6599 748 743 1361 742 
6600 748 1361 743 749 
6601 623 747 1361 617 
6602 623 1361 747 753 
6603 580 101 1298 574 
6604 580 1298 101 164 
6605 254 320 260 319 
6606 322 260 320 319 
6607 322 320 260 258 
6608 215 765 1269 1212 
6609 215 1269 765 766 
6610 318 332 312 317 
6611 318 312 332 251 
6612 1045 1345 1044 1039 
6613 1045 1044 1345 1348 
6614 1038 1044 1345 1039 
6615 1038 1345 1044 1348 
6616 258 257 260 259 
6617 261 260 257 259 
6618 261 257 260 254 
6619 152 701 1355 697 
6620 1355 701 152 130 
6621 1267 61 53 62 
6622 682 677 1328 676 
6623 671 1328 677 676 
6624 1301 640 770 638 
6625 1354 1276 1254 1328 
6626 1354 1254 1276 1309 
6627 893 1197 1307 558 
6628 893 1307 1197 1210 
6629 1305 1203 1275 575 
6630 1305 1275 1203 1230 
6631 1225 1275 1203 575 
6632 1225 1203 1275 1230 
6633 205 173 204 199 
6634 205 204 173 1325 
6635 198 204 173 199 
6636 198 173 204 1325 
6637 880 1371 885 884 
6638 145 139 1298 144 
6639 1298 139 145 1356 
6640 820 815 1346 819 
6641 820 1346 815 728 
6642 790 785 1337 789 
6643 845 850 1289 695 
6644 1289 850 845 849 
6645 257 256 260 254 
6646 257 260 256 258 
6647 320 260 256 254 
6648 320 256 260 258 
6649 1368 1019 1238 1018 
6650 1013 1238 1019 1018 
6651 1328 677 864 671 
6652 860 864 677 671 
6653 779 640 1301 777 
6654 1337 779 1301 777 
6655 784 779 1337 777 
6656 785 779 1337 784 
6657 163 150 136 143 
6658 163 136 150 157 
6659 138 136 150 143 
6660 138 150 136 157 
6661 663 1371 662 657 
6662 663 662 1371 1302 
6663 656 662 1371 657 
6664 656 1371 662 1302 
6665 1368 1200 1238 1019 
6666 1368 1238 1200 1277 
6667 1013 1238 1200 1019 
6668 1200 1197 1238 1013 
6669 1200 1238 1197 1277 
6670 1307 1238 1197 1013 
6671 1307 1197 1238 1277 
6672 1220 528 1202 1218 
6673 1220 1202 528 1319 
6674 1190 1202 528 1218 
6675 1190 528 1202 1319 
6676 234 221 213 212 
6677 659 881 1371 653 
6678 885 1371 881 653 
6679 885 881 1371 880 
6680 422 421 418 426 
6681 422 418 421 415 
6682 414 418 421 426 
6683 414 421 418 415 
6684 343 499 337 341 
6685 343 337 499 500 
6686 498 337 499 341 
6687 498 499 337 500 
6688 876 881 1371 659 
6689 1371 881 876 880 
6690 786 790 1337 764 
6691 1337 790 786 785 
6692 1337 770 786 764 
6693 486 483 489 490 
6694 486 493 489 487 
6695 489 493 486 490 
6696 640 781 1301 770 
6697 1301 781 640 779 
6698 781 1337 1301 770 
6699 1301 1337 781 779 
6700 1337 785 781 779 
6701 359 365 369 366 
6702 376 365 369 370 
6703 376 369 365 366 
6704 445 451 447 452 
6705 458 447 451 452 
6706 458 451 447 448 
6707 393 386 390 391 
6708 393 390 386 387 
6709 384 390 386 391 
6710 384 386 390 387 
6711 451 444 447 448 
6712 451 447 444 445 
6713 441 447 444 448 
6714 781 786 1337 770 
6715 781 1337 786 785 
6716 365 369 358 359 
6717 365 358 369 370 
6718 363 369 358 370 
6719 489 486 482 483 
6720 489 482 486 487 
6721 480 482 486 483 
6722 480 486 482 487 
6723 438 444 440 445 
6724 438 440 444 441 
6725 447 440 444 445 
6726 447 444 440 441 
6727 362 356 358 359 
6728 358 356 362 363 
6729 358 369 362 359 
6730 362 369 358 363 
6731 467 461 1234 454 
6732 467 1234 461 466 
6733 459 460 1234 454 
6734 459 1234 460 466 
6735 460 467 1234 454 
6736 460 1234 467 466 
6737 234 227 213 221 
6738 234 213 227 228 
6739 222 213 227 221 
6740 222 227 213 228 
6741 759 1273 629 753 
6742 759 629 1273 1324 
6743 623 629 1273 753 
6744 623 1273 629 1324 
6745 751 750 1273 756 
6746 1273 750 751 1329 
6747 1273 757 751 756 
6748 751 757 1273 1329 
6749 1270 647 652 1371 
6750 652 647 1270 646 
6751 78 3 1277 1200 
6752 1277 3 78 1 
6753 1277 1267 78 1200 
6754 78 1267 1277 1 
6755 278 208 276 279 
6756 276 208 278 277 
6757 276 273 278 279 
6758 278 272 276 277 
6759 278 276 272 273 
6760 964 1313 970 1299 
6761 964 970 1313 965 
6762 971 970 1313 1299 
6763 971 1313 970 965 
6764 964 957 1313 963 
6765 1313 957 964 959 
6766 187 268 196 329 
6767 187 196 268 264 
6768 554 1362 1373 548 
6769 1373 1362 554 1294 
6770 30 1267 53 1189 
6771 53 1267 30 61 
6772 757 752 1329 751 
6773 746 1329 752 751 
6774 746 752 1329 794 
6775 596 1295 595 590 
6776 596 595 1295 1359 
6777 589 595 1295 590 
6778 589 1295 595 1359 
6779 1361 744 1350 743 
6780 1361 1350 744 1329 
6781 1357 519 1270 520 
6782 1357 1270 519 1288 
6783 1302 1270 519 520 
6784 1302 519 1270 1288 
6785 284 288 282 285 
6786 282 288 284 283 
6787 282 279 284 285 
6788 284 278 282 283 
6789 284 282 278 279 
6790 294 303 300 223 
6791 645 1349 644 637 
6792 645 644 1349 1357 
6793 635 644 1349 637 
6794 635 1349 644 1357 
6795 716 1346 820 722 
6796 1272 829 825 824 
6797 825 1272 1346 716 
6798 1346 1272 825 824 
6799 825 1346 820 716 
6800 820 1346 825 824 
6801 825 830 1272 716 
6802 825 1272 830 829 
6803 893 1307 892 1373 
6804 893 892 1307 1210 
6805 1195 892 1307 1373 
6806 1195 1307 892 1210 
6807 1367 603 1339 604 
6808 1367 1339 603 1295 
6809 647 890 1349 641 
6810 776 890 1349 889 
6811 890 640 1349 641 
6812 1349 640 890 776 
6813 243 178 176 221 
6814 176 178 243 250 
6815 176 249 243 221 
6816 243 249 176 250 
6817 139 164 1355 158 
6818 1355 164 139 137 
6819 1355 1298 139 158 
6820 139 1298 1355 137 
6821 1301 1349 1269 1257 
6822 1301 1269 1349 634 
6823 217 1269 1349 1257 
6824 217 1349 1269 634 
6825 1272 834 830 829 
6826 1272 710 834 1356 
6827 834 710 1272 830 
6828 140 153 141 147 
6829 140 141 153 160 
6830 683 677 1328 682 
6831 567 570 1355 108 
6832 1355 570 567 566 
6833 138 157 139 146 
6834 228 332 213 222 
6835 234 213 332 331 
6836 332 213 234 228 
6837 124 108 130 102 
6838 124 130 108 151 
6839 1355 130 108 102 
6840 1355 108 130 151 
6841 885 890 1349 647 
6842 885 1349 890 889 
6843 864 860 1328 859 
6844 864 1328 860 677 
6845 683 1328 860 859 
6846 683 860 1328 677 
6847 380 1243 383 384 
6848 383 1243 380 381 
6849 383 387 380 384 
6850 380 387 383 381 
6851 462 1234 465 466 
6852 465 1234 462 464 
6853 465 469 462 466 
6854 462 469 465 464 
6855 289 294 297 296 
6856 297 294 289 288 
6857 297 291 289 296 
6858 289 291 297 288 
6859 164 139 138 157 
6860 164 138 139 137 
6861 270 276 273 272 
6862 270 273 276 202 
6863 185 206 205 175 
6864 205 206 185 200 
6865 205 199 185 175 
6866 185 199 205 200 
6867 1273 758 1329 757 
6868 1273 1329 758 794 
6869 752 1329 758 757 
6870 752 758 1329 794 
6871 286 288 282 214 
6872 286 282 288 285 
6873 300 303 297 302 
6874 297 303 300 294 
6875 297 296 300 302 
6876 300 296 297 294 
$EndElements
