$MeshFormat
4.1 0 8
$EndMeshFormat
$Entities
0 0 1 7
1 -0.9571939706802368 0 -0.6381289958953857 1.094272971153259 1.005053997039795 0.6381289958953857 0 0 
1 -0.9571939706802368 0 -0.6381289958953857 1.094272971153259 1.005053997039795 0.6381289958953857 0 1 1 
2 -0.9571939706802368 0 -0.6381289958953857 1.094272971153259 1.005053997039795 0.6381289958953857 0 1 1 
3 -0.9571939706802368 0 -0.6381289958953857 1.094272971153259 1.005053997039795 0.6381289958953857 0 1 1 
4 -0.9571939706802368 0 -0.6381289958953857 1.094272971153259 1.005053997039795 0.6381289958953857 0 1 1 
5 -0.9571939706802368 0 -0.6381289958953857 1.094272971153259 1.005053997039795 0.6381289958953857 0 1 1 
6 -0.9571939706802368 0 -0.6381289958953857 1.094272971153259 1.005053997039795 0.6381289958953857 0 1 1 
7 -0.9571939706802368 0 -0.6381289958953857 1.094272971153259 1.005053997039795 0.6381289958953857 0 1 1 
$EndEntities
$Nodes
8 1375 1 1375
2 1 0 1232
1
2
3
4
5
6
7
8
9
10
11
12
13
14
15
16
17
18
19
20
21
22
23
24
25
26
27
28
29
30
31
32
33
34
35
36
37
38
39
40
41
42
43
44
45
46
47
48
49
50
51
52
53
54
55
56
57
58
59
60
61
62
63
64
65
66
67
68
69
70
71
72
73
74
75
76
77
78
79
80
81
82
83
84
85
86
87
88
89
90
91
92
93
94
95
96
97
98
99
100
101
102
103
104
105
106
107
108
109
110
111
112
113
114
115
116
117
118
119
120
121
122
123
124
125
126
127
128
129
130
131
132
133
134
135
136
137
138
139
140
141
142
143
144
145
146
147
148
149
150
151
152
153
154
155
156
157
158
159
160
161
162
163
164
165
166
167
168
169
170
171
172
173
174
175
176
177
178
179
180
181
182
183
184
185
186
187
188
189
190
191
192
193
194
195
196
197
198
199
200
201
202
203
204
205
206
207
208
209
210
211
212
213
214
215
216
217
218
219
220
221
222
223
224
225
226
227
228
229
230
231
232
233
234
235
236
237
238
239
240
241
242
243
244
245
246
247
248
249
250
251
252
253
254
255
256
257
258
259
260
261
262
263
264
265
266
267
268
269
270
271
272
273
274
275
276
277
278
279
280
281
282
283
284
285
286
287
288
289
290
291
292
293
294
295
296
297
298
299
300
301
302
303
304
305
306
307
308
309
310
311
312
313
314
315
316
317
318
319
320
321
322
323
324
325
326
327
328
329
330
331
332
333
334
335
336
337
338
339
340
341
342
343
344
345
346
347
348
349
350
351
352
353
354
355
356
357
358
359
360
361
362
363
364
365
366
367
368
369
370
371
372
373
374
375
376
377
378
379
380
381
382
383
384
385
386
387
388
389
390
391
392
393
394
395
396
397
398
399
400
401
402
403
404
405
406
407
408
409
410
411
412
413
414
415
416
417
418
419
420
421
422
423
424
425
426
427
428
429
430
431
432
433
434
435
436
437
438
439
440
441
442
443
444
445
446
447
448
449
450
451
452
453
454
455
456
457
458
459
460
461
462
463
464
465
466
467
468
469
470
471
472
473
474
475
476
477
478
479
480
481
482
483
484
485
486
487
488
489
490
491
492
493
494
495
496
497
498
499
500
501
502
503
504
505
506
507
508
509
510
511
512
513
514
515
516
517
518
519
520
521
522
523
524
525
526
527
528
529
530
531
532
533
534
535
536
537
538
539
540
541
542
543
544
545
546
547
548
549
550
551
552
553
554
555
556
557
558
559
560
561
562
563
564
565
566
567
568
569
570
571
572
573
574
575
576
577
578
579
580
581
582
583
584
585
586
587
588
589
590
591
592
593
594
595
596
597
598
599
600
601
602
603
604
605
606
607
608
609
610
611
612
613
614
615
616
617
618
619
620
621
622
623
624
625
626
627
628
629
630
631
632
633
634
635
636
637
638
639
640
641
642
643
644
645
646
647
648
649
650
651
652
653
654
655
656
657
658
659
660
661
662
663
664
665
666
667
668
669
670
671
672
673
674
675
676
677
678
679
680
681
682
683
684
685
686
687
688
689
690
691
692
693
694
695
696
697
698
699
700
701
702
703
704
705
706
707
708
709
710
711
712
713
714
715
716
717
718
719
720
721
722
723
724
725
726
727
728
729
730
731
732
733
734
735
736
737
738
739
740
741
742
743
744
745
746
747
748
749
750
751
752
753
754
755
756
757
758
759
760
761
762
763
764
765
766
767
768
769
770
771
772
773
774
775
776
777
778
779
780
781
782
783
784
785
786
787
788
789
790
791
792
793
794
795
796
797
798
799
800
801
802
803
804
805
806
807
808
809
810
811
812
813
814
815
816
817
818
819
820
821
822
823
824
825
826
827
828
829
830
831
832
833
834
835
836
837
838
839
840
841
842
843
844
845
846
847
848
849
850
851
852
853
854
855
856
857
858
859
860
861
862
863
864
865
866
867
868
869
870
871
872
873
874
875
876
877
878
879
880
881
882
883
884
885
886
887
888
889
890
891
892
893
894
895
896
897
898
899
900
901
902
903
904
905
906
907
908
909
910
911
912
913
914
915
916
917
918
919
920
921
922
923
924
925
926
927
928
929
930
931
932
933
934
935
936
937
938
939
940
941
942
943
944
945
946
947
948
949
950
951
952
953
954
955
956
957
958
959
960
961
962
963
964
965
966
967
968
969
970
971
972
973
974
975
976
977
978
979
980
981
982
983
984
985
986
987
988
989
990
991
992
993
994
995
996
997
998
999
1000
1001
1002
1003
1004
1005
1006
1007
1008
1009
1010
1011
1012
1013
1014
1015
1016
1017
1018
1019
1020
1021
1022
1023
1024
1025
1026
1027
1028
1029
1030
1031
1032
1033
1034
1035
1036
1037
1038
1039
1040
1041
1042
1043
1044
1045
1046
1047
1048
1049
1050
1051
1052
1053
1054
1055
1056
1057
1058
1059
1060
1061
1062
1063
1064
1065
1066
1067
1068
1069
1070
1071
1072
1073
1074
1075
1076
1077
1078
1079
1080
1081
1082
1083
1084
1085
1086
1087
1088
1089
1090
1091
1092
1093
1094
1095
1096
1097
1098
1099
1100
1101
1102
1103
1104
1105
1106
1107
1108
1109
1110
1111
1112
1113
1114
1115
1116
1117
1118
1119
1120
1121
1122
1123
1124
1125
1126
1127
1128
1129
1130
1131
1132
1133
1134
1135
1136
1137
1138
1139
1140
1141
1142
1143
1144
1145
1146
1147
1148
1149
1150
1151
1152
1153
1154
1155
1156
1157
1158
1159
1160
1161
1162
1163
1164
1165
1166
1167
1168
1169
1170
1171
1172
1173
1174
1175
1176
1177
1178
1179
1180
1181
1182
1183
1184
1185
1186
1187
1188
1189
1190
1191
1192
1193
1194
1195
1196
1197
1198
1199
1200
1201
1202
1203
1204
1205
1206
1207
1208
1209
1210
1211
1212
1213
1214
1215
1216
1217
1218
1219
1220
1221
1222
1223
1224
1225
1226
1227
1228
1229
1230
1231
1232
-0.5087140202522278 0.6821119785308838 0.07171200215816498
-0.5175930261611938 0.6646609902381897 0.06381300091743469
-0.4998820126056671 0.6821119785308838 0.1391219943761826
-0.7007619738578796 0.6434479951858521 0
-0.6140530109405518 0.6457740068435669 0
-0.6148499846458435 0.6510670185089111 0.03988299891352654
-0.7039999961853027 0.6485689878463745 0.03988299891352654
-0.769743025302887 0.6371309757232666 0
-0.7747660279273987 0.6417859792709351 0.03988299891352654
-0.8201140165328979 0.6248340010643005 0
-0.8263289928436279 0.6285759806632996 0.03988299891352654
-0.8509870171546936 0.6045600175857544 0
-0.857869029045105 0.6068000197410583 0.03988299891352654
-0.8614739775657654 0.5743160247802734 0
-0.8685640096664429 0.5743160247802734 0.03988299891352654
-0.5267059803009033 0.6513620018959045 0.03988299891352654
-0.6168479919433594 0.6642990112304688 0.06381300091743469
-0.7120950222015381 0.6613699793815613 0.06381300091743469
-0.7873209714889526 0.653419017791748 0.06381300091743469
-0.841867983341217 0.6379309892654419 0.06381300091743469
-0.8750759959220886 0.6124029755592346 0.06381300091743469
-0.8862919807434082 0.5743160247802734 0.06381300091743469
-0.6194450259208679 0.6815029978752136 0.07179000228643417
-0.7226210236549377 0.6780120134353638 0.07179000228643417
-0.8036440014839172 0.6685389876365662 0.07179000228643417
-0.8620650172233582 0.6500939726829529 0.07179000228643417
-0.8974429965019226 0.6196839809417725 0.07179000228643417
-0.9093340039253235 0.5743160247802734 0.07179000228643417
-0.4617570042610168 0.7657549977302551 -0.1285119950771332
-0.4985300004482269 0.7124980092048645 -0.03988299891352654
-0.4785969853401184 0.7657549977302551 0
-0.6220390200614929 0.6987040042877197 0.06381300091743469
-0.7331500053405762 0.6946550011634827 0.06381300091743469
-0.8199669718742371 0.683663010597229 0.06381300091743469
-0.8822649717330933 0.6622570157051086 0.06381300091743469
-0.919812023639679 0.6269649863243103 0.06381300091743469
-0.9323769807815552 0.5743160247802734 0.06381300091743469
-0.5012549757957458 0.7177919745445251 0
-0.4985300004482269 0.7124980092048645 0.03988299891352654
-0.6240360140800476 0.7119380235671997 0.03988299891352654
-0.7412449717521667 0.7074559926986694 0.03988299891352654
-0.832522988319397 0.6952959895133972 0.03988299891352654
-0.8978000283241272 0.671612024307251 0.03988299891352654
-0.9370160102844238 0.6325650215148926 0.03988299891352654
-0.9501039981842041 0.5743160247802734 0.03988299891352654
-0.6240360140800476 0.7119380235671997 -0.03988299891352654
-0.6248340010643005 0.7172319889068604 0
-0.7444829940795898 0.7125769853591919 0
-0.8375449776649475 0.6999480128288269 0
-0.9040150046348572 0.67535400390625 0
-0.9438989758491516 0.6348050236701965 0
-0.9571939706802368 0.5743160247802734 0
-0.4998820126056671 0.6821119785308838 -0.1391219943761826
-0.5554080009460449 0.5991330146789551 0
-0.5267059803009033 0.6513620018959045 -0.03988299891352654
-0.7412449717521667 0.7074559926986694 -0.03988299891352654
-0.832522988319397 0.6952959895133972 -0.03988299891352654
-0.8978000283241272 0.671612024307251 -0.03988299891352654
-0.9370160102844238 0.6325650215148926 -0.03988299891352654
-0.9501039981842041 0.5743160247802734 -0.03988299891352654
-0.5016660094261169 0.6992210149765015 -0.06381300091743469
-0.5087140202522278 0.6821119785308838 -0.07171200215816498
-0.6220390200614929 0.6987040042877197 -0.06381300091743469
-0.7331500053405762 0.6946550011634827 -0.06381300091743469
-0.8199669718742371 0.683663010597229 -0.06381300091743469
-0.8822649717330933 0.6622570157051086 -0.06381300091743469
-0.919812023639679 0.6269649863243103 -0.06381300091743469
-0.9323769807815552 0.5743160247802734 -0.06381300091743469
-0.5175930261611938 0.6646609902381897 -0.06381300091743469
-0.6148499846458435 0.6510670185089111 -0.03988299891352654
-0.6168479919433594 0.6642990112304688 -0.06381300091743469
-0.6194450259208679 0.6815029978752136 -0.07179000228643417
-0.7226210236549377 0.6780120134353638 -0.07179000228643417
-0.8036440014839172 0.6685389876365662 -0.07179000228643417
-0.8620650172233582 0.6500939726829529 -0.07179000228643417
-0.8974429965019226 0.6196839809417725 -0.07179000228643417
-0.9093340039253235 0.5743160247802734 -0.07179000228643417
-0.5016670227050781 0.6992210149765015 0.06381300091743469
-0.7120950222015381 0.6613699793815613 -0.06381300091743469
-0.7873209714889526 0.653419017791748 -0.06381300091743469
-0.841867983341217 0.6379309892654419 -0.06381300091743469
-0.8750759959220886 0.6124029755592346 -0.06381300091743469
-0.8862919807434082 0.5743160247802734 -0.06381300091743469
-0.5358660221099854 0.5991330146789551 0.1491370052099228
-0.7039999961853027 0.6485689878463745 -0.03988299891352654
-0.7747660279273987 0.6417859792709351 -0.03988299891352654
-0.8263289928436279 0.6285759806632996 -0.03988299891352654
-0.857869029045105 0.6068000197410583 -0.03988299891352654
-0.8685640096664429 0.5743160247802734 -0.03988299891352654
-0.5343289971351624 0.6460300087928772 0
-0.8560090065002441 0.5331029891967773 0
-0.8628079891204834 0.5309169888496399 0.03988299891352654
-0.8390219807624817 0.4839160144329071 0
-0.844976007938385 0.4803040027618408 0.03988299891352654
-0.8096259832382202 0.4307369887828827 0
-0.8142049908638 0.4261940121650696 0.03988299891352654
-0.7669360041618347 0.3775590062141418 0
-0.7696509957313538 0.3723070025444031 0.03988299891352654
-0.710066020488739 0.3283720016479492 0
-0.7104550004005432 0.3223609924316406 0.03988299891352654
-0.6381289958953857 0.2871580123901367 0
-0.6311839818954468 0.2775689959526062 0.03988299891352654
-0.8798109889030457 0.5254480242729187 0.06381300091743469
-0.859853982925415 0.4712780117988586 0.06381300091743469
-0.8256530165672302 0.4148379862308502 0.06381300091743469
-0.7764340043067932 0.3591769933700562 0.06381300091743469
-0.7114250063896179 0.3073320090770721 0.06381300091743469
-0.6248279809951782 0.2595990002155304 0.06381300091743469
-0.9019129872322083 0.5183429718017578 0.07179000228643417
-0.8792020082473755 0.4595420062541962 0.07179000228643417
-0.840533971786499 0.4000779986381531 0.07179000228643417
-0.7852529883384705 0.3421069979667664 0.07179000228643417
-0.7126880288124084 0.2877950072288513 0.07179000228643417
-0.6199219822883606 0.2380689978599548 0.07179000228643417
-0.9240109920501709 0.5112339854240417 0.06381300091743469
-0.8985469937324524 0.4478070139884949 0.06381300091743469
-0.8554189801216125 0.3853150010108948 0.06381300091743469
-0.7940719723701477 0.3250379860401154 0.06381300091743469
-0.7139520049095154 0.2682589888572693 0.06381300091743469
-0.9410139918327332 0.5057650208473206 0.03988299891352654
-0.913428008556366 0.4387809932231903 0.03988299891352654
-0.8668670058250427 0.3739599883556366 0.03988299891352654
-0.8008549809455872 0.3119089901447296 0.03988299891352654
-0.7149220108985901 0.2532309889793396 0.03988299891352654
-0.9478129744529724 0.5035799741744995 0
-0.9193779826164246 0.4351690113544464 0
-0.8714450001716614 0.3694159984588623 0
-0.8035709857940674 0.3066560029983521 0
-0.7153109908103943 0.2472199946641922 0
-0.6088830232620239 0.1986809968948364 0.03988299891352654
-0.6117089986801147 0.194243997335434 0
-0.9410139918327332 0.5057650208473206 -0.03988299891352654
-0.913428008556366 0.4387809932231903 -0.03988299891352654
-0.8668670058250427 0.3739599883556366 -0.03988299891352654
-0.8008549809455872 0.3119089901447296 -0.03988299891352654
-0.7149220108985901 0.2532309889793396 -0.03988299891352654
-0.6088839769363403 0.1986819952726364 -0.03988299891352654
-0.7139520049095154 0.2682589888572693 -0.06381300091743469
-0.6155530214309692 0.2168069928884506 -0.06381300091743469
-0.9240109920501709 0.5112339854240417 -0.06381300091743469
-0.8985469937324524 0.4478070139884949 -0.06381300091743469
-0.8554189801216125 0.3853150010108948 -0.06381300091743469
-0.7940719723701477 0.3250379860401154 -0.06381300091743469
-0.6199219822883606 0.2380689978599548 -0.07179000228643417
-0.6042770147323608 0.2212399989366531 -0.168175995349884
-0.7126880288124084 0.2877950072288513 -0.07179000228643417
-0.9019129872322083 0.5183429718017578 -0.07179000228643417
-0.8792020082473755 0.4595420062541962 -0.07179000228643417
-0.840533971786499 0.4000779986381531 -0.07179000228643417
-0.7852529883384705 0.3421069979667664 -0.07179000228643417
-0.6154800057411194 0.2166170030832291 0.06357800215482712
-0.5757709741592407 0.1666229963302612 0.1602430045604706
-0.8798109889030457 0.5254480242729187 -0.06381300091743469
-0.859853982925415 0.4712780117988586 -0.06381300091743469
-0.8256530165672302 0.4148379862308502 -0.06381300091743469
-0.7764340043067932 0.3591769933700562 -0.06381300091743469
-0.7114250063896179 0.3073320090770721 -0.06381300091743469
-0.6248260140419006 0.2595990002155304 -0.06381300091743469
-0.8628079891204834 0.5309169888496399 -0.03988299891352654
-0.844976007938385 0.4803040027618408 -0.03988299891352654
-0.8142049908638 0.4261940121650696 -0.03988299891352654
-0.7696509957313538 0.3723070025444031 -0.03988299891352654
-0.7104550004005432 0.3223609924316406 -0.03988299891352654
-0.6311839818954468 0.2775689959526062 -0.03988299891352654
0.5928729772567749 0.4378269910812378 -0.1650030016899109
0.5882750153541565 0.5174810290336609 0
0.6009590029716492 0.4448100030422211 -0.08575300127267838
0.6568899750709534 0.4710640013217926 0
0.6059560179710388 0.4637689888477325 0
0.6009600162506104 0.4448100030422211 0.08575300127267838
0.7243949770927429 0.5140479803085327 0
0.6612229943275452 0.4547339975833893 0.08370500057935715
0.7306960225105286 0.5015760064125061 0.07361099869012833
0.7617670297622681 0.5743160247802734 0
0.7688559889793396 0.5658959746360779 0.0604889988899231
0.7858430147171021 0.6425610184669495 0
0.7937210202217102 0.6378989815711975 0.04736699908971786
0.8134679794311523 0.7094749808311462 0
0.8233140110969543 0.7077839970588684 0.03727300092577934
0.8614739775657654 0.7657549977302551 0
0.8756539821624756 0.7657549977302551 0.03323600068688393
0.6720550060272217 0.413906991481781 0.1339280009269714
0.7464550137519836 0.4703910052776337 0.1177780032157898
0.7865830063819885 0.5448470115661621 0.09678299725055695
0.8134170174598694 0.6262469887733459 0.07578799873590469
0.8479329943656921 0.7035599946975708 0.05963800102472305
0.9111070036888123 0.7657549977302551 0.05317800119519234
0.6861349940299988 0.3608300089836121 0.1506689935922623
0.6050999760627747 0.3997119963169098 0.1372649967670441
0.6132580041885376 0.3416750133037567 0.1543540060520172
0.609620988368988 0.3608300089836121 0.1696639955043793
0.7669349908828735 0.4298500120639801 0.1325010061264038
0.8096259832382202 0.5174810290336609 0.1088809967041016
0.8390210270881653 0.6110979914665222 0.08526100218296051
0.879938006401062 0.6980649828910828 0.06709200143814087
0.9571930170059204 0.7657549977302551 0.05982499942183495
0.7002189755439758 0.3077560067176819 0.1339280009269714
0.7874190211296082 0.3893100023269653 0.1177780032157898
0.8326690196990967 0.490117996931076 0.09678299725055695
0.8646270036697388 0.5959489941596985 0.07578799873590469
0.9119439721107483 0.6925709843635559 0.05963800102472305
1.003278970718384 0.7657549977302551 0.05317800119519234
0.7110509872436523 0.2669290006160736 0.08370500057935715
0.8031749725341797 0.3581280112266541 0.07361099869012833
0.8503959774971008 0.4690699875354767 0.0604889988899231
0.884319007396698 0.5842970013618469 0.04736699908971786
0.9365630149841309 0.6883440017700195 0.03727300092577934
1.038733005523682 0.7657549977302551 0.03323600068688393
0.7153840065002441 0.2505989968776703 0
0.8094789981842041 0.3456520140171051 0
0.8574860095977783 0.4606499969959259 0
0.8921999931335449 0.5796350240707397 0
0.9464089870452881 0.6866530179977417 0
1.052912950515747 0.7657549977302551 0
0.6255769729614258 0.219882994890213 0
0.6042760014533997 0.2212399989366531 0.168175995349884
0.5967680215835571 0.1666229963302612 0
0.7110509872436523 0.2669290006160736 -0.08370500057935715
0.8031749725341797 0.3581280112266541 -0.07361099869012833
0.8503959774971008 0.4690699875354767 -0.0604889988899231
0.884319007396698 0.5842970013618469 -0.04736699908971786
0.9365630149841309 0.6883440017700195 -0.03727300092577934
1.038733005523682 0.7657549977302551 -0.03323600068688393
0.7002189755439758 0.3077560067176819 -0.1339280009269714
0.7874190211296082 0.3893100023269653 -0.1177780032157898
0.8326690196990967 0.490117996931076 -0.09678299725055695
0.8646270036697388 0.5959489941596985 -0.07578799873590469
0.9119439721107483 0.6925709843635559 -0.05963800102472305
1.003278970718384 0.7657549977302551 -0.05317800119519234
0.6861349940299988 0.3608300089836121 -0.1506689935922623
0.7669349908828735 0.4298500120639801 -0.1325010061264038
0.8096259832382202 0.5174810290336609 -0.1088809967041016
0.8390210270881653 0.6110979914665222 -0.08526100218296051
0.879938006401062 0.6980649828910828 -0.06709200143814087
0.9571930170059204 0.7657549977302551 -0.05982499942183495
0.6156769990921021 0.2871580123901367 -0.1713490039110184
0.609620988368988 0.3608300089836121 -0.1696639955043793
0.6132580041885376 0.3416750133037567 -0.1543540060520172
0.6720550060272217 0.413906991481781 -0.1339280009269714
0.7464550137519836 0.4703910052776337 -0.1177780032157898
0.7865830063819885 0.5448470115661621 -0.09678299725055695
0.8134170174598694 0.6262469887733459 -0.07578799873590469
0.8479329943656921 0.7035599946975708 -0.05963800102472305
0.9111070036888123 0.7657549977302551 -0.05317800119519234
0.6051009893417358 0.3997119963169098 -0.1372649967670441
0.6612229943275452 0.4547339975833893 -0.08370500057935715
0.7306960225105286 0.5015760064125061 -0.07361099869012833
0.7688559889793396 0.5658959746360779 -0.0604889988899231
0.7937210202217102 0.6378989815711975 -0.04736699908971786
0.8233140110969543 0.7077839970588684 -0.03727300092577934
0.8756539821624756 0.7657549977302551 -0.03323600068688393
0.8771309852600098 0.7757260203361511 0
0.8922349810600281 0.7759429812431335 0.032235998660326
0.8910160064697266 0.7817080020904541 0
0.9060729742050171 0.7821009755134583 0.0296659991145134
0.9013569951057434 0.78370201587677 0
0.9156129956245422 0.7842000126838684 0.02617299929261208
0.9063789844512939 0.7817080020904541 0
0.9192919731140137 0.7821999788284302 0.02240299992263317
0.9043120145797729 0.7757260203361511 0
0.9155529737472534 0.7760639786720276 0.0190030001103878
0.8933799862861633 0.7657549977302551 0
0.9028339982032776 0.7657549977302551 0.01661800034344196
0.9299899935722351 0.7764790058135986 0.05155299976468086
0.9437130093574524 0.7830870151519775 0.04726900160312653
0.9512490034103394 0.7854480147361755 0.04121299833059311
0.9515690207481384 0.7834309935569763 0.03426999971270561
0.9436529874801636 0.7769089937210083 0.02732699923217297
0.9264680147171021 0.7657549977302551 0.02127099968492985
0.979075014591217 0.7771810293197632 0.05796900019049644
0.9926450252532959 0.7843660116195679 0.0529559999704361
0.9975749850273132 0.7870680093765259 0.04561600089073181
0.9935320019721985 0.7850329875946045 0.03678100183606148
0.9801819920539856 0.7780100107192993 0.02728099934756756
0.9571930170059204 0.7657549977302551 0.0179469995200634
1.028156995773315 0.777878999710083 0.05150299891829491
1.041576981544495 0.7856490015983582 0.046875
1.043902993202209 0.7886859774589539 0.03988299891352654
1.035491943359375 0.7866309881210327 0.03111900016665459
1.016711950302124 0.7791110277175903 0.02117200009524822
0.9879199862480164 0.7657549977302551 0.01063499972224236
1.065914988517761 0.778419017791748 0.0321739986538887
1.079216003417969 0.7866309881210327 0.02917400002479553
1.079538941383362 0.789933979511261 0.02451100014150143
1.067772030830383 0.78786301612854 0.01846400089561939
1.044811964035034 0.7799569964408875 0.01130999997258186
1.011551976203918 0.7657549977302551 0.003323999932035804
1.081015944480896 0.7786319851875305 0
1.094272971153259 0.7870270013809204 0
1.093794941902161 0.790431022644043 0
1.080683946609497 0.7883539795875549 0
1.056051969528198 0.7802950143814087 0
1.021005988121033 0.7657549977302551 0
1.065914988517761 0.778419017791748 -0.03225100040435791
1.079216003417969 0.7866309881210327 -0.02978900074958801
1.079538941383362 0.789933979511261 -0.02658900059759617
1.067772030830383 0.78786301612854 -0.02338800020515919
1.044811964035034 0.7799569964408875 -0.02092600055038929
1.011551976203918 0.7657549977302551 -0.01994200050830841
1.028156995773315 0.777878999710083 -0.05160199850797653
1.041576981544495 0.7856490015983582 -0.04766299948096275
1.043902993202209 0.7886859774589539 -0.0425419993698597
1.035491943359375 0.7866309881210327 -0.03742099925875664
1.016711950302124 0.7791110277175903 -0.03348200023174286
0.9879199862480164 0.7657549977302551 -0.03190600126981735
0.979075014591217 0.7771810293197632 -0.05805199965834618
0.9926450252532959 0.7843660116195679 -0.05362100154161453
0.9975749850273132 0.7870680093765259 -0.04786000028252602
0.9935320019721985 0.7850329875946045 -0.0420989990234375
0.9801819920539856 0.7780100107192993 -0.03766699880361557
0.9571930170059204 0.7657549977302551 -0.03589500114321709
0.9299899935722351 0.7764790058135986 -0.05160199850797653
0.9437130093574524 0.7830870151519775 -0.04766299948096275
0.9512490034103394 0.7854480147361755 -0.0425419993698597
0.9515690207481384 0.7834309935569763 -0.03742099925875664
0.9436529874801636 0.7769089937210083 -0.03348200023174286
0.9264680147171021 0.7657549977302551 -0.03190600126981735
0.8922349810600281 0.7759429812431335 -0.03225100040435791
0.9060729742050171 0.7821009755134583 -0.02978900074958801
0.9156129956245422 0.7842000126838684 -0.02658900059759617
0.9192919731140137 0.7821999788284302 -0.02338800020515919
0.9155529737472534 0.7760639786720276 -0.02092600055038929
0.9028339982032776 0.7657549977302551 -0.01994200050830841
0.8864279985427856 0.7509239912033081 0.01486000046133995
0.9367930293083191 0.7509239912033081 -0.03379499912261963
0.9652609825134277 0.7509239912033081 -0.03009900078177452
0.9871580004692078 0.7509239912033081 -0.01901400089263916
0.9959179759025574 0.7509239912033081 -0.0005370000144466758
0.9367930293083191 0.7509239912033081 0.01609200052917004
0.9871580004692078 0.7509239912033081 0.002542000031098723
0.8864279985427856 0.7509239912033081 -0.01901400089263916
0.9083240032196045 0.7509239912033081 -0.03009900078177452
0.877668023109436 0.7509239912033081 -0.0005370000144466758
0.9652609825134277 0.7509239912033081 0.009317000396549702
0.9083240032196045 0.7509239912033081 0.01917099952697754
0.9367930293083191 0.7509239912033081 -0.007311999797821045
0.440746009349823 0.783204972743988 0
0.4466899931430817 0.7657549977302551 0
0.4309729933738708 0.7657549977302551 0.1199449971318245
0.4252359867095947 0.783204972743988 0.1183480024337769
0.4416680037975311 0.7936729788780212 0
0.4261269867420197 0.7936729788780212 0.1185960024595261
0.4476859867572784 0.7971640229225159 0
0.4319359958171844 0.7971640229225159 0.1202120035886765
0.4570310115814209 0.7936729788780212 0
0.4409500062465668 0.7936729788780212 0.1227210015058517
0.4679239988327026 0.783204972743988 0
0.4514600038528442 0.783204972743988 0.1256459951400757
0.4785960018634796 0.7657549977302551 0
0.4617559909820557 0.7657549977302551 0.1285119950771332
0.3864699900150299 0.7657549977302551 0.2269849926233292
0.3813270032405853 0.783204972743988 0.2239640057086945
0.3821240067481995 0.7936729788780212 0.2244330048561096
0.3873319923877716 0.7971640229225159 0.2274910062551498
0.3954159915447235 0.7936729788780212 0.2322389930486679
0.4048419892787933 0.783204972743988 0.2377749979496002
0.4140760004520416 0.7657549977302551 0.2431980073451996
0.3171499967575073 0.7657549977302551 0.3171499967575073
0.3129290044307709 0.783204972743988 0.3129290044307709
0.3135839998722076 0.7936729788780212 0.3135839998722076
0.3178580105304718 0.7971640229225159 0.3178580105304718
0.3244909942150116 0.7936729788780212 0.3244920074939728
0.3322260081768036 0.783204972743988 0.3322260081768036
0.339803010225296 0.7657549977302551 0.3398039937019348
0.2269839942455292 0.7657549977302551 0.3864699900150299
0.2239630073308945 0.783204972743988 0.3813270032405853
0.2244330048561096 0.7936729788780212 0.3821249902248383
0.2274910062551498 0.7971640229225159 0.3873319923877716
0.2322389930486679 0.7936729788780212 0.3954170048236847
0.2377749979496002 0.783204972743988 0.4048419892787933
0.2431980073451996 0.7657549977302551 0.4140760004520416
0.1199439987540245 0.7657549977302551 0.4309729933738708
0.1183480024337769 0.783204972743988 0.4252369999885559
0.1185960024595261 0.7936729788780212 0.4261269867420197
0.1202120035886765 0.7971640229225159 0.4319370090961456
0.1227210015058517 0.7936729788780212 0.4409500062465668
0.1256459951400757 0.783204972743988 0.4514600038528442
0.1285119950771332 0.7657549977302551 0.4617570042610168
0 0.7657549977302551 0.4466899931430817
0 0.783204972743988 0.440746009349823
0 0.7936729788780212 0.4416680037975311
0 0.7971640229225159 0.4476859867572784
0 0.7936729788780212 0.4570310115814209
0 0.783204972743988 0.4679239988327026
0 0.7657549977302551 0.4785969853401184
-0.1199449971318245 0.7657549977302551 0.4309729933738708
-0.1183480024337769 0.783204972743988 0.4252369999885559
-0.1185960024595261 0.7936729788780212 0.4261269867420197
-0.1202120035886765 0.7971640229225159 0.4319370090961456
-0.1227210015058517 0.7936729788780212 0.4409500062465668
-0.1256459951400757 0.783204972743988 0.4514600038528442
-0.1285129934549332 0.7657549977302551 0.4617570042610168
-0.2269849926233292 0.7657549977302551 0.3864699900150299
-0.2239640057086945 0.783204972743988 0.3813270032405853
-0.2244330048561096 0.7936729788780212 0.3821249902248383
-0.2274910062551498 0.7971640229225159 0.3873319923877716
-0.2322400063276291 0.7936729788780212 0.3954170048236847
-0.2377749979496002 0.783204972743988 0.4048419892787933
-0.2431980073451996 0.7657549977302551 0.4140760004520416
-0.3171499967575073 0.7657549977302551 0.3171499967575073
-0.3129290044307709 0.783204972743988 0.3129290044307709
-0.3135839998722076 0.7936729788780212 0.3135839998722076
-0.3178589940071106 0.7971640229225159 0.3178580105304718
-0.3244920074939728 0.7936729788780212 0.3244920074939728
-0.3322260081768036 0.783204972743988 0.3322260081768036
-0.3398039937019348 0.7657549977302551 0.3398039937019348
-0.3864699900150299 0.7657549977302551 0.2269849926233292
-0.3813270032405853 0.783204972743988 0.2239640057086945
-0.3821249902248383 0.7936729788780212 0.2244330048561096
-0.3873319923877716 0.7971640229225159 0.2274910062551498
-0.3954170048236847 0.7936729788780212 0.2322389930486679
-0.4048419892787933 0.783204972743988 0.2377749979496002
-0.4140760004520416 0.7657549977302551 0.2431980073451996
-0.430974006652832 0.7657549977302551 0.1199449971318245
-0.4252369999885559 0.783204972743988 0.1183480024337769
-0.4261269867420197 0.7936729788780212 0.1185960024595261
-0.4319370090961456 0.7971640229225159 0.1202120035886765
-0.4409500062465668 0.7936729788780212 0.1227210015058517
-0.451460987329483 0.783204972743988 0.1256459951400757
-0.4617570042610168 0.7657549977302551 0.1285119950771332
-0.4466899931430817 0.7657549977302551 0
-0.440746009349823 0.783204972743988 0
-0.4416680037975311 0.7936729788780212 0
-0.4476859867572784 0.7971640229225159 0
-0.4570310115814209 0.7936729788780212 0
-0.4679239988327026 0.783204972743988 0
-0.430974006652832 0.7657549977302551 -0.1199449971318245
-0.4252369999885559 0.783204972743988 -0.1183480024337769
-0.4261269867420197 0.7936729788780212 -0.1185960024595261
-0.4319370090961456 0.7971640229225159 -0.1202120035886765
-0.4409500062465668 0.7936729788780212 -0.1227210015058517
-0.451460987329483 0.783204972743988 -0.1256459951400757
-0.3864699900150299 0.7657549977302551 -0.2269849926233292
-0.3813270032405853 0.783204972743988 -0.2239640057086945
-0.3821249902248383 0.7936729788780212 -0.2244330048561096
-0.3873319923877716 0.7971640229225159 -0.2274910062551498
-0.3954170048236847 0.7936729788780212 -0.2322389930486679
-0.4048419892787933 0.783204972743988 -0.2377749979496002
-0.4140760004520416 0.7657549977302551 -0.2431980073451996
-0.3171499967575073 0.7657549977302551 -0.3171499967575073
-0.3129290044307709 0.783204972743988 -0.3129290044307709
-0.3135839998722076 0.7936729788780212 -0.3135839998722076
-0.3178589940071106 0.7971640229225159 -0.3178580105304718
-0.3244920074939728 0.7936729788780212 -0.3244920074939728
-0.3322260081768036 0.783204972743988 -0.3322260081768036
-0.3398039937019348 0.7657549977302551 -0.3398039937019348
-0.2269849926233292 0.7657549977302551 -0.3864699900150299
-0.2239640057086945 0.783204972743988 -0.3813270032405853
-0.2244330048561096 0.7936729788780212 -0.3821249902248383
-0.2274910062551498 0.7971640229225159 -0.3873319923877716
-0.2322400063276291 0.7936729788780212 -0.3954170048236847
-0.2377749979496002 0.783204972743988 -0.4048419892787933
-0.2431980073451996 0.7657549977302551 -0.4140760004520416
-0.1199449971318245 0.7657549977302551 -0.4309729933738708
-0.1183480024337769 0.783204972743988 -0.4252369999885559
-0.1185960024595261 0.7936729788780212 -0.4261269867420197
-0.1202120035886765 0.7971640229225159 -0.4319370090961456
-0.1227210015058517 0.7936729788780212 -0.4409500062465668
-0.1256459951400757 0.783204972743988 -0.4514600038528442
-0.1285129934549332 0.7657549977302551 -0.4617570042610168
0 0.7657549977302551 -0.4466899931430817
0 0.783204972743988 -0.440746009349823
0 0.7936729788780212 -0.4416680037975311
0 0.7971640229225159 -0.4476859867572784
0 0.7936729788780212 -0.4570310115814209
0 0.783204972743988 -0.4679239988327026
0 0.7657549977302551 -0.4785969853401184
0.1199439987540245 0.7657549977302551 -0.4309729933738708
0.1183480024337769 0.783204972743988 -0.4252369999885559
0.1185960024595261 0.7936729788780212 -0.4261269867420197
0.1202120035886765 0.7971640229225159 -0.4319370090961456
0.1227210015058517 0.7936729788780212 -0.4409500062465668
0.1256459951400757 0.783204972743988 -0.4514600038528442
0.1285119950771332 0.7657549977302551 -0.4617570042610168
0.2269839942455292 0.7657549977302551 -0.3864699900150299
0.2239630073308945 0.783204972743988 -0.3813270032405853
0.2244330048561096 0.7936729788780212 -0.3821249902248383
0.2274910062551498 0.7971640229225159 -0.3873319923877716
0.2322389930486679 0.7936729788780212 -0.3954170048236847
0.2377749979496002 0.783204972743988 -0.4048419892787933
0.2431980073451996 0.7657549977302551 -0.4140760004520416
0.3171499967575073 0.7657549977302551 -0.3171499967575073
0.3129290044307709 0.783204972743988 -0.3129290044307709
0.3135839998722076 0.7936729788780212 -0.3135839998722076
0.3178580105304718 0.7971640229225159 -0.3178580105304718
0.3244909942150116 0.7936729788780212 -0.3244920074939728
0.3322260081768036 0.783204972743988 -0.3322260081768036
0.339803010225296 0.7657549977302551 -0.3398039937019348
0.3864699900150299 0.7657549977302551 -0.2269849926233292
0.3813270032405853 0.783204972743988 -0.2239640057086945
0.3821240067481995 0.7936729788780212 -0.2244330048561096
0.3873319923877716 0.7971640229225159 -0.2274910062551498
0.3954159915447235 0.7936729788780212 -0.2322389930486679
0.4048419892787933 0.783204972743988 -0.2377749979496002
0.4140760004520416 0.7657549977302551 -0.2431980073451996
0.4309729933738708 0.7657549977302551 -0.1199449971318245
0.4252359867095947 0.783204972743988 -0.1183480024337769
0.4261269867420197 0.7936729788780212 -0.1185960024595261
0.4319359958171844 0.7971640229225159 -0.1202120035886765
0.4409500062465668 0.7936729788780212 -0.1227210015058517
0.4514600038528442 0.783204972743988 -0.1256459951400757
0.4617559909820557 0.7657549977302551 -0.1285119950771332
0.5181099772453308 0.6821119785308838 0
0.4998809993267059 0.6821119785308838 0.1391219943761826
0.5554080009460449 0.5991330146789551 0
0.5358650088310242 0.5991330146789551 0.1491370052099228
0.5675780177116394 0.5174850225448608 0.1579629927873611
0.4482600092887878 0.6821119785308838 0.263276994228363
0.4805299937725067 0.5991330146789551 0.2822299897670746
0.5089690089225769 0.5174850225448608 0.2989310026168823
0.5928729772567749 0.4378269910812378 0.1650030016899109
0.5316510200500488 0.4378269910812378 0.312254011631012
0.5466690063476562 0.3608300089836121 0.3210749924182892
0.6156769990921021 0.2871580123901367 0.1713490039110184
0.5521000027656555 0.2871580123901367 0.3242650032043457
0.3678590059280396 0.6821119785308838 0.3678590059280396
0.394340991973877 0.5991330146789551 0.394340991973877
0.4176749885082245 0.5174810290336609 0.4176749885082245
0.4362919926643372 0.4378269910812378 0.4362919926643372
0.4486140012741089 0.3608300089836121 0.4486140012741089
0.4530720114707947 0.2871580123901367 0.4530720114707947
0.263276994228363 0.6821119785308838 0.4482600092887878
0.2822299897670746 0.5991330146789551 0.4805299937725067
0.2989310026168823 0.5174850225448608 0.5089690089225769
0.312254011631012 0.4378269910812378 0.5316510200500488
0.3210740089416504 0.3608300089836121 0.5466690063476562
0.3242650032043457 0.2871580123901367 0.5521000027656555
0.1391219943761826 0.6821119785308838 0.4998820126056671
0.1491370052099228 0.5991330146789551 0.5358660221099854
0.1579629927873611 0.5174810290336609 0.5675780177116394
0.1650030016899109 0.4378269910812378 0.5928729772567749
0.1696639955043793 0.3608300089836121 0.609620988368988
0.1713490039110184 0.2871580123901367 0.6156769990921021
0 0.6821119785308838 0.5181099772453308
0 0.5991330146789551 0.5554080009460449
0 0.5174810290336609 0.5882750153541565
0 0.4378269910812378 0.6144959926605225
0 0.3608300089836121 0.631850004196167
0 0.2871580123901367 0.6381289958953857
-0.1391229927539825 0.6821119785308838 0.4998820126056671
-0.1491380035877228 0.5991330146789551 0.5358660221099854
-0.1579629927873611 0.5174850225448608 0.5675780177116394
-0.1650040000677109 0.4378269910812378 0.5928729772567749
-0.1696639955043793 0.3608300089836121 0.609620988368988
-0.1713500022888184 0.2871580123901367 0.6156769990921021
-0.2632780075073242 0.6821119785308838 0.4482600092887878
-0.2822299897670746 0.5991330146789551 0.4805299937725067
-0.2989310026168823 0.5174850225448608 0.5089690089225769
-0.3122549951076508 0.4378269910812378 0.5316510200500488
-0.3210749924182892 0.3608300089836121 0.5466690063476562
-0.3242650032043457 0.2871580123901367 0.5521000027656555
-0.3678590059280396 0.6821119785308838 0.3678590059280396
-0.394340991973877 0.5991330146789551 0.394340991973877
-0.4176749885082245 0.5174810290336609 0.4176749885082245
-0.4362919926643372 0.4378269910812378 0.4362919926643372
-0.4486150145530701 0.3608300089836121 0.4486140012741089
-0.4530720114707947 0.2871580123901367 0.4530720114707947
-0.4482600092887878 0.6821119785308838 0.263276994228363
-0.4805299937725067 0.5991330146789551 0.2822299897670746
-0.5089690089225769 0.5174850225448608 0.2989310026168823
-0.5316510200500488 0.4378269910812378 0.312254011631012
-0.5466690063476562 0.3608300089836121 0.3210749924182892
-0.5521000027656555 0.2871580123901367 0.3242650032043457
-0.5675780177116394 0.5174810290336609 0.1579629927873611
-0.5928729772567749 0.4378269910812378 0.1650030016899109
-0.609620988368988 0.3608300089836121 0.1696639955043793
-0.6156769990921021 0.2871580123901367 0.1713490039110184
-0.5882750153541565 0.5174810290336609 0
-0.6144959926605225 0.4378269910812378 0
-0.631850004196167 0.3608300089836121 0
-0.5358660221099854 0.5991330146789551 -0.1491370052099228
-0.5675780177116394 0.5174850225448608 -0.1579629927873611
-0.5928729772567749 0.4378269910812378 -0.1650030016899109
-0.609620988368988 0.3608300089836121 -0.1696639955043793
-0.4482600092887878 0.6821119785308838 -0.263276994228363
-0.4805299937725067 0.5991330146789551 -0.2822299897670746
-0.5089690089225769 0.5174850225448608 -0.2989310026168823
-0.5316510200500488 0.4378269910812378 -0.312254011631012
-0.5466690063476562 0.3608300089836121 -0.3210749924182892
-0.6156769990921021 0.2871580123901367 -0.1713490039110184
-0.5521000027656555 0.2871580123901367 -0.3242650032043457
-0.3678590059280396 0.6821119785308838 -0.3678590059280396
-0.394340991973877 0.5991330146789551 -0.394340991973877
-0.4176749885082245 0.5174810290336609 -0.4176749885082245
-0.4362919926643372 0.4378269910812378 -0.4362919926643372
-0.4486150145530701 0.3608300089836121 -0.4486140012741089
-0.4530720114707947 0.2871580123901367 -0.4530720114707947
-0.2632780075073242 0.6821119785308838 -0.4482600092887878
-0.2822299897670746 0.5991330146789551 -0.4805299937725067
-0.2989310026168823 0.5174850225448608 -0.5089690089225769
-0.3122549951076508 0.4378269910812378 -0.5316510200500488
-0.3210749924182892 0.3608300089836121 -0.5466690063476562
-0.3242650032043457 0.2871580123901367 -0.5521000027656555
-0.1391229927539825 0.6821119785308838 -0.4998820126056671
-0.1491380035877228 0.5991330146789551 -0.5358660221099854
-0.1579629927873611 0.5174810290336609 -0.5675780177116394
-0.1650040000677109 0.4378269910812378 -0.5928729772567749
-0.1696639955043793 0.3608300089836121 -0.609620988368988
-0.1713500022888184 0.2871580123901367 -0.6156769990921021
0 0.6821119785308838 -0.5181099772453308
0 0.5991330146789551 -0.5554080009460449
0 0.5174810290336609 -0.5882750153541565
0 0.4378269910812378 -0.6144959926605225
0 0.3608300089836121 -0.631850004196167
0 0.2871580123901367 -0.6381289958953857
0.1391219943761826 0.6821119785308838 -0.4998820126056671
0.1491370052099228 0.5991330146789551 -0.5358660221099854
0.1579629927873611 0.5174850225448608 -0.5675780177116394
0.1650030016899109 0.4378269910812378 -0.5928729772567749
0.1696639955043793 0.3608300089836121 -0.609620988368988
0.1713490039110184 0.2871580123901367 -0.6156769990921021
0.263276994228363 0.6821119785308838 -0.4482600092887878
0.2822299897670746 0.5991330146789551 -0.4805299937725067
0.2989310026168823 0.5174850225448608 -0.5089690089225769
0.312254011631012 0.4378269910812378 -0.5316510200500488
0.3210740089416504 0.3608300089836121 -0.5466690063476562
0.3242650032043457 0.2871580123901367 -0.5521000027656555
0.3678590059280396 0.6821119785308838 -0.3678590059280396
0.394340991973877 0.5991330146789551 -0.394340991973877
0.4176749885082245 0.5174810290336609 -0.4176749885082245
0.4362919926643372 0.4378269910812378 -0.4362919926643372
0.4486140012741089 0.3608300089836121 -0.4486140012741089
0.4530720114707947 0.2871580123901367 -0.4530720114707947
0.4482600092887878 0.6821119785308838 -0.263276994228363
0.4805299937725067 0.5991330146789551 -0.2822299897670746
0.5089690089225769 0.5174850225448608 -0.2989310026168823
0.5316510200500488 0.4378269910812378 -0.312254011631012
0.5466690063476562 0.3608300089836121 -0.3210749924182892
0.5521000027656555 0.2871580123901367 -0.3242650032043457
0.4998809993267059 0.6821119785308838 -0.1391219943761826
0.5358650088310242 0.5991330146789551 -0.1491370052099228
0.5675780177116394 0.5174810290336609 -0.1579629927873611
0.5757709741592407 0.1666229963302612 0.1602430045604706
0.5583630204200745 0.122639998793602 0
0.5387179851531982 0.122639998793602 0.1499309986829758
0.5199570059776306 0.08862899988889694 0
0.501662015914917 0.08862899988889694 0.139617994427681
0.4904150068759918 0.06392399966716766 0
0.4731599986553192 0.06392399966716766 0.1316850036382675
0.4785960018634796 0.04786000028252602 0
0.4617559909820557 0.04786000028252602 0.1285119950771332
0.5418769717216492 0.2212399989366531 0.3182590007781982
0.5163170099258423 0.1666229963302612 0.3032470047473907
0.4830859899520874 0.122639998793602 0.2837310135364532
0.4498580098152161 0.08862899988889694 0.2642149925231934
0.4242990016937256 0.06392399966716766 0.2492029964923859
0.4140760004520416 0.04786000028252602 0.2431980073451996
0.4446800053119659 0.2212399989366531 0.4446800053119659
0.4237050116062164 0.1666229963302612 0.4237050116062164
0.3964380025863647 0.122639998793602 0.3964380025863647
0.3691709935665131 0.08862899988889694 0.3691709935665131
0.3481949865818024 0.06392399966716766 0.3481949865818024
0.339803010225296 0.04786000028252602 0.3398039937019348
0.3182590007781982 0.2212399989366531 0.5418769717216492
0.3032470047473907 0.1666229963302612 0.5163170099258423
0.2837310135364532 0.122639998793602 0.4830859899520874
0.2642149925231934 0.08862899988889694 0.4498589932918549
0.2492029964923859 0.06392399966716766 0.4242979884147644
0.2431980073451996 0.04786000028252602 0.4140760004520416
0.168175995349884 0.2212399989366531 0.6042760014533997
0.1602430045604706 0.1666229963302612 0.5757709741592407
0.1499309986829758 0.122639998793602 0.5387179851531982
0.139617994427681 0.08862899988889694 0.501662015914917
0.1316850036382675 0.06392399966716766 0.4731599986553192
0.1285119950771332 0.04786000028252602 0.4617570042610168
0 0.2212399989366531 0.6263110041618347
0 0.1666229963302612 0.5967689752578735
0 0.122639998793602 0.5583630204200745
0 0.08862899988889694 0.5199570059776306
0 0.06392399966716766 0.4904150068759918
0 0.04786000028252602 0.4785969853401184
-0.168176993727684 0.2212399989366531 0.6042760014533997
-0.1602440029382706 0.1666229963302612 0.5757709741592407
-0.1499309986829758 0.122639998793602 0.5387179851531982
-0.139617994427681 0.08862899988889694 0.501662015914917
-0.1316860020160675 0.06392399966716766 0.4731599986553192
-0.1285129934549332 0.04786000028252602 0.4617570042610168
-0.3182590007781982 0.2212399989366531 0.5418769717216492
-0.3032470047473907 0.1666229963302612 0.5163170099258423
-0.2837310135364532 0.122639998793602 0.4830859899520874
-0.2642149925231934 0.08862899988889694 0.4498589932918549
-0.2492029964923859 0.06392399966716766 0.4242979884147644
-0.2431980073451996 0.04786000028252602 0.4140760004520416
-0.4446800053119659 0.2212399989366531 0.4446800053119659
-0.4237050116062164 0.1666229963302612 0.4237050116062164
-0.3964380025863647 0.122639998793602 0.3964380025863647
-0.3691709935665131 0.08862899988889694 0.3691709935665131
-0.3481959998607635 0.06392399966716766 0.3481949865818024
-0.3398039937019348 0.04786000028252602 0.3398039937019348
-0.5418769717216492 0.2212399989366531 0.3182590007781982
-0.5163170099258423 0.1666229963302612 0.3032470047473907
-0.4830870032310486 0.122639998793602 0.2837310135364532
-0.4498589932918549 0.08862899988889694 0.2642149925231934
-0.4242990016937256 0.06392399966716766 0.2492029964923859
-0.4140760004520416 0.04786000028252602 0.2431980073451996
-0.6042770147323608 0.2212399989366531 0.168175995349884
-0.5387179851531982 0.122639998793602 0.1499309986829758
-0.501662015914917 0.08862899988889694 0.139617994427681
-0.4731599986553192 0.06392399966716766 0.1316850036382675
-0.4617570042610168 0.04786000028252602 0.1285119950771332
-0.5967689752578735 0.1666229963302612 0
-0.5583630204200745 0.122639998793602 0
-0.5199570059776306 0.08862899988889694 0
-0.4904150068759918 0.06392399966716766 0
-0.4785969853401184 0.04786000028252602 0
-0.5757709741592407 0.1666229963302612 -0.1602430045604706
-0.5387179851531982 0.122639998793602 -0.1499309986829758
-0.501662015914917 0.08862899988889694 -0.139617994427681
-0.4731599986553192 0.06392399966716766 -0.1316850036382675
-0.4617570042610168 0.04786000028252602 -0.1285119950771332
-0.5418769717216492 0.2212399989366531 -0.3182590007781982
-0.5163170099258423 0.1666229963302612 -0.3032470047473907
-0.4830870032310486 0.122639998793602 -0.2837310135364532
-0.4498589932918549 0.08862899988889694 -0.2642149925231934
-0.4242990016937256 0.06392399966716766 -0.2492029964923859
-0.4140760004520416 0.04786000028252602 -0.2431980073451996
-0.4446800053119659 0.2212399989366531 -0.4446800053119659
-0.4237050116062164 0.1666229963302612 -0.4237050116062164
-0.3964380025863647 0.122639998793602 -0.3964380025863647
-0.3691709935665131 0.08862899988889694 -0.3691709935665131
-0.3481959998607635 0.06392399966716766 -0.3481949865818024
-0.3398039937019348 0.04786000028252602 -0.3398039937019348
-0.3182590007781982 0.2212399989366531 -0.5418769717216492
-0.3032470047473907 0.1666229963302612 -0.5163170099258423
-0.2837310135364532 0.122639998793602 -0.4830859899520874
-0.2642149925231934 0.08862899988889694 -0.4498589932918549
-0.2492029964923859 0.06392399966716766 -0.4242979884147644
-0.2431980073451996 0.04786000028252602 -0.4140760004520416
-0.168176993727684 0.2212399989366531 -0.6042760014533997
-0.1602440029382706 0.1666229963302612 -0.5757709741592407
-0.1499309986829758 0.122639998793602 -0.5387179851531982
-0.139617994427681 0.08862899988889694 -0.501662015914917
-0.1316860020160675 0.06392399966716766 -0.4731599986553192
-0.1285129934549332 0.04786000028252602 -0.4617570042610168
0 0.2212399989366531 -0.6263110041618347
0 0.1666229963302612 -0.5967689752578735
0 0.122639998793602 -0.5583630204200745
0 0.08862899988889694 -0.5199570059776306
0 0.06392399966716766 -0.4904150068759918
0 0.04786000028252602 -0.4785969853401184
0.168175995349884 0.2212399989366531 -0.6042760014533997
0.1602430045604706 0.1666229963302612 -0.5757709741592407
0.1499309986829758 0.122639998793602 -0.5387179851531982
0.139617994427681 0.08862899988889694 -0.501662015914917
0.1316850036382675 0.06392399966716766 -0.4731599986553192
0.1285119950771332 0.04786000028252602 -0.4617570042610168
0.3182590007781982 0.2212399989366531 -0.5418769717216492
0.3032470047473907 0.1666229963302612 -0.5163170099258423
0.2837310135364532 0.122639998793602 -0.4830859899520874
0.2642149925231934 0.08862899988889694 -0.4498589932918549
0.2492029964923859 0.06392399966716766 -0.4242979884147644
0.2431980073451996 0.04786000028252602 -0.4140760004520416
0.4446800053119659 0.2212399989366531 -0.4446800053119659
0.4237050116062164 0.1666229963302612 -0.4237050116062164
0.3964380025863647 0.122639998793602 -0.3964380025863647
0.3691709935665131 0.08862899988889694 -0.3691709935665131
0.3481949865818024 0.06392399966716766 -0.3481949865818024
0.339803010225296 0.04786000028252602 -0.3398039937019348
0.5418769717216492 0.2212399989366531 -0.3182590007781982
0.5163170099258423 0.1666229963302612 -0.3032470047473907
0.4830859899520874 0.122639998793602 -0.2837310135364532
0.4498580098152161 0.08862899988889694 -0.2642149925231934
0.4242990016937256 0.06392399966716766 -0.2492029964923859
0.4140760004520416 0.04786000028252602 -0.2431980073451996
0.6042760014533997 0.2212399989366531 -0.168175995349884
0.5757709741592407 0.1666229963302612 -0.1602430045604706
0.5387179851531982 0.122639998793602 -0.1499309986829758
0.501662015914917 0.08862899988889694 -0.139617994427681
0.4731599986553192 0.06392399966716766 -0.1316850036382675
0.4617559909820557 0.04786000028252602 -0.1285119950771332
0.1933220028877258 0.001883000019006431 0
0 0 0
0.1865199953317642 0.001883000019006431 -0.05191100016236305
0.3261539936065674 0.007089999970048666 0
0.3146789968013763 0.007089999970048666 -0.08757899701595306
0.4097970128059387 0.01495600026100874 0
0.3953779935836792 0.01495600026100874 -0.1100379973649979
0.4555540084838867 0.0248160008341074 0
0.4395239949226379 0.0248160008341074 -0.1223250031471252
0.4747200012207031 0.03600500151515007 0
0.4580169916152954 0.03600500151515007 -0.127470999956131
0.1672589927911758 0.001883000019006431 -0.09823600202798843
0.2821840047836304 0.007089999970048666 -0.1657350063323975
0.3545509874820709 0.01495600026100874 -0.2082380056381226
0.3941369950771332 0.0248160008341074 -0.2314890027046204
0.4107190072536469 0.03600500151515007 -0.241227999329567
0.137257993221283 0.001883000019006431 -0.1372590065002441
0.2315700054168701 0.007089999970048666 -0.2315700054168701
0.2909570038318634 0.01495600026100874 -0.2909570038318634
0.3234420120716095 0.0248160008341074 -0.3234420120716095
0.3370499908924103 0.03600500151515007 -0.3370499908924103
0.09823600202798843 0.001883000019006431 -0.1672589927911758
0.1657350063323975 0.007089999970048666 -0.2821849882602692
0.2082380056381226 0.01495600026100874 -0.3545509874820709
0.2314890027046204 0.0248160008341074 -0.3941369950771332
0.241227000951767 0.03600500151515007 -0.4107190072536469
0.05191000178456306 0.001883000019006431 -0.1865199953317642
0.08757899701595306 0.007089999970048666 -0.3146789968013763
0.1100379973649979 0.01495600026100874 -0.3953779935836792
0.1223239973187447 0.0248160008341074 -0.4395239949226379
0.127470999956131 0.03600500151515007 -0.4580169916152954
0 0.001883000019006431 -0.1933220028877258
0 0.007089999970048666 -0.3261539936065674
0 0.01495600026100874 -0.4097970128059387
0 0.0248160008341074 -0.4555540084838867
0 0.03600500151515007 -0.4747200012207031
-0.05191100016236305 0.001883000019006431 -0.1865199953317642
-0.08757899701595306 0.007089999970048666 -0.3146789968013763
-0.1100379973649979 0.01495600026100874 -0.3953779935836792
-0.1223250031471252 0.0248160008341074 -0.4395239949226379
-0.127470999956131 0.03600500151515007 -0.4580169916152954
-0.09823700040578842 0.001883000019006431 -0.1672589927911758
-0.1657350063323975 0.007089999970048666 -0.2821849882602692
-0.2082390040159225 0.01495600026100874 -0.3545509874820709
-0.2314890027046204 0.0248160008341074 -0.3941369950771332
-0.241227999329567 0.03600500151515007 -0.4107190072536469
-0.1372590065002441 0.001883000019006431 -0.1372590065002441
-0.2315700054168701 0.007089999970048666 -0.2315700054168701
-0.2909570038318634 0.01495600026100874 -0.2909570038318634
-0.3234420120716095 0.0248160008341074 -0.3234420120716095
-0.3370510041713715 0.03600500151515007 -0.3370499908924103
-0.1672589927911758 0.001883000019006431 -0.09823600202798843
-0.2821840047836304 0.007089999970048666 -0.1657350063323975
-0.3545509874820709 0.01495600026100874 -0.2082380056381226
-0.3941369950771332 0.0248160008341074 -0.2314890027046204
-0.4107190072536469 0.03600500151515007 -0.241227999329567
-0.1865199953317642 0.001883000019006431 -0.05191100016236305
-0.3146789968013763 0.007089999970048666 -0.08757899701595306
-0.3953779935836792 0.01495600026100874 -0.1100379973649979
-0.4395239949226379 0.0248160008341074 -0.1223250031471252
-0.4580169916152954 0.03600500151515007 -0.127470999956131
-0.1933230012655258 0.001883000019006431 0
-0.3261550068855286 0.007089999970048666 0
-0.4097970128059387 0.01495600026100874 0
-0.4555540084838867 0.0248160008341074 0
-0.4747210144996643 0.03600500151515007 0
-0.1865199953317642 0.001883000019006431 0.05191100016236305
-0.3146789968013763 0.007089999970048666 0.08757899701595306
-0.3953779935836792 0.01495600026100874 0.1100379973649979
-0.4395239949226379 0.0248160008341074 0.1223250031471252
-0.4580169916152954 0.03600500151515007 0.127470999956131
-0.1672589927911758 0.001883000019006431 0.09823600202798843
-0.2821840047836304 0.007089999970048666 0.1657350063323975
-0.3545509874820709 0.01495600026100874 0.2082380056381226
-0.3941369950771332 0.0248160008341074 0.2314890027046204
-0.4107190072536469 0.03600500151515007 0.241227999329567
-0.1372590065002441 0.001883000019006431 0.1372590065002441
-0.2315700054168701 0.007089999970048666 0.2315700054168701
-0.2909570038318634 0.01495600026100874 0.2909570038318634
-0.3234420120716095 0.0248160008341074 0.3234420120716095
-0.3370510041713715 0.03600500151515007 0.3370499908924103
-0.09823700040578842 0.001883000019006431 0.1672589927911758
-0.1657350063323975 0.007089999970048666 0.2821849882602692
-0.2082390040159225 0.01495600026100874 0.3545509874820709
-0.2314890027046204 0.0248160008341074 0.3941369950771332
-0.241227999329567 0.03600500151515007 0.4107190072536469
-0.05191100016236305 0.001883000019006431 0.1865199953317642
-0.08757899701595306 0.007089999970048666 0.3146789968013763
-0.1100379973649979 0.01495600026100874 0.3953779935836792
-0.1223250031471252 0.0248160008341074 0.4395239949226379
-0.127470999956131 0.03600500151515007 0.4580169916152954
0 0.001883000019006431 0.1933220028877258
0 0.007089999970048666 0.3261539936065674
0 0.01495600026100874 0.4097970128059387
0 0.0248160008341074 0.4555540084838867
0 0.03600500151515007 0.4747200012207031
0.05191000178456306 0.001883000019006431 0.1865199953317642
0.08757899701595306 0.007089999970048666 0.3146789968013763
0.1100379973649979 0.01495600026100874 0.3953779935836792
0.1223239973187447 0.0248160008341074 0.4395239949226379
0.127470999956131 0.03600500151515007 0.4580169916152954
0.09823600202798843 0.001883000019006431 0.1672589927911758
0.1657350063323975 0.007089999970048666 0.2821849882602692
0.2082380056381226 0.01495600026100874 0.3545509874820709
0.2314890027046204 0.0248160008341074 0.3941369950771332
0.241227000951767 0.03600500151515007 0.4107190072536469
0.137257993221283 0.001883000019006431 0.1372590065002441
0.2315700054168701 0.007089999970048666 0.2315700054168701
0.2909570038318634 0.01495600026100874 0.2909570038318634
0.3234420120716095 0.0248160008341074 0.3234420120716095
0.3370499908924103 0.03600500151515007 0.3370499908924103
0.1672589927911758 0.001883000019006431 0.09823600202798843
0.2821840047836304 0.007089999970048666 0.1657350063323975
0.3545509874820709 0.01495600026100874 0.2082380056381226
0.3941369950771332 0.0248160008341074 0.2314890027046204
0.4107190072536469 0.03600500151515007 0.241227999329567
0.1865199953317642 0.001883000019006431 0.05191100016236305
0.3146789968013763 0.007089999970048666 0.08757899701595306
0.3953779935836792 0.01495600026100874 0.1100379973649979
0.4395239949226379 0.0248160008341074 0.1223250031471252
0.4580169916152954 0.03600500151515007 0.127470999956131
-0.2301979959011078 0.7500090003013611 0.3919390141963959
-0.3216390013694763 0.7500090003013611 0.3216390013694763
0 0.7500090003013611 -0.4530119895935059
0.1216420009732246 0.7500090003013611 -0.4370720088481903
0.3919390141963959 0.7500090003013611 -0.2301969975233078
-0.4370729923248291 0.7500090003013611 0.1216420009732246
0.4530110061168671 0.7500090003013611 0
-0.4530119895935059 0.7500090003013611 0
0.06381300091743469 0.8614739775657654 0
0.05465399846434593 0.8887289762496948 0
0.05273399874567986 0.8887289762496948 0.0146909998729825
0.0615679994225502 0.8614739775657654 0.01713499985635281
0.04729599878191948 0.8887289762496948 0.02779199928045273
0.05521000176668167 0.8614739775657654 0.03242700174450874
0.03882100060582161 0.8887289762496948 0.03882100060582161
0.04530699923634529 0.8614739775657654 0.04530699923634529
0.02779199928045273 0.8887289762496948 0.04729599878191948
0.03242599964141846 0.8614739775657654 0.05521000176668167
0.0146909998729825 0.8887289762496948 0.05273500084877014
0.01713499985635281 0.8614739775657654 0.0615679994225502
0 0.8887289762496948 0.05465399846434593
0 0.8614739775657654 0.06381300091743469
-0.0146909998729825 0.8887289762496948 0.05273500084877014
-0.01713499985635281 0.8614739775657654 0.0615679994225502
-0.02779299952089787 0.8887289762496948 0.04729599878191948
-0.03242700174450874 0.8614739775657654 0.05521000176668167
-0.03882100060582161 0.8887289762496948 0.03882100060582161
-0.04530699923634529 0.8614739775657654 0.04530699923634529
-0.04729599878191948 0.8887289762496948 0.02779199928045273
-0.05521000176668167 0.8614739775657654 0.03242700174450874
-0.05273500084877014 0.8887289762496948 0.0146909998729825
-0.0615679994225502 0.8614739775657654 0.01713499985635281
-0.05465500056743622 0.8887289762496948 0
-0.06381300091743469 0.8614739775657654 0
-0.05273500084877014 0.8887289762496948 -0.0146909998729825
-0.0615679994225502 0.8614739775657654 -0.01713499985635281
-0.04729599878191948 0.8887289762496948 -0.02779199928045273
-0.05521000176668167 0.8614739775657654 -0.03242700174450874
-0.03882100060582161 0.8887289762496948 -0.03882100060582161
-0.04530699923634529 0.8614739775657654 -0.04530699923634529
-0.02779299952089787 0.8887289762496948 -0.04729599878191948
-0.03242700174450874 0.8614739775657654 -0.05521000176668167
-0.0146909998729825 0.8887289762496948 -0.05273500084877014
-0.01713499985635281 0.8614739775657654 -0.0615679994225502
0 0.8887289762496948 -0.05465399846434593
0 0.8614739775657654 -0.06381300091743469
0.0146909998729825 0.8887289762496948 -0.05273500084877014
0.01713499985635281 0.8614739775657654 -0.0615679994225502
0.02779199928045273 0.8887289762496948 -0.04729599878191948
0.03242599964141846 0.8614739775657654 -0.05521000176668167
0.03882100060582161 0.8887289762496948 -0.03882100060582161
0.04530699923634529 0.8614739775657654 -0.04530699923634529
0.04729599878191948 0.8887289762496948 -0.02779199928045273
0.05521000176668167 0.8614739775657654 -0.03242700174450874
0.05273399874567986 0.8887289762496948 -0.0146909998729825
0.0615679994225502 0.8614739775657654 -0.01713499985635281
0.1119680032134056 0.8410890102386475 0
0.1080280020833015 0.8410890102386475 0.03006500005722046
0.1831669956445694 0.8260229825973511 0
0.1767220050096512 0.8260229825973511 0.04918399825692177
0.2632279992103577 0.8136150240898132 0
0.2539660036563873 0.8136150240898132 0.07068199664354324
0.3379719853401184 0.8012059926986694 0
0.3260810077190399 0.8012059926986694 0.09075199812650681
0.3932180106639862 0.7861400246620178 0
0.3793799877166748 0.7861400246620178 0.1055859997868538
0.4147840142250061 0.7657549977302551 0
0.400189995765686 0.7657549977302551 0.1113770008087158
0.09687300026416779 0.8410890102386475 0.05689600110054016
0.1584729999303818 0.8260229825973511 0.09307599812746048
0.227741003036499 0.8136150240898132 0.133759006857872
0.2924079895019531 0.8012059926986694 0.1717399954795837
0.3402059972286224 0.7861400246620178 0.1998129934072495
0.3588649928569794 0.7657549977302551 0.2107719928026199
0.07949700206518173 0.8410890102386475 0.07949700206518173
0.130048006772995 0.8260229825973511 0.130048006772995
0.1868920028209686 0.8136150240898132 0.1868920028209686
0.2399599999189377 0.8012059926986694 0.2399599999189377
0.2791840136051178 0.7861400246620178 0.2791840136051178
0.294497013092041 0.7657549977302551 0.294497013092041
0.05689600110054016 0.8410890102386475 0.09687300026416779
0.09307599812746048 0.8260229825973511 0.1584729999303818
0.133759006857872 0.8136150240898132 0.227741003036499
0.1717399954795837 0.8012059926986694 0.2924079895019531
0.1998129934072495 0.7861400246620178 0.3402059972286224
0.2107719928026199 0.7657549977302551 0.3588649928569794
0.03006500005722046 0.8410890102386475 0.1080290004611015
0.04918399825692177 0.8260229825973511 0.1767220050096512
0.07068199664354324 0.8136150240898132 0.2539660036563873
0.09075199812650681 0.8012059926986694 0.3260810077190399
0.1055859997868538 0.7861400246620178 0.379381000995636
0.1113770008087158 0.7657549977302551 0.400189995765686
0 0.8410890102386475 0.1119680032134056
0 0.8260229825973511 0.1831669956445694
0 0.8136150240898132 0.2632279992103577
0 0.8012059926986694 0.3379719853401184
0 0.7861400246620178 0.3932180106639862
0 0.7657549977302551 0.4147840142250061
-0.0300660002976656 0.8410890102386475 0.1080290004611015
-0.04918399825692177 0.8260229825973511 0.1767220050096512
-0.07068199664354324 0.8136150240898132 0.2539660036563873
-0.09075199812650681 0.8012059926986694 0.3260810077190399
-0.1055859997868538 0.7861400246620178 0.379381000995636
-0.1113770008087158 0.7657549977302551 0.400189995765686
-0.05689600110054016 0.8410890102386475 0.09687300026416779
-0.09307599812746048 0.8260229825973511 0.1584729999303818
-0.133759006857872 0.8136150240898132 0.227741003036499
-0.1717399954795837 0.8012059926986694 0.2924079895019531
-0.1998129934072495 0.7861400246620178 0.3402059972286224
-0.2107719928026199 0.7657549977302551 0.3588649928569794
-0.07949700206518173 0.8410890102386475 0.07949700206518173
-0.130049005150795 0.8260229825973511 0.130048006772995
-0.1868920028209686 0.8136150240898132 0.1868920028209686
-0.2399599999189377 0.8012059926986694 0.2399599999189377
-0.2791849970817566 0.7861400246620178 0.2791840136051178
-0.294497013092041 0.7657549977302551 0.294497013092041
-0.09687300026416779 0.8410890102386475 0.05689600110054016
-0.1584729999303818 0.8260229825973511 0.09307599812746048
-0.227741003036499 0.8136150240898132 0.133759006857872
-0.2924079895019531 0.8012059926986694 0.1717399954795837
-0.3402059972286224 0.7861400246620178 0.1998129934072495
-0.3588649928569794 0.7657549977302551 0.2107719928026199
-0.1080290004611015 0.8410890102386475 0.03006500005722046
-0.1767220050096512 0.8260229825973511 0.04918399825692177
-0.2539660036563873 0.8136150240898132 0.07068199664354324
-0.3260810077190399 0.8012059926986694 0.09075199812650681
-0.379381000995636 0.7861400246620178 0.1055859997868538
-0.400189995765686 0.7657549977302551 0.1113770008087158
-0.1119680032134056 0.8410890102386475 0
-0.1831669956445694 0.8260229825973511 0
-0.2632279992103577 0.8136150240898132 0
-0.3379719853401184 0.8012059926986694 0
-0.393218994140625 0.7861400246620178 0
-0.4147840142250061 0.7657549977302551 0
-0.1080290004611015 0.8410890102386475 -0.03006500005722046
-0.1767220050096512 0.8260229825973511 -0.04918399825692177
-0.2539660036563873 0.8136150240898132 -0.07068199664354324
-0.3260810077190399 0.8012059926986694 -0.09075199812650681
-0.379381000995636 0.7861400246620178 -0.1055859997868538
-0.400189995765686 0.7657549977302551 -0.1113770008087158
-0.09687300026416779 0.8410890102386475 -0.05689600110054016
-0.1584729999303818 0.8260229825973511 -0.09307599812746048
-0.227741003036499 0.8136150240898132 -0.133759006857872
-0.2924079895019531 0.8012059926986694 -0.1717399954795837
-0.3402059972286224 0.7861400246620178 -0.1998129934072495
-0.3588649928569794 0.7657549977302551 -0.2107719928026199
-0.07949700206518173 0.8410890102386475 -0.07949700206518173
-0.130049005150795 0.8260229825973511 -0.130048006772995
-0.1868920028209686 0.8136150240898132 -0.1868920028209686
-0.2399599999189377 0.8012059926986694 -0.2399599999189377
-0.2791849970817566 0.7861400246620178 -0.2791840136051178
-0.294497013092041 0.7657549977302551 -0.294497013092041
-0.05689600110054016 0.8410890102386475 -0.09687300026416779
-0.09307599812746048 0.8260229825973511 -0.1584729999303818
-0.133759006857872 0.8136150240898132 -0.227741003036499
-0.1717399954795837 0.8012059926986694 -0.2924079895019531
-0.1998129934072495 0.7861400246620178 -0.3402059972286224
-0.2107719928026199 0.7657549977302551 -0.3588649928569794
-0.0300660002976656 0.8410890102386475 -0.1080290004611015
-0.04918399825692177 0.8260229825973511 -0.1767220050096512
-0.07068199664354324 0.8136150240898132 -0.2539660036563873
-0.09075199812650681 0.8012059926986694 -0.3260810077190399
-0.1055859997868538 0.7861400246620178 -0.379381000995636
-0.1113770008087158 0.7657549977302551 -0.400189995765686
0 0.8410890102386475 -0.1119680032134056
0 0.8260229825973511 -0.1831669956445694
0 0.8136150240898132 -0.2632279992103577
0 0.8012059926986694 -0.3379719853401184
0 0.7861400246620178 -0.3932180106639862
0 0.7657549977302551 -0.4147840142250061
0.03006500005722046 0.8410890102386475 -0.1080290004611015
0.04918399825692177 0.8260229825973511 -0.1767220050096512
0.07068199664354324 0.8136150240898132 -0.2539660036563873
0.09075199812650681 0.8012059926986694 -0.3260810077190399
0.1055859997868538 0.7861400246620178 -0.379381000995636
0.1113770008087158 0.7657549977302551 -0.400189995765686
0.05689600110054016 0.8410890102386475 -0.09687300026416779
0.09307599812746048 0.8260229825973511 -0.1584729999303818
0.133759006857872 0.8136150240898132 -0.227741003036499
0.1717399954795837 0.8012059926986694 -0.2924079895019531
0.1998129934072495 0.7861400246620178 -0.3402059972286224
0.2107719928026199 0.7657549977302551 -0.3588649928569794
0.07949700206518173 0.8410890102386475 -0.07949700206518173
0.130048006772995 0.8260229825973511 -0.130048006772995
0.1868920028209686 0.8136150240898132 -0.1868920028209686
0.2399599999189377 0.8012059926986694 -0.2399599999189377
0.2791840136051178 0.7861400246620178 -0.2791840136051178
0.294497013092041 0.7657549977302551 -0.294497013092041
0.09687300026416779 0.8410890102386475 -0.05689600110054016
0.1584729999303818 0.8260229825973511 -0.09307599812746048
0.227741003036499 0.8136150240898132 -0.133759006857872
0.2924079895019531 0.8012059926986694 -0.1717399954795837
0.3402059972286224 0.7861400246620178 -0.1998129934072495
0.3588649928569794 0.7657549977302551 -0.2107719928026199
0.1080280020833015 0.8410890102386475 -0.03006500005722046
0.1767220050096512 0.8260229825973511 -0.04918399825692177
0.2539660036563873 0.8136150240898132 -0.07068199664354324
0.3260810077190399 0.8012059926986694 -0.09075199812650681
0.3793799877166748 0.7861400246620178 -0.1055859997868538
0.400189995765686 0.7657549977302551 -0.1113770008087158
0.08892399817705154 0.9977409839630127 0
0 1.005053997039795 0
0.08581099659204483 0.9977409839630127 0.02395500056445599
0.1158090010285378 0.9784659743309021 0
0.1117540001869202 0.9784659743309021 0.03119499981403351
0.1036960035562515 0.9512109756469727 0
0.1000640019774437 0.9512109756469727 0.02792700007557869
0.07563000172376633 0.9199690222740173 0
0.07297900319099426 0.9199690222740173 0.02035699971020222
0.07698500156402588 0.9977409839630127 0.04528500139713287
0.1002589985728264 0.9784659743309021 0.0589740015566349
0.08976899832487106 0.9512109756469727 0.05279900133609772
0.06546600162982941 0.9199690222740173 0.03849399834871292
0.06321900337934494 0.9977409839630127 0.06321900337934494
0.08233000338077545 0.9784659743309021 0.08233000338077545
0.0737140029668808 0.9512109756469727 0.0737140029668808
0.05375099927186966 0.9199690222740173 0.05375099927186966
0.04528500139713287 0.9977409839630127 0.07698599994182587
0.0589740015566349 0.9784659743309021 0.1002589985728264
0.05279900133609772 0.9512109756469727 0.08976899832487106
0.03849399834871292 0.9199690222740173 0.06546600162982941
0.02395500056445599 0.9977409839630127 0.08581099659204483
0.03119499981403351 0.9784659743309021 0.1117540001869202
0.02792700007557869 0.9512109756469727 0.1000640019774437
0.02035699971020222 0.9199690222740173 0.07297900319099426
0 0.9977409839630127 0.08892499655485153
0 0.9784659743309021 0.1158090010285378
0 0.9512109756469727 0.1036960035562515
0 0.9199690222740173 0.07563000172376633
-0.02395500056445599 0.9977409839630127 0.08581099659204483
-0.03119499981403351 0.9784659743309021 0.1117540001869202
-0.02792700007557869 0.9512109756469727 0.1000640019774437
-0.02035699971020222 0.9199690222740173 0.07297900319099426
-0.04528500139713287 0.9977409839630127 0.07698599994182587
-0.0589740015566349 0.9784659743309021 0.1002589985728264
-0.05279900133609772 0.9512109756469727 0.08976899832487106
-0.03849399834871292 0.9199690222740173 0.06546600162982941
-0.06322000175714493 0.9977409839630127 0.06321900337934494
-0.08233100175857544 0.9784659743309021 0.08233000338077545
-0.0737140029668808 0.9512109756469727 0.0737140029668808
-0.05375099927186966 0.9199690222740173 0.05375099927186966
-0.07698599994182587 0.9977409839630127 0.04528500139713287
-0.1002589985728264 0.9784659743309021 0.0589740015566349
-0.08976999670267105 0.9512109756469727 0.05279900133609772
-0.06546600162982941 0.9199690222740173 0.03849399834871292
-0.08581099659204483 0.9977409839630127 0.02395500056445599
-0.1117540001869202 0.9784659743309021 0.03119499981403351
-0.1000640019774437 0.9512109756469727 0.02792700007557869
-0.07297900319099426 0.9199690222740173 0.02035699971020222
-0.08892499655485153 0.9977409839630127 0
-0.1158090010285378 0.9784659743309021 0
-0.1036960035562515 0.9512109756469727 0
-0.07563000172376633 0.9199690222740173 0
-0.08581099659204483 0.9977409839630127 -0.02395500056445599
-0.1117540001869202 0.9784659743309021 -0.03119499981403351
-0.1000640019774437 0.9512109756469727 -0.02792700007557869
-0.07297900319099426 0.9199690222740173 -0.02035699971020222
-0.07698599994182587 0.9977409839630127 -0.04528500139713287
-0.1002589985728264 0.9784659743309021 -0.0589740015566349
-0.08976999670267105 0.9512109756469727 -0.05279900133609772
-0.06546600162982941 0.9199690222740173 -0.03849399834871292
-0.06322000175714493 0.9977409839630127 -0.06321900337934494
-0.08233100175857544 0.9784659743309021 -0.08233000338077545
-0.0737140029668808 0.9512109756469727 -0.0737140029668808
-0.05375099927186966 0.9199690222740173 -0.05375099927186966
-0.04528500139713287 0.9977409839630127 -0.07698599994182587
-0.0589740015566349 0.9784659743309021 -0.1002589985728264
-0.05279900133609772 0.9512109756469727 -0.08976899832487106
-0.03849399834871292 0.9199690222740173 -0.06546600162982941
-0.02395500056445599 0.9977409839630127 -0.08581099659204483
-0.03119499981403351 0.9784659743309021 -0.1117540001869202
-0.02792700007557869 0.9512109756469727 -0.1000640019774437
-0.02035699971020222 0.9199690222740173 -0.07297900319099426
0 0.9977409839630127 -0.08892499655485153
0 0.9784659743309021 -0.1158090010285378
0 0.9512109756469727 -0.1036960035562515
0 0.9199690222740173 -0.07563000172376633
0.02395500056445599 0.9977409839630127 -0.08581099659204483
0.03119499981403351 0.9784659743309021 -0.1117540001869202
0.02792700007557869 0.9512109756469727 -0.1000640019774437
0.02035699971020222 0.9199690222740173 -0.07297900319099426
0.04528500139713287 0.9977409839630127 -0.07698599994182587
0.0589740015566349 0.9784659743309021 -0.1002589985728264
0.05279900133609772 0.9512109756469727 -0.08976899832487106
0.03849399834871292 0.9199690222740173 -0.06546600162982941
0.06321900337934494 0.9977409839630127 -0.06321900337934494
0.08233000338077545 0.9784659743309021 -0.08233000338077545
0.0737140029668808 0.9512109756469727 -0.0737140029668808
0.05375099927186966 0.9199690222740173 -0.05375099927186966
0.07698500156402588 0.9977409839630127 -0.04528500139713287
0.1002589985728264 0.9784659743309021 -0.0589740015566349
0.08976899832487106 0.9512109756469727 -0.05279900133609772
0.06546600162982941 0.9199690222740173 -0.03849399834871292
0.08581099659204483 0.9977409839630127 -0.02395500056445599
0.1117540001869202 0.9784659743309021 -0.03119499981403351
0.1000640019774437 0.9512109756469727 -0.02792700007557869
0.07297900319099426 0.9199690222740173 -0.02035699971020222
-0.4149520099163055 0.7508059740066528 -0.1154860034584999
0.1154860034584999 0.7508059740066528 0.4149520099163055
0.4149520099163055 0.7508059740066528 0.1154860034584999
0.2185470014810562 0.7508059740066528 0.3721030056476593
-0.2185470014810562 0.7508059740066528 -0.3721030056476593
-0.4300850033760071 0.7508059740066528 0
-0.2185470014810562 0.7508059740066528 0.3721030056476593
0.4300850033760071 0.7508059740066528 0
-0.3721030056476593 0.7508059740066528 0.2185470014810562
-0.1154860034584999 0.7508059740066528 -0.4149520099163055
0 0.7508059740066528 -0.4300850033760071
-0.4149520099163055 0.7508059740066528 0.1154860034584999
0.1154860034584999 0.7508059740066528 -0.4149520099163055
0 0.7508059740066528 0.4300850033760071
-0.3721030056476593 0.7508059740066528 -0.2185470014810562
0.3721030056476593 0.7508059740066528 -0.2185470014810562
-0.1154860034584999 0.7508059740066528 0.4149520099163055
0.3721030056476593 0.7508059740066528 0.2185470014810562
0.4149520099163055 0.7508059740066528 -0.1154860034584999
0.2185470014810562 0.7508059740066528 -0.3721030056476593
0.4370729923248291 0.7500090003013611 -0.1216420009732246
-0.3053599894046783 0.7508059740066528 0.3053599894046783
0.6194270253181458 0.283145010471344 -0.1372359991073608
0.617684006690979 0.2359299957752228 -0.08594100177288055
0.6194270253181458 0.283145010471344 0.1372359991073608
0.617684006690979 0.2359299957752228 0.08594100177288055
-0.4370729923248291 0.7500090003013611 -0.1216420009732246
0.3919390141963959 0.7500090003013611 0.2301969975233078
0.3216379880905151 0.7500090003013611 0.3216390013694763
0.1216420009732246 0.7500090003013611 0.4370720088481903
0.2301969975233078 0.7500090003013611 0.3919399976730347
0 0.7500090003013611 0.4530119895935059
0.3216379880905151 0.7500090003013611 -0.3216390013694763
-0.1216420009732246 0.7500090003013611 -0.4370720088481903
0.4370729923248291 0.7500090003013611 0.1216420009732246
-0.3919399976730347 0.7500090003013611 0.2301969975233078
-0.3216390013694763 0.7500090003013611 -0.3216390013694763
-0.2301979959011078 0.7500090003013611 -0.3919390141963959
0.2301969975233078 0.7500090003013611 -0.3919399976730347
-0.1216420009732246 0.7500090003013611 0.4370720088481903
-0.3919399976730347 0.7500090003013611 -0.2301969975233078
-0.3053599894046783 0.7508059740066528 -0.3053599894046783
0.3053599894046783 0.7508059740066528 -0.3053599894046783
0.3053599894046783 0.7508059740066528 0.3053599894046783
3 1 0 143
1233
1234
1235
1236
1237
1238
1239
1240
1241
1242
1243
1244
1245
1246
1247
1248
1249
1250
1251
1252
1253
1254
1255
1256
1257
1258
1259
1260
1261
1262
1263
1264
1265
1266
1267
1268
1269
1270
1271
1272
1273
1274
1275
1276
1277
1278
1279
1280
1281
1282
1283
1284
1285
1286
1287
1288
1289
1290
1291
1292
1293
1294
1295
1296
1297
1298
1299
1300
1301
1302
1303
1304
1305
1306
1307
1308
1309
1310
1311
1312
1313
1314
1315
1316
1317
1318
1319
1320
1321
1322
1323
1324
1325
1326
1327
1328
1329
1330
1331
1332
1333
1334
1335
1336
1337
1338
1339
1340
1341
1342
1343
1344
1345
1346
1347
1348
1349
1350
1351
1352
1353
1354
1355
1356
1357
1358
1359
1360
1361
1362
1363
1364
1365
1366
1367
1368
1369
1370
1371
1372
1373
1374
1375
-0.2053840514913281 0.7355216427339141 -0.3047453045249243
-0.1382900286429095 0.7596145652065167 -0.3382955603636671
-0.06796595383710553 0.8385318679582572 0.0470125695247355
0.1445936675723865 0.7453208585778043 0.340423248373224
0.3355863958140436 0.736473318881057 -0.1248950358601957
-0.3112078974943879 0.7294247107496761 0.1532244566046019
-0.2855320899668312 0.7594070721719544 0.2288777802695908
0.06966797834279707 0.8257165170744991 -0.03129033678889072
-0.1379588996716603 0.311460073534759 -0.09813600176915063
-0.001510811795576342 0.6179457438218516 0.001510811795576342
0.2571768020004566 0.363406795070839 -0.002604863739498475
0.006808716326897357 0.3634719063470926 0.2596734318526946
0.15905013922769 0.5431133775874231 -0.2056576129793593
-0.2916802527452369 0.2903934792751493 -0.07857892822973528
-0.2064258455529786 0.5474579707238045 0.1596407615330301
0.04458106564766638 0.8390874189584082 0.0180311466594853
0.2075561449631614 0.5574746552232306 0.1605097432272345
-0.1095237514598884 0.544622967805082 -0.2350357211381017
-0.02646190339468039 0.7648375447998798 0.01150658384439443
0.204277819173228 0.2781815603938422 -0.2572263528496082
-0.2594478614163473 0.2799032935573944 0.2012180420382015
0.4409522663611197 0.321351776241293 0.05854600392075242
0.2672993718816169 0.319128426638423 0.2577075451130915
-0.322967776565088 0.555330174506792 -0.03306086224197114
-0.04991302261463559 0.3062169457055645 -0.358973622476103
0.1941788598104616 0.6300583720780096 -0.02645724629858797
0.02650768075347733 0.6325417903986099 0.1945637429362691
0.3214757392871461 0.6184600054179884 -0.1369385831433662
0.1636534944602815 0.6112821989086797 0.3375914151501715
0.4247853787529277 0.2972774756562901 -0.1621635643922875
0.03212032919131003 0.392858111668963 0.03318981592072853
-0.1564398340292259 0.6661734962294957 0.02151198612554437
-0.04737575875995116 0.7024254221120588 -0.1118178307727204
-0.4457446817956928 0.2938505878283388 0.08265437638780945
0.3820223198626769 0.6052206016171193 0.03677585539026329
0.08475792646777662 0.7041459109115811 0.06556171368765866
-0.2620897944445767 0.3777433120117582 -0.2930098752280447
-0.2254790004251092 0.6284072031608886 -0.2913591704741705
0.05351448097130587 0.7516620261950447 -0.05600679372945603
-0.3313912083081181 0.6329068313388613 0.141061092516454
0.2919760983144039 0.2014418310558404 0.102610991046335
-0.3947154817153985 0.1591997841510512 -0.08732454433731257
0.1096805249202261 0.2129779312455587 -0.06867994118887623
-0.1213924299444944 0.6351430646031261 0.2855453861188891
-0.1303150591775445 0.4813811147936842 0.001269401648110448
-0.06464196679916466 0.175194754509764 0.3810697545458513
0.03731603783593148 0.6451975344501217 -0.2736693187862856
-0.1819251582265852 0.4336410952411961 0.3445611513566471
0.1097977034142331 0.6772399821532217 -0.1419657031787936
0.1139689000615134 0.1993690387874425 0.3667665200284163
-0.05679280404993995 0.1970797692512101 0.1005170780119609
0.03749741533125342 0.3771055931727212 -0.1855616509740613
0.1161110889878818 0.4261255034765606 -0.3684519032413803
-0.2146353795288959 0.1912446753215225 -0.274491442623476
0.4240271917799734 0.453242669107905 -0.06105465705177991
0.5242516370883166 0.3306334490538133 -0.05029741314637771
-0.2050100441331012 0.6710602113625196 -0.1466119924140596
0.1571946935599657 0.4280908519448806 0.4022732763418418
0.3321983392953505 0.4319449294486405 0.140254792636648
0.1248199031168487 0.2744833096691017 0.1447533695788586
-0.01658845103156927 0.7249020699826199 0.1218710974265823
-1.00209390348216e-06 0.9340522043998242 0
0.3164130967028776 0.4404930778006101 -0.2665923748475377
0.08315368518018801 0.1866097170339148 -0.3521118789639373
-0.28279385619237 0.4112513341828237 0.06850958594179864
0.008379305655805233 0.5635793867484441 -0.1404511584386723
-0.02907947836240496 0.2042326301610709 -0.2045597768589624
-0.007891324151207517 0.5138832142164218 0.3643458035048399
0.1459591937455944 0.4742307199779691 -0.05553523210323153
-0.1103317218489454 0.6773374769409671 -0.3097814862924573
0.3670662388071136 0.165523158068045 -0.04129298179967879
-0.4784925205627237 0.3348630992710083 -0.05845998622076218
-0.04813268905708137 0.4866955632219073 0.1498066621229033
0.2595976651160164 0.6902111013513055 0.09234582154923923
-0.2439860843157055 0.6765234543308999 0.2209450544754201
-0.0009403033746227009 0.8683160660801635 -0.0009416804589742409
-0.2640832563313681 0.507207551746693 -0.1823349459475947
-0.05816800651317746 0.4889682642881751 -0.4088805803906809
-0.456130284396255 0.5125755770219594 -0.1081955614515086
-0.2196198795404485 0.2579801825122617 0.3782687721636579
-0.3427871361879032 0.4442355093280672 0.2451181386415341
-0.01081263228841798 0.3354662270407402 0.47369636284747
0.2822203921275687 0.4838929849862021 0.2933748735261371
0.2236065468954993 0.663069340536692 -0.2741226817627209
-0.2935748125736795 0.1801958179445146 0.05945948595653827
0.3030056389270474 0.6294296086763719 0.2344869651712283
0.3273117420430867 0.1484626778712477 -0.2036592209258841
0.4110883003641711 0.2524270574861321 0.2070364564860724
0.09022820468798212 0.5245426164103468 0.07380951652070873
0.08421256468899307 0.495735675661783 0.2218843423808854
0.1825459285893688 0.413000035421408 0.1202398823152162
-0.1277108560038512 0.7112546582424304 0.1652650192028051
0.7637240552324592 0.3777836438940123 -0.011677829103888
0.1523722487461382 0.6931074819867089 0.2024572822952809
0.2494740256136333 0.146374187590868 0.2524662263230005
-0.2960403149072633 0.7069135426144474 -0.02623596277426131
0.6364079652964186 0.3444190878738271 -0.04358058442801627
0.2004554240600618 0.2877055424918789 -0.4304772760528065
-0.3783392292142159 0.2566677499860904 -0.2479533801183513
-0.363935500361748 0.6460905487262465 -0.1617061895875025
0.5528914552862135 0.3371826298592459 0.05887205739699097
0.458383183912108 0.4628109119275106 0.07835492615465398
0.80446184337569 0.4977219088854523 0.02933438984863006
-0.07540530641366915 0.615586737410842 0.1029973669134327
0.2287820456877382 0.3874949699894213 -0.1518371207256798
-0.09606752507261158 0.7473546565700631 0.07425670756409398
-0.1041860706689506 0.744407923631772 -0.0442019214698751
-0.1353435753500469 0.3592083567059268 0.1055212754538693
-0.4170684091306118 0.5026787473558834 0.09039080115377066
0.01217713163846244 0.6763054120499868 0.3398781948666489
-0.07456280444785629 0.1336330010590887 -0.3515041087706321
0.3606404655214753 0.2850212569974389 -0.3144336964947416
-0.3132257731729688 0.1351932264154412 0.2415892789196116
-0.1045999654763763 0.5943033088025874 -0.07182477102904899
0.1563004904243693 0.5697797402742433 -0.3908141070349131
0.02616758198988123 0.4972140219397209 -0.2720011730030541
-0.4160537029422715 0.6344519475997313 0.002321304725934983
-0.2059386225738631 0.2878134461509736 -0.427883638890926
0.252329334515368 0.2534603131753875 -0.09869100597356997
-0.1495834405045707 0.1583134080273715 0.2385519001201526
-0.112874317075241 0.3856714810185101 -0.2364918928358556
-0.2310368421317816 0.1537989681990805 -0.1325054704405045
-0.08107296160697247 0.1566526524436606 -0.04688734477821306
-0.01763445695633263 0.8002644673299354 -0.05194602877923752
-0.4140033085220665 0.2658952286674486 0.2338037243341465
0.263678726915975 0.2740038812746913 0.4217404539943286
0.2256922386417911 0.1497660757086007 -0.3137453275762985
0.4983895524690302 0.3167779190512798 0.1612192531919697
0.2448406962516689 0.5054037186623653 0.03710206279008774
0.0328319983585398 0.1848796283037269 0.2259956070472703
0.2858610890305694 0.7132751015505053 -0.03107265322375392
0.4121225660545652 0.1467259314578985 0.1096193793750554
0.1202532672544336 0.1646711759214902 -0.2093592468852492
0.04858627913973034 0.2746988359974528 -0.4823986469252211
-0.253180007937638 0.5698322156682092 0.3319284391315352
-0.04046486148047974 0.80218259786996 0.04941459779431357
0.03136876452340562 0.7764583329217368 0.06209299009089239
0.1499005531292771 0.7268645860343932 -0.02065508945888636
0.5097191546909993 0.2396266517338981 0.01751256810867557
-0.1287956218153193 0.3026073590998777 0.2690011836200822
-0.001469543617843026 0.6264680789859608 -0.3973466400673937
-0.3903077325420868 0.4085390038842943 -0.191920493889513
-0.2393879176840569 0.6987690445876849 0.1016111674659344
3 2 0 0
3 3 0 0
3 4 0 0
3 5 0 0
3 6 0 0
3 7 0 0
$EndNodes
$Elements
2 6857 1 6857
2 1 2 2464
1 1 2 3 
2 1 17 2 
3 78 1 3 
4 1 23 17 
5 1 78 23 
6 2 84 3 
7 16 2 6 
8 17 6 2 
9 84 2 16 
10 3 31 39 
11 3 420 31 
12 3 39 78 
13 559 3 84 
14 558 420 3 
15 559 558 3 
16 4 5 6 
17 85 5 4 
18 4 6 7 
19 8 4 7 
20 86 4 8 
21 86 85 4 
22 6 5 16 
23 16 5 90 
24 85 70 5 
25 5 70 90 
26 7 6 17 
27 8 7 9 
28 9 7 18 
29 7 17 18 
30 10 8 9 
31 87 8 10 
32 87 86 8 
33 10 9 11 
34 11 9 19 
35 9 18 19 
36 12 10 11 
37 88 10 12 
38 88 87 10 
39 12 11 13 
40 13 11 20 
41 11 19 20 
42 14 12 13 
43 89 12 14 
44 89 88 12 
45 14 13 15 
46 15 13 21 
47 13 20 21 
48 91 14 15 
49 159 89 14 
50 159 14 91 
51 15 21 22 
52 92 15 22 
53 91 15 92 
54 84 16 54 
55 16 90 54 
56 18 17 23 
57 19 18 24 
58 18 23 24 
59 20 19 25 
60 19 24 25 
61 21 20 26 
62 20 25 26 
63 22 21 27 
64 21 26 27 
65 22 27 28 
66 103 22 28 
67 92 22 103 
68 24 23 32 
69 78 32 23 
70 25 24 33 
71 24 32 33 
72 26 25 34 
73 25 33 34 
74 27 26 35 
75 26 34 35 
76 28 27 36 
77 27 35 36 
78 28 36 37 
79 109 28 37 
80 103 28 109 
81 29 30 31 
82 30 29 53 
83 31 432 29 
84 53 29 439 
85 29 432 438 
86 29 438 439 
87 30 38 31 
88 30 47 38 
89 46 47 30 
90 30 61 46 
91 30 53 61 
92 31 38 39 
93 420 426 31 
94 31 426 432 
95 33 32 40 
96 40 32 39 
97 39 32 78 
98 34 33 41 
99 33 40 41 
100 35 34 42 
101 34 41 42 
102 36 35 43 
103 35 42 43 
104 37 36 44 
105 36 43 44 
106 37 44 45 
107 115 37 45 
108 109 37 115 
109 38 40 39 
110 47 40 38 
111 41 40 47 
112 42 41 48 
113 41 47 48 
114 43 42 49 
115 42 48 49 
116 44 43 50 
117 43 49 50 
118 45 44 51 
119 44 50 51 
120 45 51 52 
121 120 45 52 
122 115 45 120 
123 48 47 46 
124 48 46 56 
125 56 46 63 
126 63 46 61 
127 49 48 56 
128 50 49 57 
129 49 56 57 
130 51 50 58 
131 50 57 58 
132 52 51 59 
133 51 58 59 
134 52 59 60 
135 125 52 60 
136 120 52 125 
137 53 54 55 
138 54 53 571 
139 53 55 69 
140 62 61 53 
141 69 62 53 
142 53 439 575 
143 571 53 575 
144 54 90 55 
145 564 84 54 
146 564 54 568 
147 568 54 571 
148 55 71 69 
149 70 71 55 
150 90 70 55 
151 57 56 64 
152 56 63 64 
153 58 57 65 
154 57 64 65 
155 59 58 66 
156 58 65 66 
157 60 59 67 
158 59 66 67 
159 60 67 68 
160 132 60 68 
161 125 60 132 
162 62 63 61 
163 72 63 62 
164 69 72 62 
165 64 63 72 
166 65 64 73 
167 64 72 73 
168 66 65 74 
169 65 73 74 
170 67 66 75 
171 66 74 75 
172 68 67 76 
173 67 75 76 
174 68 76 77 
175 140 68 77 
176 132 68 140 
177 71 72 69 
178 79 71 70 
179 79 70 85 
180 73 72 71 
181 73 71 79 
182 74 73 79 
183 75 74 80 
184 74 79 80 
185 76 75 81 
186 75 80 81 
187 77 76 82 
188 76 81 82 
189 77 82 83 
190 147 77 83 
191 140 77 147 
192 80 79 85 
193 81 80 86 
194 80 85 86 
195 82 81 87 
196 81 86 87 
197 83 82 88 
198 82 87 88 
199 83 88 89 
200 153 83 89 
201 147 83 153 
202 560 559 84 
203 560 84 564 
204 153 89 159 
205 93 91 92 
206 160 91 93 
207 160 159 91 
208 93 92 94 
209 94 92 103 
210 95 93 94 
211 161 93 95 
212 161 160 93 
213 95 94 96 
214 96 94 104 
215 94 103 104 
216 97 95 96 
217 162 95 97 
218 162 161 95 
219 97 96 98 
220 98 96 105 
221 96 104 105 
222 99 97 98 
223 163 97 99 
224 163 162 97 
225 99 98 100 
226 100 98 106 
227 98 105 106 
228 101 99 100 
229 99 101 164 
230 164 163 99 
231 101 100 102 
232 102 100 107 
233 100 106 107 
234 567 101 102 
235 164 101 580 
236 567 570 101 
237 101 570 574 
238 101 574 580 
239 102 107 108 
240 567 102 108 
241 104 103 109 
242 105 104 110 
243 104 109 110 
244 106 105 111 
245 105 110 111 
246 107 106 112 
247 106 111 112 
248 108 107 113 
249 107 112 113 
250 108 113 114 
251 696 108 114 
252 696 567 108 
253 110 109 115 
254 111 110 116 
255 110 115 116 
256 112 111 117 
257 111 116 117 
258 113 112 118 
259 112 117 118 
260 114 113 119 
261 113 118 119 
262 119 151 114 
263 696 114 151 
264 116 115 120 
265 117 116 121 
266 116 120 121 
267 118 117 122 
268 117 121 122 
269 119 118 123 
270 118 122 123 
271 119 123 124 
272 119 124 151 
273 121 120 125 
274 122 121 126 
275 121 125 126 
276 123 122 127 
277 122 126 127 
278 124 123 128 
279 123 127 128 
280 124 128 129 
281 124 129 130 
282 151 124 130 
283 126 125 132 
284 127 126 133 
285 126 132 133 
286 128 127 134 
287 127 133 134 
288 129 128 135 
289 128 134 135 
290 130 129 131 
291 129 136 131 
292 129 135 136 
293 130 131 701 
294 151 130 152 
295 130 701 152 
296 131 136 137 
297 131 137 701 
298 133 132 140 
299 134 133 141 
300 133 140 141 
301 135 134 142 
302 134 141 142 
303 136 135 143 
304 135 142 143 
305 136 138 137 
306 136 143 138 
307 137 138 139 
308 137 139 145 
309 145 701 137 
310 138 146 139 
311 138 143 150 
312 138 150 146 
313 139 144 145 
314 139 146 144 
315 141 140 147 
316 142 141 148 
317 141 147 148 
318 143 142 149 
319 142 148 149 
320 143 149 150 
321 144 580 145 
322 144 146 157 
323 144 157 158 
324 580 144 158 
325 145 580 581 
326 145 581 711 
327 701 145 706 
328 706 145 711 
329 146 150 156 
330 146 156 157 
331 148 147 153 
332 149 148 154 
333 148 153 154 
334 150 149 155 
335 149 154 155 
336 150 155 156 
337 152 696 151 
338 692 691 152 
339 691 696 152 
340 692 152 697 
341 697 152 701 
342 154 153 159 
343 155 154 160 
344 154 159 160 
345 156 155 161 
346 155 160 161 
347 157 156 162 
348 156 161 162 
349 158 157 163 
350 157 162 163 
351 158 163 164 
352 580 158 164 
353 165 166 167 
354 165 632 166 
355 165 167 245 
356 237 165 245 
357 628 165 237 
358 628 627 165 
359 627 632 165 
360 166 169 167 
361 169 166 170 
362 166 507 170 
363 166 505 506 
364 632 505 166 
365 166 506 507 
366 246 167 169 
367 245 167 239 
368 167 246 239 
369 168 169 170 
370 168 246 169 
371 172 168 170 
372 171 168 172 
373 247 168 171 
374 246 168 247 
375 170 189 172 
376 170 511 189 
377 170 507 511 
378 171 172 173 
379 174 171 173 
380 248 171 174 
381 248 247 171 
382 173 172 182 
383 182 172 189 
384 174 173 175 
385 175 173 183 
386 173 182 183 
387 176 174 175 
388 249 174 176 
389 249 248 174 
390 176 175 177 
391 177 175 184 
392 175 183 184 
393 178 176 177 
394 250 176 178 
395 250 249 176 
396 178 177 179 
397 179 177 185 
398 177 184 185 
399 180 178 179 
400 251 178 180 
401 251 250 178 
402 180 179 181 
403 181 179 186 
404 179 185 186 
405 252 180 181 
406 318 251 180 
407 318 180 252 
408 181 186 187 
409 253 181 187 
410 252 181 253 
411 183 182 188 
412 188 182 189 
413 184 183 192 
414 183 188 192 
415 185 184 193 
416 184 192 193 
417 186 185 194 
418 185 193 194 
419 187 186 195 
420 186 194 195 
421 187 195 196 
422 264 187 196 
423 253 187 264 
424 190 188 189 
425 197 188 190 
426 192 188 197 
427 190 189 191 
428 189 511 191 
429 191 514 190 
430 1213 197 190 
431 514 1213 190 
432 191 511 512 
433 191 512 513 
434 514 191 513 
435 193 192 198 
436 192 197 198 
437 194 193 199 
438 193 198 199 
439 195 194 200 
440 194 199 200 
441 196 195 201 
442 195 200 201 
443 196 201 202 
444 270 196 202 
445 264 196 270 
446 198 197 203 
447 203 197 1213 
448 199 198 204 
449 198 203 204 
450 200 199 205 
451 199 204 205 
452 201 200 206 
453 200 205 206 
454 202 201 207 
455 201 206 207 
456 202 207 208 
457 276 202 208 
458 270 202 276 
459 204 203 209 
460 209 203 215 
461 203 1214 215 
462 1214 203 1213 
463 205 204 210 
464 204 209 210 
465 206 205 211 
466 205 210 211 
467 207 206 212 
468 206 211 212 
469 208 207 213 
470 207 212 213 
471 208 213 214 
472 282 208 214 
473 276 208 282 
474 210 209 218 
475 215 1212 209 
476 218 209 1212 
477 211 210 219 
478 210 218 219 
479 212 211 220 
480 211 219 220 
481 213 212 221 
482 212 220 221 
483 214 213 222 
484 213 221 222 
485 214 222 223 
486 288 214 223 
487 282 214 288 
488 216 217 215 
489 216 215 1214 
490 217 766 215 
491 766 765 215 
492 1212 215 765 
493 217 216 633 
494 216 514 515 
495 514 216 1213 
496 216 515 642 
497 633 216 642 
498 1214 1213 216 
499 634 217 633 
500 767 217 634 
501 767 766 217 
502 219 218 224 
503 224 218 1211 
504 218 1212 1211 
505 220 219 225 
506 219 224 225 
507 221 220 226 
508 220 225 226 
509 222 221 227 
510 221 226 227 
511 223 222 228 
512 222 227 228 
513 223 228 229 
514 294 223 229 
515 288 223 294 
516 225 224 230 
517 230 224 238 
518 224 1211 238 
519 226 225 231 
520 225 230 231 
521 227 226 232 
522 226 231 232 
523 228 227 233 
524 227 232 233 
525 229 228 234 
526 228 233 234 
527 229 234 235 
528 300 229 235 
529 294 229 300 
530 231 230 239 
531 238 245 230 
532 239 230 245 
533 232 231 240 
534 231 239 240 
535 233 232 241 
536 232 240 241 
537 234 233 242 
538 233 241 242 
539 235 234 243 
540 234 242 243 
541 235 243 244 
542 306 235 244 
543 300 235 306 
544 236 237 238 
545 629 237 236 
546 238 1211 236 
547 759 629 236 
548 759 236 765 
549 1211 765 236 
550 238 237 245 
551 629 628 237 
552 240 239 246 
553 241 240 247 
554 240 246 247 
555 242 241 248 
556 241 247 248 
557 243 242 249 
558 242 248 249 
559 244 243 250 
560 243 249 250 
561 244 250 251 
562 312 244 251 
563 306 244 312 
564 312 251 318 
565 254 252 253 
566 319 252 254 
567 319 318 252 
568 254 253 255 
569 255 253 264 
570 256 254 255 
571 320 254 256 
572 320 319 254 
573 256 255 257 
574 257 255 265 
575 255 264 265 
576 258 256 257 
577 321 256 258 
578 321 320 256 
579 258 257 259 
580 259 257 266 
581 257 265 266 
582 260 258 259 
583 322 258 260 
584 322 321 258 
585 260 259 261 
586 261 259 267 
587 259 266 267 
588 262 260 261 
589 323 260 262 
590 323 322 260 
591 262 261 263 
592 263 261 268 
593 261 267 268 
594 262 263 324 
595 323 262 331 
596 333 262 324 
597 262 333 331 
598 263 268 269 
599 263 269 335 
600 324 263 335 
601 265 264 270 
602 266 265 271 
603 265 270 271 
604 267 266 272 
605 266 271 272 
606 268 267 273 
607 267 272 273 
608 269 268 274 
609 268 273 274 
610 269 274 275 
611 269 275 329 
612 335 269 329 
613 271 270 276 
614 272 271 277 
615 271 276 277 
616 273 272 278 
617 272 277 278 
618 274 273 279 
619 273 278 279 
620 275 274 280 
621 274 279 280 
622 275 280 281 
623 275 281 334 
624 329 275 334 
625 277 276 282 
626 278 277 283 
627 277 282 283 
628 279 278 284 
629 278 283 284 
630 280 279 285 
631 279 284 285 
632 281 280 286 
633 280 285 286 
634 281 286 287 
635 281 287 330 
636 334 281 330 
637 283 282 288 
638 284 283 289 
639 283 288 289 
640 285 284 290 
641 284 289 290 
642 286 285 291 
643 285 290 291 
644 287 286 292 
645 286 291 292 
646 287 292 293 
647 287 293 328 
648 330 287 328 
649 289 288 294 
650 290 289 295 
651 289 294 295 
652 291 290 296 
653 290 295 296 
654 292 291 297 
655 291 296 297 
656 293 292 298 
657 292 297 298 
658 293 298 299 
659 293 299 328 
660 295 294 300 
661 296 295 301 
662 295 300 301 
663 297 296 302 
664 296 301 302 
665 298 297 303 
666 297 302 303 
667 299 298 304 
668 298 303 304 
669 299 304 305 
670 299 305 327 
671 299 327 328 
672 301 300 306 
673 302 301 307 
674 301 306 307 
675 303 302 308 
676 302 307 308 
677 304 303 309 
678 303 308 309 
679 305 304 310 
680 304 309 310 
681 305 310 311 
682 305 311 326 
683 305 326 327 
684 307 306 312 
685 308 307 313 
686 307 312 313 
687 309 308 314 
688 308 313 314 
689 310 309 315 
690 309 314 315 
691 311 310 316 
692 310 315 316 
693 311 316 317 
694 311 317 325 
695 311 325 326 
696 313 312 318 
697 314 313 319 
698 313 318 319 
699 315 314 320 
700 314 319 320 
701 316 315 321 
702 315 320 321 
703 317 316 322 
704 316 321 322 
705 317 322 323 
706 317 323 332 
707 317 332 325 
708 323 331 332 
709 333 324 336 
710 324 335 336 
711 326 325 336 
712 325 332 336 
713 327 326 336 
714 328 327 336 
715 330 328 336 
716 329 334 336 
717 335 329 336 
718 334 330 336 
719 332 331 336 
720 331 333 336 
721 337 338 339 
722 338 337 497 
723 337 339 340 
724 341 337 340 
725 498 337 341 
726 497 337 498 
727 339 338 898 
728 497 496 338 
729 898 338 496 
730 340 339 351 
731 351 339 1223 
732 1223 339 898 
733 341 340 342 
734 342 340 352 
735 340 351 352 
736 343 341 342 
737 499 341 343 
738 499 498 341 
739 343 342 344 
740 344 342 353 
741 342 352 353 
742 345 343 344 
743 500 343 345 
744 500 499 343 
745 345 344 346 
746 346 344 354 
747 344 353 354 
748 347 345 346 
749 501 345 347 
750 501 500 345 
751 347 346 348 
752 348 346 355 
753 346 354 355 
754 349 347 348 
755 502 347 349 
756 502 501 347 
757 349 348 350 
758 350 348 356 
759 348 355 356 
760 503 349 350 
761 630 502 349 
762 630 349 503 
763 350 356 357 
764 504 350 357 
765 503 350 504 
766 352 351 358 
767 358 351 1216 
768 1216 351 1223 
769 353 352 359 
770 352 358 359 
771 354 353 360 
772 353 359 360 
773 355 354 361 
774 354 360 361 
775 356 355 362 
776 355 361 362 
777 357 356 363 
778 356 362 363 
779 357 363 364 
780 508 357 364 
781 504 357 508 
782 359 358 365 
783 358 1219 365 
784 358 1216 1217 
785 358 1217 1219 
786 360 359 366 
787 359 365 366 
788 361 360 367 
789 360 366 367 
790 362 361 368 
791 361 367 368 
792 363 362 369 
793 362 368 369 
794 364 363 370 
795 363 369 370 
796 364 370 371 
797 516 364 371 
798 508 364 516 
799 366 365 372 
800 365 1218 372 
801 365 1219 1218 
802 367 366 373 
803 366 372 373 
804 368 367 374 
805 367 373 374 
806 369 368 375 
807 368 374 375 
808 370 369 376 
809 369 375 376 
810 371 370 377 
811 370 376 377 
812 371 377 378 
813 522 371 378 
814 516 371 522 
815 373 372 379 
816 372 1220 379 
817 372 1218 1220 
818 374 373 380 
819 373 379 380 
820 375 374 381 
821 374 380 381 
822 376 375 382 
823 375 381 382 
824 377 376 383 
825 376 382 383 
826 378 377 384 
827 377 383 384 
828 378 384 385 
829 528 378 385 
830 522 378 528 
831 380 379 386 
832 386 379 1220 
833 381 380 387 
834 380 386 387 
835 382 381 388 
836 381 387 388 
837 383 382 389 
838 382 388 389 
839 384 383 390 
840 383 389 390 
841 385 384 391 
842 384 390 391 
843 385 391 392 
844 534 385 392 
845 528 385 534 
846 387 386 393 
847 393 386 1228 
848 1228 386 1220 
849 388 387 394 
850 387 393 394 
851 389 388 395 
852 388 394 395 
853 390 389 396 
854 389 395 396 
855 391 390 397 
856 390 396 397 
857 392 391 398 
858 391 397 398 
859 392 398 399 
860 540 392 399 
861 534 392 540 
862 394 393 400 
863 400 393 892 
864 892 393 1228 
865 395 394 401 
866 394 400 401 
867 396 395 402 
868 395 401 402 
869 397 396 403 
870 396 402 403 
871 398 397 404 
872 397 403 404 
873 399 398 405 
874 398 404 405 
875 399 405 406 
876 546 399 406 
877 540 399 546 
878 401 400 407 
879 400 1224 407 
880 400 892 893 
881 400 893 1224 
882 402 401 408 
883 401 407 408 
884 403 402 409 
885 402 408 409 
886 404 403 410 
887 403 409 410 
888 405 404 411 
889 404 410 411 
890 406 405 412 
891 405 411 412 
892 406 412 413 
893 552 406 413 
894 546 406 552 
895 408 407 414 
896 897 414 407 
897 1224 897 407 
898 409 408 415 
899 408 414 415 
900 410 409 416 
901 409 415 416 
902 411 410 417 
903 410 416 417 
904 412 411 418 
905 411 417 418 
906 413 412 419 
907 412 418 419 
908 413 419 420 
909 558 413 420 
910 552 413 558 
911 415 414 421 
912 899 421 414 
913 897 899 414 
914 416 415 422 
915 415 421 422 
916 417 416 423 
917 416 422 423 
918 418 417 424 
919 417 423 424 
920 419 418 425 
921 418 424 425 
922 420 419 426 
923 419 425 426 
924 422 421 427 
925 427 421 899 
926 423 422 428 
927 422 427 428 
928 424 423 429 
929 423 428 429 
930 425 424 430 
931 424 429 430 
932 426 425 431 
933 425 430 431 
934 426 431 432 
935 428 427 433 
936 433 427 1215 
937 1215 427 899 
938 429 428 434 
939 428 433 434 
940 430 429 435 
941 429 434 435 
942 431 430 436 
943 430 435 436 
944 432 431 437 
945 431 436 437 
946 432 437 438 
947 434 433 440 
948 440 433 1229 
949 1229 433 1215 
950 435 434 441 
951 434 440 441 
952 436 435 442 
953 435 441 442 
954 437 436 443 
955 436 442 443 
956 438 437 444 
957 437 443 444 
958 439 438 445 
959 438 444 445 
960 439 445 446 
961 575 439 446 
962 441 440 447 
963 1226 447 440 
964 440 1225 1226 
965 1229 1225 440 
966 442 441 448 
967 441 447 448 
968 443 442 449 
969 442 448 449 
970 444 443 450 
971 443 449 450 
972 445 444 451 
973 444 450 451 
974 446 445 452 
975 445 451 452 
976 446 452 453 
977 582 446 453 
978 575 446 582 
979 448 447 454 
980 1222 454 447 
981 1226 1222 447 
982 449 448 455 
983 448 454 455 
984 450 449 456 
985 449 455 456 
986 451 450 457 
987 450 456 457 
988 452 451 458 
989 451 457 458 
990 453 452 459 
991 452 458 459 
992 453 459 460 
993 588 453 460 
994 582 453 588 
995 455 454 461 
996 894 461 454 
997 1222 894 454 
998 456 455 462 
999 455 461 462 
1000 457 456 463 
1001 456 462 463 
1002 458 457 464 
1003 457 463 464 
1004 459 458 465 
1005 458 464 465 
1006 460 459 466 
1007 459 465 466 
1008 460 466 467 
1009 594 460 467 
1010 588 460 594 
1011 462 461 468 
1012 468 461 894 
1013 463 462 469 
1014 462 468 469 
1015 464 463 470 
1016 463 469 470 
1017 465 464 471 
1018 464 470 471 
1019 466 465 472 
1020 465 471 472 
1021 467 466 473 
1022 466 472 473 
1023 467 473 474 
1024 600 467 474 
1025 594 467 600 
1026 469 468 475 
1027 475 468 895 
1028 894 895 468 
1029 470 469 476 
1030 469 475 476 
1031 471 470 477 
1032 470 476 477 
1033 472 471 478 
1034 471 477 478 
1035 473 472 479 
1036 472 478 479 
1037 474 473 480 
1038 473 479 480 
1039 474 480 481 
1040 606 474 481 
1041 600 474 606 
1042 476 475 482 
1043 482 475 1227 
1044 895 1227 475 
1045 477 476 483 
1046 476 482 483 
1047 478 477 484 
1048 477 483 484 
1049 479 478 485 
1050 478 484 485 
1051 480 479 486 
1052 479 485 486 
1053 481 480 487 
1054 480 486 487 
1055 481 487 488 
1056 612 481 488 
1057 606 481 612 
1058 483 482 489 
1059 896 489 482 
1060 482 1221 896 
1061 1227 1221 482 
1062 484 483 490 
1063 483 489 490 
1064 485 484 491 
1065 484 490 491 
1066 486 485 492 
1067 485 491 492 
1068 487 486 493 
1069 486 492 493 
1070 488 487 494 
1071 487 493 494 
1072 488 494 495 
1073 618 488 495 
1074 612 488 618 
1075 490 489 496 
1076 1209 496 489 
1077 896 1209 489 
1078 491 490 497 
1079 490 496 497 
1080 492 491 498 
1081 491 497 498 
1082 493 492 499 
1083 492 498 499 
1084 494 493 500 
1085 493 499 500 
1086 495 494 501 
1087 494 500 501 
1088 495 501 502 
1089 624 495 502 
1090 618 495 624 
1091 1209 898 496 
1092 624 502 630 
1093 505 503 504 
1094 631 503 505 
1095 631 630 503 
1096 505 504 506 
1097 506 504 508 
1098 632 631 505 
1099 507 506 509 
1100 506 508 509 
1101 507 509 510 
1102 511 507 510 
1103 509 508 516 
1104 510 509 517 
1105 509 516 517 
1106 511 510 512 
1107 512 510 518 
1108 510 517 518 
1109 513 512 519 
1110 512 518 519 
1111 514 513 515 
1112 515 513 520 
1113 513 519 520 
1114 515 520 521 
1115 642 515 521 
1116 517 516 522 
1117 518 517 523 
1118 517 522 523 
1119 519 518 524 
1120 518 523 524 
1121 520 519 525 
1122 519 524 525 
1123 521 520 526 
1124 520 525 526 
1125 521 526 527 
1126 648 521 527 
1127 642 521 648 
1128 523 522 528 
1129 524 523 529 
1130 523 528 529 
1131 525 524 530 
1132 524 529 530 
1133 526 525 531 
1134 525 530 531 
1135 527 526 532 
1136 526 531 532 
1137 527 532 533 
1138 654 527 533 
1139 648 527 654 
1140 529 528 534 
1141 530 529 535 
1142 529 534 535 
1143 531 530 536 
1144 530 535 536 
1145 532 531 537 
1146 531 536 537 
1147 533 532 538 
1148 532 537 538 
1149 533 538 539 
1150 660 533 539 
1151 654 533 660 
1152 535 534 540 
1153 536 535 541 
1154 535 540 541 
1155 537 536 542 
1156 536 541 542 
1157 538 537 543 
1158 537 542 543 
1159 539 538 544 
1160 538 543 544 
1161 539 544 545 
1162 666 539 545 
1163 660 539 666 
1164 541 540 546 
1165 542 541 547 
1166 541 546 547 
1167 543 542 548 
1168 542 547 548 
1169 544 543 549 
1170 543 548 549 
1171 545 544 550 
1172 544 549 550 
1173 545 550 551 
1174 672 545 551 
1175 666 545 672 
1176 547 546 552 
1177 548 547 553 
1178 547 552 553 
1179 549 548 554 
1180 548 553 554 
1181 550 549 555 
1182 549 554 555 
1183 551 550 556 
1184 550 555 556 
1185 551 556 557 
1186 678 551 557 
1187 672 551 678 
1188 553 552 558 
1189 554 553 559 
1190 553 558 559 
1191 555 554 560 
1192 554 559 560 
1193 556 555 561 
1194 555 560 561 
1195 557 556 562 
1196 556 561 562 
1197 557 562 563 
1198 684 557 563 
1199 678 557 684 
1200 561 560 564 
1201 562 561 565 
1202 561 564 565 
1203 563 562 566 
1204 562 565 566 
1205 563 566 567 
1206 690 563 567 
1207 684 563 690 
1208 565 564 568 
1209 566 565 569 
1210 565 568 569 
1211 567 566 570 
1212 566 569 570 
1213 690 567 696 
1214 569 568 572 
1215 568 571 572 
1216 570 569 573 
1217 569 572 573 
1218 570 573 574 
1219 572 571 576 
1220 571 575 576 
1221 573 572 577 
1222 572 576 577 
1223 574 573 578 
1224 573 577 578 
1225 574 578 579 
1226 580 574 579 
1227 576 575 582 
1228 577 576 583 
1229 576 582 583 
1230 578 577 584 
1231 577 583 584 
1232 579 578 585 
1233 578 584 585 
1234 580 579 581 
1235 581 579 586 
1236 579 585 586 
1237 581 586 587 
1238 711 581 587 
1239 583 582 588 
1240 584 583 589 
1241 583 588 589 
1242 585 584 590 
1243 584 589 590 
1244 586 585 591 
1245 585 590 591 
1246 587 586 592 
1247 586 591 592 
1248 587 592 593 
1249 717 587 593 
1250 711 587 717 
1251 589 588 594 
1252 590 589 595 
1253 589 594 595 
1254 591 590 596 
1255 590 595 596 
1256 592 591 597 
1257 591 596 597 
1258 593 592 598 
1259 592 597 598 
1260 593 598 599 
1261 723 593 599 
1262 717 593 723 
1263 595 594 600 
1264 596 595 601 
1265 595 600 601 
1266 597 596 602 
1267 596 601 602 
1268 598 597 603 
1269 597 602 603 
1270 599 598 604 
1271 598 603 604 
1272 599 604 605 
1273 729 599 605 
1274 723 599 729 
1275 601 600 606 
1276 602 601 607 
1277 601 606 607 
1278 603 602 608 
1279 602 607 608 
1280 604 603 609 
1281 603 608 609 
1282 605 604 610 
1283 604 609 610 
1284 605 610 611 
1285 735 605 611 
1286 729 605 735 
1287 607 606 612 
1288 608 607 613 
1289 607 612 613 
1290 609 608 614 
1291 608 613 614 
1292 610 609 615 
1293 609 614 615 
1294 611 610 616 
1295 610 615 616 
1296 611 616 617 
1297 741 611 617 
1298 735 611 741 
1299 613 612 618 
1300 614 613 619 
1301 613 618 619 
1302 615 614 620 
1303 614 619 620 
1304 616 615 621 
1305 615 620 621 
1306 617 616 622 
1307 616 621 622 
1308 617 622 623 
1309 747 617 623 
1310 741 617 747 
1311 619 618 624 
1312 620 619 625 
1313 619 624 625 
1314 621 620 626 
1315 620 625 626 
1316 622 621 627 
1317 621 626 627 
1318 623 622 628 
1319 622 627 628 
1320 623 628 629 
1321 753 623 629 
1322 747 623 753 
1323 625 624 630 
1324 626 625 631 
1325 625 630 631 
1326 627 626 632 
1327 626 631 632 
1328 753 629 759 
1329 634 633 635 
1330 635 633 643 
1331 633 642 643 
1332 636 634 635 
1333 768 634 636 
1334 768 767 634 
1335 636 635 637 
1336 637 635 644 
1337 635 643 644 
1338 638 636 637 
1339 769 636 638 
1340 769 768 636 
1341 638 637 639 
1342 639 637 645 
1343 637 644 645 
1344 640 638 639 
1345 770 638 640 
1346 770 769 638 
1347 640 639 641 
1348 641 639 646 
1349 639 645 646 
1350 641 780 640 
1351 640 781 770 
1352 640 780 781 
1353 641 646 647 
1354 647 891 641 
1355 641 891 780 
1356 643 642 648 
1357 644 643 649 
1358 643 648 649 
1359 645 644 650 
1360 644 649 650 
1361 646 645 651 
1362 645 650 651 
1363 647 646 652 
1364 646 651 652 
1365 647 652 653 
1366 653 886 647 
1367 647 886 891 
1368 649 648 654 
1369 650 649 655 
1370 649 654 655 
1371 651 650 656 
1372 650 655 656 
1373 652 651 657 
1374 651 656 657 
1375 653 652 658 
1376 652 657 658 
1377 653 658 659 
1378 659 881 653 
1379 653 881 886 
1380 655 654 660 
1381 656 655 661 
1382 655 660 661 
1383 657 656 662 
1384 656 661 662 
1385 658 657 663 
1386 657 662 663 
1387 659 658 664 
1388 658 663 664 
1389 659 664 665 
1390 665 876 659 
1391 659 876 881 
1392 661 660 666 
1393 662 661 667 
1394 661 666 667 
1395 663 662 668 
1396 662 667 668 
1397 664 663 669 
1398 663 668 669 
1399 665 664 670 
1400 664 669 670 
1401 665 670 671 
1402 671 871 665 
1403 665 871 876 
1404 667 666 672 
1405 668 667 673 
1406 667 672 673 
1407 669 668 674 
1408 668 673 674 
1409 670 669 675 
1410 669 674 675 
1411 671 670 676 
1412 670 675 676 
1413 671 676 677 
1414 677 866 671 
1415 671 866 871 
1416 673 672 678 
1417 674 673 679 
1418 673 678 679 
1419 675 674 680 
1420 674 679 680 
1421 676 675 681 
1422 675 680 681 
1423 677 676 682 
1424 676 681 682 
1425 677 682 683 
1426 683 861 677 
1427 677 861 866 
1428 679 678 684 
1429 680 679 685 
1430 679 684 685 
1431 681 680 686 
1432 680 685 686 
1433 682 681 687 
1434 681 686 687 
1435 683 682 688 
1436 682 687 688 
1437 683 688 689 
1438 689 856 683 
1439 683 856 861 
1440 685 684 690 
1441 686 685 691 
1442 685 690 691 
1443 687 686 692 
1444 686 691 692 
1445 688 687 693 
1446 687 692 693 
1447 689 688 694 
1448 688 693 694 
1449 689 694 695 
1450 695 851 689 
1451 689 851 856 
1452 691 690 696 
1453 693 692 697 
1454 694 693 698 
1455 693 697 698 
1456 695 694 699 
1457 694 698 699 
1458 695 699 700 
1459 700 846 695 
1460 695 846 851 
1461 698 697 702 
1462 697 701 702 
1463 699 698 703 
1464 698 702 703 
1465 700 699 704 
1466 699 703 704 
1467 700 704 705 
1468 705 841 700 
1469 700 841 846 
1470 702 701 706 
1471 703 702 707 
1472 702 706 707 
1473 704 703 708 
1474 703 707 708 
1475 705 704 709 
1476 704 708 709 
1477 705 709 710 
1478 710 836 705 
1479 705 836 841 
1480 707 706 712 
1481 706 711 712 
1482 708 707 713 
1483 707 712 713 
1484 709 708 714 
1485 708 713 714 
1486 710 709 715 
1487 709 714 715 
1488 710 715 716 
1489 716 831 710 
1490 710 831 836 
1491 712 711 717 
1492 713 712 718 
1493 712 717 718 
1494 714 713 719 
1495 713 718 719 
1496 715 714 720 
1497 714 719 720 
1498 716 715 721 
1499 715 720 721 
1500 716 721 722 
1501 722 826 716 
1502 716 826 831 
1503 718 717 723 
1504 719 718 724 
1505 718 723 724 
1506 720 719 725 
1507 719 724 725 
1508 721 720 726 
1509 720 725 726 
1510 722 721 727 
1511 721 726 727 
1512 722 727 728 
1513 728 821 722 
1514 722 821 826 
1515 724 723 729 
1516 725 724 730 
1517 724 729 730 
1518 726 725 731 
1519 725 730 731 
1520 727 726 732 
1521 726 731 732 
1522 728 727 733 
1523 727 732 733 
1524 728 733 734 
1525 734 816 728 
1526 728 816 821 
1527 730 729 735 
1528 731 730 736 
1529 730 735 736 
1530 732 731 737 
1531 731 736 737 
1532 733 732 738 
1533 732 737 738 
1534 734 733 739 
1535 733 738 739 
1536 734 739 740 
1537 740 811 734 
1538 734 811 816 
1539 736 735 741 
1540 737 736 742 
1541 736 741 742 
1542 738 737 743 
1543 737 742 743 
1544 739 738 744 
1545 738 743 744 
1546 740 739 745 
1547 739 744 745 
1548 740 745 746 
1549 746 806 740 
1550 740 806 811 
1551 742 741 747 
1552 743 742 748 
1553 742 747 748 
1554 744 743 749 
1555 743 748 749 
1556 745 744 750 
1557 744 749 750 
1558 746 745 751 
1559 745 750 751 
1560 746 751 752 
1561 752 801 746 
1562 746 801 806 
1563 748 747 753 
1564 749 748 754 
1565 748 753 754 
1566 750 749 755 
1567 749 754 755 
1568 751 750 756 
1569 750 755 756 
1570 752 751 757 
1571 751 756 757 
1572 752 757 758 
1573 758 796 752 
1574 752 796 801 
1575 754 753 759 
1576 755 754 760 
1577 754 759 760 
1578 756 755 761 
1579 755 760 761 
1580 757 756 762 
1581 756 761 762 
1582 758 757 763 
1583 757 762 763 
1584 758 763 764 
1585 764 791 758 
1586 758 791 796 
1587 760 759 765 
1588 761 760 766 
1589 760 765 766 
1590 762 761 767 
1591 761 766 767 
1592 763 762 768 
1593 762 767 768 
1594 764 763 769 
1595 763 768 769 
1596 764 769 770 
1597 770 786 764 
1598 764 786 791 
1599 765 1211 1212 
1600 770 781 786 
1601 771 772 773 
1602 887 772 771 
1603 774 771 773 
1604 888 771 774 
1605 888 887 771 
1606 773 772 782 
1607 782 772 787 
1608 787 772 792 
1609 792 772 797 
1610 797 772 802 
1611 802 772 807 
1612 807 772 812 
1613 812 772 817 
1614 817 772 822 
1615 822 772 827 
1616 827 772 832 
1617 832 772 837 
1618 837 772 842 
1619 842 772 847 
1620 847 772 852 
1621 852 772 857 
1622 857 772 862 
1623 862 772 867 
1624 867 772 872 
1625 872 772 877 
1626 877 772 882 
1627 882 772 887 
1628 774 773 775 
1629 775 773 782 
1630 776 774 775 
1631 889 774 776 
1632 889 888 774 
1633 776 775 777 
1634 777 775 783 
1635 775 782 783 
1636 778 776 777 
1637 890 776 778 
1638 890 889 776 
1639 778 777 779 
1640 779 777 784 
1641 777 783 784 
1642 780 778 779 
1643 891 778 780 
1644 891 890 778 
1645 780 779 781 
1646 781 779 785 
1647 779 784 785 
1648 781 785 786 
1649 783 782 787 
1650 784 783 788 
1651 783 787 788 
1652 785 784 789 
1653 784 788 789 
1654 786 785 790 
1655 785 789 790 
1656 786 790 791 
1657 788 787 792 
1658 789 788 793 
1659 788 792 793 
1660 790 789 794 
1661 789 793 794 
1662 791 790 795 
1663 790 794 795 
1664 791 795 796 
1665 793 792 797 
1666 794 793 798 
1667 793 797 798 
1668 795 794 799 
1669 794 798 799 
1670 796 795 800 
1671 795 799 800 
1672 796 800 801 
1673 798 797 802 
1674 799 798 803 
1675 798 802 803 
1676 800 799 804 
1677 799 803 804 
1678 801 800 805 
1679 800 804 805 
1680 801 805 806 
1681 803 802 807 
1682 804 803 808 
1683 803 807 808 
1684 805 804 809 
1685 804 808 809 
1686 806 805 810 
1687 805 809 810 
1688 806 810 811 
1689 808 807 812 
1690 809 808 813 
1691 808 812 813 
1692 810 809 814 
1693 809 813 814 
1694 811 810 815 
1695 810 814 815 
1696 811 815 816 
1697 813 812 817 
1698 814 813 818 
1699 813 817 818 
1700 815 814 819 
1701 814 818 819 
1702 816 815 820 
1703 815 819 820 
1704 816 820 821 
1705 818 817 822 
1706 819 818 823 
1707 818 822 823 
1708 820 819 824 
1709 819 823 824 
1710 821 820 825 
1711 820 824 825 
1712 821 825 826 
1713 823 822 827 
1714 824 823 828 
1715 823 827 828 
1716 825 824 829 
1717 824 828 829 
1718 826 825 830 
1719 825 829 830 
1720 826 830 831 
1721 828 827 832 
1722 829 828 833 
1723 828 832 833 
1724 830 829 834 
1725 829 833 834 
1726 831 830 835 
1727 830 834 835 
1728 831 835 836 
1729 833 832 837 
1730 834 833 838 
1731 833 837 838 
1732 835 834 839 
1733 834 838 839 
1734 836 835 840 
1735 835 839 840 
1736 836 840 841 
1737 838 837 842 
1738 839 838 843 
1739 838 842 843 
1740 840 839 844 
1741 839 843 844 
1742 841 840 845 
1743 840 844 845 
1744 841 845 846 
1745 843 842 847 
1746 844 843 848 
1747 843 847 848 
1748 845 844 849 
1749 844 848 849 
1750 846 845 850 
1751 845 849 850 
1752 846 850 851 
1753 848 847 852 
1754 849 848 853 
1755 848 852 853 
1756 850 849 854 
1757 849 853 854 
1758 851 850 855 
1759 850 854 855 
1760 851 855 856 
1761 853 852 857 
1762 854 853 858 
1763 853 857 858 
1764 855 854 859 
1765 854 858 859 
1766 856 855 860 
1767 855 859 860 
1768 856 860 861 
1769 858 857 862 
1770 859 858 863 
1771 858 862 863 
1772 860 859 864 
1773 859 863 864 
1774 861 860 865 
1775 860 864 865 
1776 861 865 866 
1777 863 862 867 
1778 864 863 868 
1779 863 867 868 
1780 865 864 869 
1781 864 868 869 
1782 866 865 870 
1783 865 869 870 
1784 866 870 871 
1785 868 867 872 
1786 869 868 873 
1787 868 872 873 
1788 870 869 874 
1789 869 873 874 
1790 871 870 875 
1791 870 874 875 
1792 871 875 876 
1793 873 872 877 
1794 874 873 878 
1795 873 877 878 
1796 875 874 879 
1797 874 878 879 
1798 876 875 880 
1799 875 879 880 
1800 876 880 881 
1801 878 877 882 
1802 879 878 883 
1803 878 882 883 
1804 880 879 884 
1805 879 883 884 
1806 881 880 885 
1807 880 884 885 
1808 881 885 886 
1809 883 882 887 
1810 884 883 888 
1811 883 887 888 
1812 885 884 889 
1813 884 888 889 
1814 886 885 890 
1815 885 889 890 
1816 886 890 891 
1817 1210 893 892 
1818 1195 1210 892 
1819 892 1228 1195 
1820 1210 1197 893 
1821 1197 1224 893 
1822 895 894 1199 
1823 1198 1199 894 
1824 1198 894 1222 
1825 1201 895 1199 
1826 1227 895 1201 
1827 896 1204 1209 
1828 1231 1204 896 
1829 1221 1231 896 
1830 897 1200 899 
1831 1197 1200 897 
1832 1224 1197 897 
1833 1196 1191 898 
1834 1191 1223 898 
1835 1207 1196 898 
1836 1209 1207 898 
1837 1194 1189 899 
1838 1189 1215 899 
1839 1200 1194 899 
1840 900 901 902 
1841 901 900 947 
1842 900 902 903 
1843 948 900 903 
1844 947 900 1086 
1845 1086 900 948 
1846 901 1100 902 
1847 947 946 901 
1848 946 1099 901 
1849 901 1099 1100 
1850 903 902 904 
1851 902 1104 904 
1852 902 1100 1104 
1853 903 904 905 
1854 949 903 905 
1855 948 903 949 
1856 905 904 906 
1857 904 1108 906 
1858 904 1104 1108 
1859 905 906 907 
1860 960 905 907 
1861 949 905 960 
1862 907 906 908 
1863 906 1112 908 
1864 906 1108 1112 
1865 907 908 909 
1866 966 907 909 
1867 960 907 966 
1868 909 908 910 
1869 908 1116 910 
1870 908 1112 1116 
1871 909 910 911 
1872 972 909 911 
1873 966 909 972 
1874 911 910 912 
1875 910 1120 912 
1876 910 1116 1120 
1877 911 912 913 
1878 978 911 913 
1879 972 911 978 
1880 913 912 914 
1881 912 1124 914 
1882 912 1120 1124 
1883 913 914 915 
1884 984 913 915 
1885 978 913 984 
1886 915 914 916 
1887 914 1128 916 
1888 914 1124 1128 
1889 915 916 917 
1890 990 915 917 
1891 984 915 990 
1892 917 916 918 
1893 916 1132 918 
1894 916 1128 1132 
1895 917 918 919 
1896 996 917 919 
1897 990 917 996 
1898 919 918 920 
1899 918 1136 920 
1900 918 1132 1136 
1901 919 920 921 
1902 1002 919 921 
1903 996 919 1002 
1904 921 920 922 
1905 920 1140 922 
1906 920 1136 1140 
1907 921 922 923 
1908 1008 921 923 
1909 1002 921 1008 
1910 923 922 924 
1911 922 1144 924 
1912 922 1140 1144 
1913 923 924 925 
1914 1014 923 925 
1915 1008 923 1014 
1916 925 924 926 
1917 924 1148 926 
1918 924 1144 1148 
1919 925 926 927 
1920 1020 925 927 
1921 1014 925 1020 
1922 927 926 928 
1923 926 1152 928 
1924 926 1148 1152 
1925 927 928 929 
1926 1026 927 929 
1927 1020 927 1026 
1928 929 928 930 
1929 928 1156 930 
1930 928 1152 1156 
1931 929 930 931 
1932 1032 929 931 
1933 1026 929 1032 
1934 931 930 932 
1935 930 1160 932 
1936 930 1156 1160 
1937 931 932 933 
1938 1038 931 933 
1939 1032 931 1038 
1940 933 932 934 
1941 932 1164 934 
1942 932 1160 1164 
1943 933 934 935 
1944 1044 933 935 
1945 1038 933 1044 
1946 935 934 936 
1947 934 1168 936 
1948 934 1164 1168 
1949 935 936 937 
1950 1050 935 937 
1951 1044 935 1050 
1952 937 936 938 
1953 936 1172 938 
1954 936 1168 1172 
1955 937 938 939 
1956 1056 937 939 
1957 1050 937 1056 
1958 939 938 940 
1959 938 1176 940 
1960 938 1172 1176 
1961 939 940 941 
1962 1062 939 941 
1963 1056 939 1062 
1964 941 940 942 
1965 940 1180 942 
1966 940 1176 1180 
1967 941 942 943 
1968 1068 941 943 
1969 1062 941 1068 
1970 943 942 944 
1971 942 1184 944 
1972 942 1180 1184 
1973 943 944 945 
1974 1074 943 945 
1975 1068 943 1074 
1976 945 944 946 
1977 944 1188 946 
1978 944 1184 1188 
1979 945 946 947 
1980 1080 945 947 
1981 1074 945 1080 
1982 946 1188 1099 
1983 1080 947 1086 
1984 950 948 949 
1985 1087 948 950 
1986 1087 1086 948 
1987 950 949 951 
1988 951 949 960 
1989 952 950 951 
1990 1088 950 952 
1991 1088 1087 950 
1992 952 951 953 
1993 953 951 961 
1994 951 960 961 
1995 954 952 953 
1996 1089 952 954 
1997 1089 1088 952 
1998 954 953 955 
1999 955 953 962 
2000 953 961 962 
2001 956 954 955 
2002 1090 954 956 
2003 1090 1089 954 
2004 956 955 957 
2005 957 955 963 
2006 955 962 963 
2007 958 956 957 
2008 1091 956 958 
2009 1091 1090 956 
2010 958 957 959 
2011 959 957 964 
2012 957 963 964 
2013 958 959 1196 
2014 958 1196 1091 
2015 959 964 965 
2016 959 965 1191 
2017 959 1191 1196 
2018 961 960 966 
2019 962 961 967 
2020 961 966 967 
2021 963 962 968 
2022 962 967 968 
2023 964 963 969 
2024 963 968 969 
2025 965 964 970 
2026 964 969 970 
2027 965 970 971 
2028 965 971 1206 
2029 965 1206 1191 
2030 967 966 972 
2031 968 967 973 
2032 967 972 973 
2033 969 968 974 
2034 968 973 974 
2035 970 969 975 
2036 969 974 975 
2037 971 970 976 
2038 970 975 976 
2039 971 976 977 
2040 977 1192 971 
2041 1192 1232 971 
2042 971 1232 1206 
2043 973 972 978 
2044 974 973 979 
2045 973 978 979 
2046 975 974 980 
2047 974 979 980 
2048 976 975 981 
2049 975 980 981 
2050 977 976 982 
2051 976 981 982 
2052 977 982 983 
2053 983 1190 977 
2054 1190 1192 977 
2055 979 978 984 
2056 980 979 985 
2057 979 984 985 
2058 981 980 986 
2059 980 985 986 
2060 982 981 987 
2061 981 986 987 
2062 983 982 988 
2063 982 987 988 
2064 983 988 989 
2065 989 1202 983 
2066 1202 1190 983 
2067 985 984 990 
2068 986 985 991 
2069 985 990 991 
2070 987 986 992 
2071 986 991 992 
2072 988 987 993 
2073 987 992 993 
2074 989 988 994 
2075 988 993 994 
2076 989 994 995 
2077 989 995 1202 
2078 991 990 996 
2079 992 991 997 
2080 991 996 997 
2081 993 992 998 
2082 992 997 998 
2083 994 993 999 
2084 993 998 999 
2085 995 994 1000 
2086 994 999 1000 
2087 995 1000 1001 
2088 995 1001 1205 
2089 995 1205 1202 
2090 997 996 1002 
2091 998 997 1003 
2092 997 1002 1003 
2093 999 998 1004 
2094 998 1003 1004 
2095 1000 999 1005 
2096 999 1004 1005 
2097 1001 1000 1006 
2098 1000 1005 1006 
2099 1001 1006 1007 
2100 1001 1007 1195 
2101 1001 1195 1205 
2102 1003 1002 1008 
2103 1004 1003 1009 
2104 1003 1008 1009 
2105 1005 1004 1010 
2106 1004 1009 1010 
2107 1006 1005 1011 
2108 1005 1010 1011 
2109 1007 1006 1012 
2110 1006 1011 1012 
2111 1007 1012 1013 
2112 1013 1197 1007 
2113 1007 1210 1195 
2114 1197 1210 1007 
2115 1009 1008 1014 
2116 1010 1009 1015 
2117 1009 1014 1015 
2118 1011 1010 1016 
2119 1010 1015 1016 
2120 1012 1011 1017 
2121 1011 1016 1017 
2122 1013 1012 1018 
2123 1012 1017 1018 
2124 1013 1018 1019 
2125 1019 1200 1013 
2126 1200 1197 1013 
2127 1015 1014 1020 
2128 1016 1015 1021 
2129 1015 1020 1021 
2130 1017 1016 1022 
2131 1016 1021 1022 
2132 1018 1017 1023 
2133 1017 1022 1023 
2134 1019 1018 1024 
2135 1018 1023 1024 
2136 1019 1024 1025 
2137 1025 1194 1019 
2138 1194 1200 1019 
2139 1021 1020 1026 
2140 1022 1021 1027 
2141 1021 1026 1027 
2142 1023 1022 1028 
2143 1022 1027 1028 
2144 1024 1023 1029 
2145 1023 1028 1029 
2146 1025 1024 1030 
2147 1024 1029 1030 
2148 1025 1030 1031 
2149 1025 1031 1194 
2150 1027 1026 1032 
2151 1028 1027 1033 
2152 1027 1032 1033 
2153 1029 1028 1034 
2154 1028 1033 1034 
2155 1030 1029 1035 
2156 1029 1034 1035 
2157 1031 1030 1036 
2158 1030 1035 1036 
2159 1031 1036 1037 
2160 1031 1037 1189 
2161 1031 1189 1194 
2162 1033 1032 1038 
2163 1034 1033 1039 
2164 1033 1038 1039 
2165 1035 1034 1040 
2166 1034 1039 1040 
2167 1036 1035 1041 
2168 1035 1040 1041 
2169 1037 1036 1042 
2170 1036 1041 1042 
2171 1037 1042 1043 
2172 1037 1043 1203 
2173 1037 1203 1189 
2174 1039 1038 1044 
2175 1040 1039 1045 
2176 1039 1044 1045 
2177 1041 1040 1046 
2178 1040 1045 1046 
2179 1042 1041 1047 
2180 1041 1046 1047 
2181 1043 1042 1048 
2182 1042 1047 1048 
2183 1043 1048 1049 
2184 1049 1193 1043 
2185 1193 1230 1043 
2186 1043 1230 1203 
2187 1045 1044 1050 
2188 1046 1045 1051 
2189 1045 1050 1051 
2190 1047 1046 1052 
2191 1046 1051 1052 
2192 1048 1047 1053 
2193 1047 1052 1053 
2194 1049 1048 1054 
2195 1048 1053 1054 
2196 1049 1054 1055 
2197 1055 1198 1049 
2198 1198 1193 1049 
2199 1051 1050 1056 
2200 1052 1051 1057 
2201 1051 1056 1057 
2202 1053 1052 1058 
2203 1052 1057 1058 
2204 1054 1053 1059 
2205 1053 1058 1059 
2206 1055 1054 1060 
2207 1054 1059 1060 
2208 1055 1060 1061 
2209 1061 1199 1055 
2210 1199 1198 1055 
2211 1057 1056 1062 
2212 1058 1057 1063 
2213 1057 1062 1063 
2214 1059 1058 1064 
2215 1058 1063 1064 
2216 1060 1059 1065 
2217 1059 1064 1065 
2218 1061 1060 1066 
2219 1060 1065 1066 
2220 1061 1066 1067 
2221 1061 1067 1199 
2222 1063 1062 1068 
2223 1064 1063 1069 
2224 1063 1068 1069 
2225 1065 1064 1070 
2226 1064 1069 1070 
2227 1066 1065 1071 
2228 1065 1070 1071 
2229 1067 1066 1072 
2230 1066 1071 1072 
2231 1067 1072 1073 
2232 1067 1073 1201 
2233 1067 1201 1199 
2234 1069 1068 1074 
2235 1070 1069 1075 
2236 1069 1074 1075 
2237 1071 1070 1076 
2238 1070 1075 1076 
2239 1072 1071 1077 
2240 1071 1076 1077 
2241 1073 1072 1078 
2242 1072 1077 1078 
2243 1073 1078 1079 
2244 1073 1079 1208 
2245 1073 1208 1201 
2246 1075 1074 1080 
2247 1076 1075 1081 
2248 1075 1080 1081 
2249 1077 1076 1082 
2250 1076 1081 1082 
2251 1078 1077 1083 
2252 1077 1082 1083 
2253 1079 1078 1084 
2254 1078 1083 1084 
2255 1079 1084 1085 
2256 1085 1204 1079 
2257 1204 1231 1079 
2258 1079 1231 1208 
2259 1081 1080 1086 
2260 1082 1081 1087 
2261 1081 1086 1087 
2262 1083 1082 1088 
2263 1082 1087 1088 
2264 1084 1083 1089 
2265 1083 1088 1089 
2266 1085 1084 1090 
2267 1084 1089 1090 
2268 1085 1090 1091 
2269 1091 1207 1085 
2270 1207 1204 1085 
2271 1196 1207 1091 
2272 1092 1093 1094 
2273 1185 1093 1092 
2274 1095 1092 1094 
2275 1186 1092 1095 
2276 1186 1185 1092 
2277 1094 1093 1101 
2278 1101 1093 1105 
2279 1105 1093 1109 
2280 1109 1093 1113 
2281 1113 1093 1117 
2282 1117 1093 1121 
2283 1121 1093 1125 
2284 1125 1093 1129 
2285 1129 1093 1133 
2286 1133 1093 1137 
2287 1137 1093 1141 
2288 1141 1093 1145 
2289 1145 1093 1149 
2290 1149 1093 1153 
2291 1153 1093 1157 
2292 1157 1093 1161 
2293 1161 1093 1165 
2294 1165 1093 1169 
2295 1169 1093 1173 
2296 1173 1093 1177 
2297 1177 1093 1181 
2298 1181 1093 1185 
2299 1095 1094 1096 
2300 1096 1094 1101 
2301 1097 1095 1096 
2302 1187 1095 1097 
2303 1187 1186 1095 
2304 1097 1096 1098 
2305 1098 1096 1102 
2306 1096 1101 1102 
2307 1099 1097 1098 
2308 1188 1097 1099 
2309 1188 1187 1097 
2310 1099 1098 1100 
2311 1100 1098 1103 
2312 1098 1102 1103 
2313 1100 1103 1104 
2314 1102 1101 1105 
2315 1103 1102 1106 
2316 1102 1105 1106 
2317 1104 1103 1107 
2318 1103 1106 1107 
2319 1104 1107 1108 
2320 1106 1105 1109 
2321 1107 1106 1110 
2322 1106 1109 1110 
2323 1108 1107 1111 
2324 1107 1110 1111 
2325 1108 1111 1112 
2326 1110 1109 1113 
2327 1111 1110 1114 
2328 1110 1113 1114 
2329 1112 1111 1115 
2330 1111 1114 1115 
2331 1112 1115 1116 
2332 1114 1113 1117 
2333 1115 1114 1118 
2334 1114 1117 1118 
2335 1116 1115 1119 
2336 1115 1118 1119 
2337 1116 1119 1120 
2338 1118 1117 1121 
2339 1119 1118 1122 
2340 1118 1121 1122 
2341 1120 1119 1123 
2342 1119 1122 1123 
2343 1120 1123 1124 
2344 1122 1121 1125 
2345 1123 1122 1126 
2346 1122 1125 1126 
2347 1124 1123 1127 
2348 1123 1126 1127 
2349 1124 1127 1128 
2350 1126 1125 1129 
2351 1127 1126 1130 
2352 1126 1129 1130 
2353 1128 1127 1131 
2354 1127 1130 1131 
2355 1128 1131 1132 
2356 1130 1129 1133 
2357 1131 1130 1134 
2358 1130 1133 1134 
2359 1132 1131 1135 
2360 1131 1134 1135 
2361 1132 1135 1136 
2362 1134 1133 1137 
2363 1135 1134 1138 
2364 1134 1137 1138 
2365 1136 1135 1139 
2366 1135 1138 1139 
2367 1136 1139 1140 
2368 1138 1137 1141 
2369 1139 1138 1142 
2370 1138 1141 1142 
2371 1140 1139 1143 
2372 1139 1142 1143 
2373 1140 1143 1144 
2374 1142 1141 1145 
2375 1143 1142 1146 
2376 1142 1145 1146 
2377 1144 1143 1147 
2378 1143 1146 1147 
2379 1144 1147 1148 
2380 1146 1145 1149 
2381 1147 1146 1150 
2382 1146 1149 1150 
2383 1148 1147 1151 
2384 1147 1150 1151 
2385 1148 1151 1152 
2386 1150 1149 1153 
2387 1151 1150 1154 
2388 1150 1153 1154 
2389 1152 1151 1155 
2390 1151 1154 1155 
2391 1152 1155 1156 
2392 1154 1153 1157 
2393 1155 1154 1158 
2394 1154 1157 1158 
2395 1156 1155 1159 
2396 1155 1158 1159 
2397 1156 1159 1160 
2398 1158 1157 1161 
2399 1159 1158 1162 
2400 1158 1161 1162 
2401 1160 1159 1163 
2402 1159 1162 1163 
2403 1160 1163 1164 
2404 1162 1161 1165 
2405 1163 1162 1166 
2406 1162 1165 1166 
2407 1164 1163 1167 
2408 1163 1166 1167 
2409 1164 1167 1168 
2410 1166 1165 1169 
2411 1167 1166 1170 
2412 1166 1169 1170 
2413 1168 1167 1171 
2414 1167 1170 1171 
2415 1168 1171 1172 
2416 1170 1169 1173 
2417 1171 1170 1174 
2418 1170 1173 1174 
2419 1172 1171 1175 
2420 1171 1174 1175 
2421 1172 1175 1176 
2422 1174 1173 1177 
2423 1175 1174 1178 
2424 1174 1177 1178 
2425 1176 1175 1179 
2426 1175 1178 1179 
2427 1176 1179 1180 
2428 1178 1177 1181 
2429 1179 1178 1182 
2430 1178 1181 1182 
2431 1180 1179 1183 
2432 1179 1182 1183 
2433 1180 1183 1184 
2434 1182 1181 1185 
2435 1183 1182 1186 
2436 1182 1185 1186 
2437 1184 1183 1187 
2438 1183 1186 1187 
2439 1184 1187 1188 
2440 1215 1189 1203 
2441 1192 1190 1219 
2442 1190 1202 1218 
2443 1190 1218 1219 
2444 1223 1191 1206 
2445 1192 1219 1217 
2446 1232 1192 1217 
2447 1193 1198 1222 
2448 1226 1193 1222 
2449 1230 1193 1226 
2450 1228 1205 1195 
2451 1208 1227 1201 
2452 1220 1202 1205 
2453 1202 1220 1218 
2454 1229 1215 1203 
2455 1225 1229 1203 
2456 1230 1225 1203 
2457 1204 1207 1209 
2458 1205 1228 1220 
2459 1216 1223 1206 
2460 1206 1232 1216 
2461 1221 1227 1208 
2462 1231 1221 1208 
2463 1232 1217 1216 
2464 1225 1230 1226 
3 1 4 4393
2465 877 1292 1283 1362 
2466 1263 1284 1277 1298 
2467 590 1270 1269 1310 
2468 166 165 167 1287 
2469 1255 1244 1322 1323 
2470 1269 1270 1250 1310 
2471 1250 1277 1298 1346 
2472 1277 1298 1284 1353 
2473 1045 1039 1040 1265 
2474 1277 1250 1298 1353 
2475 1246 1297 1277 1309 
2476 1057 1051 1052 1265 
2477 1297 1304 1256 1374 
2478 512 1255 1291 1320 
2479 1242 1263 1301 1321 
2480 1242 1263 1277 1298 
2481 1256 1304 1297 1341 
2482 1277 1297 1256 1309 
2483 668 669 1278 1282 
2484 1263 1298 1242 1301 
2485 1062 1063 1068 1271 
2486 1045 1040 1046 1265 
2487 512 1291 1255 1315 
2488 985 979 980 1293 
2489 1255 1292 1244 1323 
2490 589 1270 590 1310 
2491 1057 1279 1063 1281 
2492 1265 1271 1062 1356 
2493 1243 1275 1263 1301 
2494 325 244 243 332 
2495 1259 992 1293 1324 
2496 1260 1301 1337 1361 
2497 986 1259 992 1293 
2498 1256 1309 1297 1374 
2499 1246 1277 1241 1309 
2500 977 1236 975 1261 
2501 1082 1281 1260 1363 
2502 1243 1262 1254 1303 
2503 1260 1281 1082 1316 
2504 1052 1058 1057 1265 
2505 619 1295 1260 1316 
2506 619 1295 1316 1347 
2507 1243 1254 1273 1303 
2508 1244 1255 1282 1292 
2509 1254 1243 1273 1291 
2510 887 1273 1275 1292 
2511 1056 1265 1062 1356 
2512 1057 1058 1063 1279 
2513 1057 1265 1058 1279 
2514 1277 1309 1250 1353 
2515 1260 1337 1287 1361 
2516 1083 1237 1089 1363 
2517 1243 1275 1301 1337 
2518 775 1319 783 1351 
2519 1083 1260 1082 1316 
2520 1282 1327 873 1362 
2521 1244 1290 1255 1322 
2522 1057 1265 1279 1281 
2523 1046 1052 1265 1302 
2524 1256 1304 1311 1374 
2525 1242 1281 1258 1298 
2526 1258 1268 1249 1306 
2527 771 1273 1303 1351 
2528 1244 1282 1255 1290 
2529 668 663 669 1282 
2530 1256 1311 1304 1341 
2531 1241 1277 1263 1284 
2532 1250 1309 1277 1346 
2533 1249 1268 1258 1321 
2534 660 1282 533 1358 
2535 533 1282 660 1314 
2536 1243 1275 1273 1292 
2537 980 986 985 1293 
2538 208 213 328 214 
2539 234 228 227 233 
2540 1273 1291 1243 1323 
2541 1245 1316 1295 1347 
2542 244 325 243 235 
2543 1243 1263 1275 1292 
2544 1258 1242 1298 1301 
2545 1278 1312 673 1314 
2546 1241 1277 1284 1353 
2547 1284 1285 1252 1296 
2548 1249 1306 1268 1326 
2549 971 1261 977 1326 
2550 971 1192 977 1261 
2551 1243 1263 1292 1323 
2552 1273 1275 1243 1351 
2553 1051 1045 1046 1265 
2554 1246 1297 1309 1374 
2555 1303 1319 775 1351 
2556 590 1310 1269 1350 
2557 1284 1298 1263 1301 
2558 1241 1263 1275 1284 
2559 1257 1285 1284 1296 
2560 1269 1309 584 1374 
2561 1058 1064 1063 1279 
2562 1063 1069 1068 1271 
2563 951 961 1268 1306 
2564 1082 1281 1076 1316 
2565 947 945 1240 1248 
2566 1056 1057 1062 1265 
2567 1040 1265 1039 1289 
2568 668 662 663 1282 
2569 660 1282 661 1314 
2570 512 1320 1291 1360 
2571 854 1278 859 1352 
2572 1243 1287 1337 1361 
2573 250 244 331 243 
2574 1083 1082 1260 1363 
2575 1275 1284 1263 1301 
2576 1255 1322 1315 1323 
2577 1280 1312 555 1313 
2578 1241 1317 1283 1340 
2579 576 1309 1270 1332 
2580 1082 1281 1363 1370 
2581 1247 1264 1256 1375 
2582 1256 1264 1247 1277 
2583 927 925 1251 1308 
2584 1083 1260 1237 1363 
2585 1242 1277 1263 1321 
2586 195 187 196 201 
2587 598 1310 1257 1366 
2588 313 317 319 318 
2589 584 1269 590 1270 
2590 1242 1281 1271 1370 
2591 1255 1315 1290 1358 
2592 1284 1301 1275 1337 
2593 670 1278 669 1282 
2594 877 1327 1292 1362 
2595 1037 1203 1043 1332 
2596 519 1315 1255 1358 
2597 1256 1264 1328 1375 
2598 1259 992 1324 1342 
2599 145 139 137 1304 
2600 1245 1260 1301 1337 
2601 66 74 65 81 
2602 512 513 1255 1320 
2603 771 1275 1273 1351 
2604 556 1313 1312 1357 
2605 1280 1313 1247 1340 
2606 1241 1309 1277 1353 
2607 512 1255 519 1315 
2608 1254 1291 1273 1320 
2609 520 1255 513 1320 
2610 625 1287 1260 1295 
2611 1253 1313 1280 1340 
2612 1255 1291 1273 1323 
2613 1242 1305 1277 1321 
2614 1203 1230 1043 1332 
2615 1013 1239 1007 1307 
2616 1260 1295 1245 1316 
2617 1244 1263 1322 1323 
2618 1063 1279 1064 1281 
2619 1046 1052 1051 1265 
2620 1290 1315 525 1358 
2621 1241 1246 1317 1340 
2622 664 670 669 1282 
2623 1249 1268 1321 1326 
2624 1243 1254 1262 1287 
2625 12 14 13 44 
2626 951 1306 1268 1370 
2627 704 1274 703 1317 
2628 509 1291 1315 1318 
2629 1247 1305 1280 1340 
2630 971 1318 1261 1326 
2631 1297 1304 1266 1341 
2632 1242 1301 1258 1321 
2633 1082 1076 1077 1316 
2634 864 869 868 1282 
2635 1258 1298 1281 1301 
2636 595 1302 1270 1310 
2637 992 1259 986 1342 
2638 660 661 1282 1358 
2639 1241 1275 1263 1355 
2640 1265 1279 1250 1302 
2641 584 589 583 1270 
2642 1277 1242 1298 1346 
2643 1253 1340 1280 1372 
2644 1262 1288 1254 1371 
2645 1250 1289 1265 1302 
2646 1250 1270 1269 1309 
2647 1263 1283 1275 1292 
2648 169 1288 1333 1334 
2649 676 1278 682 1312 
2650 577 584 1309 1374 
2651 699 1345 1317 1357 
2652 939 941 1308 1356 
2653 1077 1083 1082 1316 
2654 1269 1310 1250 1353 
2655 1292 1327 1282 1362 
2656 1255 1320 521 1358 
2657 1260 1258 1301 1361 
2658 1041 1042 1233 1270 
2659 1258 1281 1242 1370 
2660 980 1259 986 1293 
2661 1090 1089 1237 1363 
2662 1265 1271 1242 1281 
2663 887 882 1273 1292 
2664 872 877 1283 1362 
2665 1276 1280 1247 1305 
2666 682 1312 1278 1352 
2667 1043 1233 1042 1270 
2668 1027 1289 1033 1339 
2669 245 167 1287 1288 
2670 1090 1237 1091 1363 
2671 584 590 589 1270 
2672 1264 1277 1256 1346 
2673 703 1274 1266 1317 
2674 193 199 198 1335 
2675 1112 1109 1108 1294 
2676 1184 1181 1180 1294 
2677 1160 1157 1156 1294 
2678 1136 1133 1132 1294 
2679 1104 1108 1105 1294 
2680 1176 1180 1177 1294 
2681 1152 1156 1153 1294 
2682 1128 1132 1129 1294 
2683 595 1302 1310 1373 
2684 1065 1070 1064 1316 
2685 1247 1313 1297 1340 
2686 1241 1277 1246 1297 
2687 1242 1293 1251 1338 
2688 1246 1304 1297 1374 
2689 544 1312 1280 1314 
2690 925 1308 923 1368 
2691 1260 1295 1287 1337 
2692 1100 1104 1101 1294 
2693 1172 1176 1173 1294 
2694 1124 1128 1125 1294 
2695 1148 1152 1149 1294 
2696 1243 1254 1287 1291 
2697 1188 1185 1184 1294 
2698 1116 1113 1112 1294 
2699 1160 1164 1161 1294 
2700 1140 1137 1136 1294 
2701 1264 1289 1256 1328 
2702 1257 1310 598 1350 
2703 973 979 1293 1326 
2704 1283 1317 1241 1355 
2705 1264 1338 1251 1339 
2706 1071 1070 1065 1316 
2707 1276 1300 1280 1305 
2708 556 555 1312 1313 
2709 615 1295 1285 1330 
2710 1099 1100 1094 1294 
2711 1168 1172 1169 1294 
2712 1120 1124 1121 1294 
2713 1144 1148 1145 1294 
2714 1243 1292 1273 1323 
2715 1244 1292 1263 1323 
2716 627 1262 1287 1295 
2717 1312 1313 1253 1357 
2718 1099 1092 1188 1294 
2719 1120 1117 1116 1294 
2720 1164 1168 1165 1294 
2721 1140 1144 1141 1294 
2722 1297 1317 1246 1340 
2723 1242 1251 1264 1338 
2724 1253 1297 1313 1340 
2725 975 980 974 1326 
2726 1262 1303 1243 1351 
2727 1256 1277 1309 1346 
2728 669 663 664 1282 
2729 864 863 1278 1282 
2730 213 336 330 328 
2731 1021 1264 1027 1339 
2732 1264 1256 1289 1346 
2733 541 1276 1300 1367 
2734 1285 1295 614 1347 
2735 1191 1306 1267 1318 
2736 190 189 188 1333 
2737 519 525 1315 1358 
2738 1280 1340 1305 1372 
2739 927 929 1308 1356 
2740 1290 1315 1255 1322 
2741 1282 1290 1244 1314 
2742 1256 1309 1289 1346 
2743 1063 1069 1271 1281 
2744 1284 1296 1252 1365 
2745 1275 1283 1263 1355 
2746 1250 1279 1265 1298 
2747 986 991 985 1293 
2748 172 189 170 1333 
2749 1243 1275 1337 1351 
2750 975 977 1261 1326 
2751 549 555 1280 1312 
2752 1027 1028 1033 1289 
2753 731 1350 1257 1366 
2754 1241 1283 1263 1340 
2755 703 698 699 1266 
2756 1241 1263 1283 1355 
2757 1263 1244 1283 1292 
2758 1245 1260 1258 1301 
2759 1276 1324 992 1342 
2760 15 13 14 44 
2761 672 673 1312 1314 
2762 873 878 877 1327 
2763 612 618 1316 1347 
2764 1242 1264 1251 1339 
2765 595 594 1270 1302 
2766 1258 1268 1242 1321 
2767 1273 1292 1255 1323 
2768 519 513 520 1255 
2769 1039 1289 1265 1339 
2770 1245 1284 1285 1337 
2771 1203 575 1230 1332 
2772 1242 1271 1268 1370 
2773 1278 1282 1244 1314 
2774 519 512 513 1255 
2775 1258 1242 1268 1370 
2776 1295 1330 615 1344 
2777 1280 1300 1276 1367 
2778 961 1268 1306 1326 
2779 619 1316 618 1347 
2780 268 270 274 273 
2781 1257 1350 598 1366 
2782 980 1259 1326 1342 
2783 521 1255 520 1320 
2784 1257 1296 1284 1299 
2785 1074 1068 1069 1271 
2786 591 590 1269 1350 
2787 1260 1281 1258 1363 
2788 1277 1305 1263 1321 
2789 1243 1301 1263 1323 
2790 772 1283 1275 1355 
2791 1270 1302 1250 1310 
2792 1261 1300 528 1342 
2793 1230 1270 1043 1332 
2794 1078 1083 1077 1316 
2795 1055 1234 1049 1302 
2796 1266 1313 565 1357 
2797 1033 1289 1039 1339 
2798 65 79 86 80 
2799 625 626 1287 1295 
2800 595 594 1302 1373 
2801 565 1313 1266 1341 
2802 864 868 863 1282 
2803 1317 1345 843 1352 
2804 1244 1263 1283 1340 
2805 1259 1300 1276 1305 
2806 1241 1284 1275 1299 
2807 1244 1263 1305 1322 
2808 668 674 673 1278 
2809 1252 1285 1284 1337 
2810 583 1270 576 1309 
2811 991 986 992 1293 
2812 14 159 52 89 
2813 773 1303 775 1351 
2814 325 243 235 234 
2815 520 519 1255 1358 
2816 1078 1084 1083 1316 
2817 1246 1269 1241 1286 
2818 1242 1265 1251 1271 
2819 686 1312 1345 1357 
2820 951 953 961 1306 
2821 1034 1033 1028 1289 
2822 973 1293 1268 1326 
2823 1242 1268 1259 1321 
2824 541 1300 1280 1367 
2825 1280 1300 542 1314 
2826 1238 1011 1307 1375 
2827 782 775 783 1351 
2828 951 953 1306 1370 
2829 1247 1256 1272 1375 
2830 1258 1363 1281 1370 
2831 619 613 1295 1347 
2832 1273 1303 1254 1364 
2833 1244 1280 1300 1305 
2834 577 583 576 1309 
2835 1241 1269 1309 1353 
2836 674 673 1278 1312 
2837 1262 1287 1254 1288 
2838 1018 1017 1238 1272 
2839 631 1260 625 1287 
2840 182 189 172 1333 
2841 1286 1299 813 1343 
2842 1249 1291 1267 1318 
2843 1259 1321 1268 1326 
2844 1065 1064 1279 1316 
2845 540 1300 1276 1342 
2846 682 1345 1312 1352 
2847 631 1267 1260 1287 
2848 1280 1305 1244 1372 
2849 583 577 584 1309 
2850 615 614 1285 1295 
2851 1245 1295 1260 1337 
2852 1268 1293 1242 1336 
2853 1284 1299 1296 1365 
2854 36 21 27 22 
2855 1273 1291 1255 1320 
2856 512 1291 1334 1360 
2857 1253 1317 1297 1340 
2858 1066 1071 1065 1316 
2859 1258 1281 1245 1301 
2860 1027 1264 1021 1328 
2861 627 1287 626 1295 
2862 1072 1067 1073 1316 
2863 927 925 1020 1251 
2864 1085 1079 1204 1316 
2865 1285 1295 1245 1337 
2866 595 1270 589 1310 
2867 556 1312 557 1357 
2868 1262 1254 1303 1371 
2869 1273 1243 1303 1351 
2870 1027 1264 1328 1339 
2871 625 1260 619 1295 
2872 715 1331 1274 1354 
2873 1247 1256 1277 1297 
2874 1243 1337 1301 1361 
2875 1205 540 1276 1342 
2876 1246 1266 1297 1304 
2877 585 1269 584 1374 
2878 672 1312 545 1314 
2879 883 1273 882 1327 
2880 1259 1324 1276 1342 
2881 311 235 244 306 
2882 1281 1298 1245 1301 
2883 1073 1201 1208 1316 
2884 1315 1322 1249 1323 
2885 1269 1331 587 1350 
2886 1033 1034 1039 1289 
2887 613 614 1295 1347 
2888 1204 1079 1231 1316 
2889 1252 1284 1275 1337 
2890 1244 1305 1263 1340 
2891 1321 1322 1263 1323 
2892 961 1306 962 1326 
2893 772 872 877 1283 
2894 1300 1305 1259 1322 
2895 1073 1067 1201 1316 
2896 169 1287 167 1288 
2897 1250 1265 1289 1346 
2898 715 1286 721 1331 
2899 1268 1293 973 1369 
2900 715 1286 1331 1354 
2901 92 15 91 45 
2902 726 1286 727 1343 
2903 556 555 550 1312 
2904 1252 1295 1285 1337 
2905 1242 1277 1305 1336 
2906 961 953 962 1306 
2907 1245 1295 1285 1347 
2908 1241 1317 1246 1355 
2909 520 1255 521 1358 
2910 1259 1293 1268 1336 
2911 688 1312 682 1345 
2912 549 550 555 1312 
2913 182 188 189 1333 
2914 986 1259 980 1342 
2915 939 1308 937 1356 
2916 1309 1311 577 1374 
2917 52 14 15 91 
2918 1287 1291 1254 1334 
2919 1241 1286 1269 1353 
2920 991 1293 992 1324 
2921 702 1266 703 1274 
2922 1258 1260 1245 1281 
2923 510 1291 512 1315 
2924 1243 1291 1287 1361 
2925 1251 1271 1265 1356 
2926 1253 1283 1317 1340 
2927 1266 1274 702 1304 
2928 182 1329 188 1333 
2929 608 1310 1285 1347 
2930 182 172 1329 1333 
2931 621 1295 615 1344 
2932 1034 1029 1035 1328 
2933 1285 1295 1252 1330 
2934 1230 582 1270 1332 
2935 767 1262 1303 1371 
2936 1253 1312 1280 1313 
2937 1017 1238 1272 1375 
2938 540 1195 1205 1276 
2939 1249 1321 1259 1326 
2940 576 1311 1309 1332 
2941 597 598 1310 1350 
2942 931 1308 929 1356 
2943 1284 1298 1250 1353 
2944 683 689 688 1345 
2945 1255 1290 1282 1358 
2946 1061 1066 1060 1279 
2947 1063 1064 1069 1281 
2948 731 730 1350 1366 
2949 1029 1034 1028 1328 
2950 627 1262 165 1287 
2951 1250 1298 1284 1348 
2952 1243 1287 1262 1337 
2953 1254 1333 1288 1334 
2954 1205 1202 534 1342 
2955 771 1303 773 1351 
2956 1251 1293 1268 1369 
2957 1242 1251 1265 1339 
2958 732 727 733 1343 
2959 1065 1060 1066 1279 
2960 923 1235 1014 1368 
2961 973 1293 979 1369 
2962 1261 1290 529 1300 
2963 1278 1282 863 1362 
2964 1241 1263 1277 1340 
2965 1251 1242 1268 1293 
2966 1260 1287 1267 1361 
2967 819 1286 824 1354 
2968 1268 1306 1258 1370 
2969 1066 1061 1067 1279 
2970 1246 1269 1286 1331 
2971 878 883 882 1327 
2972 1248 1251 1308 1356 
2973 1285 1310 603 1366 
2974 509 510 1291 1334 
2975 1252 1337 1275 1351 
2976 1027 1021 1022 1328 
2977 544 1280 543 1314 
2978 1040 1039 1034 1289 
2979 1245 1281 1260 1316 
2980 1244 1282 1278 1362 
2981 545 1312 544 1314 
2982 1050 1265 1056 1356 
2983 1259 1305 1276 1336 
2984 202 196 207 201 
2985 696 114 108 1266 
2986 1244 1292 1282 1362 
2987 1060 1065 1059 1279 
2988 21 13 15 44 
2989 1317 1354 1246 1355 
2990 1242 1321 1259 1336 
2991 1074 1069 1075 1271 
2992 1242 1251 1268 1271 
2993 1253 1317 1283 1352 
2994 1265 1281 1242 1298 
2995 1241 1297 1246 1340 
2996 867 872 1283 1362 
2997 1241 1277 1297 1340 
2998 1021 1015 1016 1375 
2999 510 509 1291 1315 
3000 536 1300 1290 1314 
3001 534 528 1300 1342 
3002 979 973 974 1326 
3003 732 726 727 1343 
3004 603 597 598 1310 
3005 1282 1292 1255 1327 
3006 682 688 687 1312 
3007 172 170 1329 1333 
3008 1259 1268 1242 1336 
3009 1304 1311 569 1341 
3010 927 1308 1251 1356 
3011 923 1308 921 1368 
3012 1256 1328 1272 1375 
3013 675 1278 676 1312 
3014 717 1331 718 1350 
3015 1247 1272 1256 1341 
3016 14 12 51 44 
3017 1075 1080 1074 1271 
3018 159 14 52 91 
3019 1263 1321 1305 1322 
3020 970 969 964 1318 
3021 1252 1296 1285 1330 
3022 1286 1299 1257 1353 
3023 688 687 1312 1345 
3024 1085 1204 1260 1316 
3025 964 969 963 1318 
3026 523 1290 1261 1315 
3027 1247 1256 1297 1341 
3028 1034 1035 1289 1328 
3029 1241 1299 1275 1355 
3030 925 1251 1308 1368 
3031 661 662 1282 1358 
3032 1241 1299 1286 1353 
3033 558 1272 1307 1367 
3034 169 1287 1288 1334 
3035 619 625 624 1260 
3036 688 682 683 1345 
3037 584 577 578 1374 
3038 585 584 578 1374 
3039 717 587 1331 1350 
3040 1286 1343 726 1350 
3041 51 15 14 44 
3042 686 685 1312 1357 
3043 559 1313 1272 1367 
3044 1253 1297 1266 1313 
3045 1064 1070 1069 1281 
3046 842 1283 1317 1352 
3047 1250 1298 1265 1346 
3048 1245 1285 1284 1348 
3049 557 1312 684 1357 
3050 541 1276 540 1300 
3051 1082 1363 1088 1370 
3052 1312 1314 1278 1372 
3053 1245 1298 1284 1301 
3054 1213 190 197 1333 
3055 558 1197 1210 1307 
3056 512 1291 510 1334 
3057 1075 1271 1069 1281 
3058 887 1273 771 1275 
3059 767 762 768 1319 
3060 1247 1277 1264 1336 
3061 74 79 65 80 
3062 585 586 1269 1331 
3063 1261 1249 1315 1322 
3064 1242 1305 1321 1336 
3065 953 1363 1306 1370 
3066 1208 612 1231 1316 
3067 561 565 1313 1357 
3068 1280 1314 1312 1372 
3069 1034 1035 1040 1289 
3070 1029 1035 1328 1332 
3071 676 682 681 1312 
3072 952 1363 953 1370 
3073 520 525 519 1358 
3074 504 1267 506 1318 
3075 1021 1264 1015 1375 
3076 1035 1041 1040 1289 
3077 949 951 960 1268 
3078 726 1343 732 1350 
3079 577 1309 576 1311 
3080 749 1344 1330 1359 
3081 744 1330 1296 1359 
3082 863 1282 868 1362 
3083 631 625 626 1287 
3084 904 906 1108 1294 
3085 940 942 1180 1294 
3086 916 918 1132 1294 
3087 928 930 1156 1294 
3088 685 684 1312 1357 
3089 529 528 1261 1300 
3090 517 1315 523 1318 
3091 1017 1011 1238 1375 
3092 944 1184 942 1294 
3093 1112 906 908 1294 
3094 1160 930 932 1294 
3095 920 1136 918 1294 
3096 1202 1190 534 1342 
3097 1241 1246 1354 1355 
3098 520 526 525 1358 
3099 1252 1330 1295 1344 
3100 843 839 844 1345 
3101 1249 1315 1291 1318 
3102 307 309 308 314 
3103 1257 1350 1286 1353 
3104 699 695 700 1345 
3105 902 904 1104 1294 
3106 938 940 1176 1294 
3107 914 916 1128 1294 
3108 926 928 1152 1294 
3109 1266 1274 1246 1317 
3110 1287 1295 1262 1337 
3111 1285 1296 1257 1366 
3112 888 1303 1273 1364 
3113 1027 1022 1028 1328 
3114 1253 1345 1312 1357 
3115 1258 1249 1321 1361 
3116 813 1286 812 1299 
3117 554 1280 1313 1367 
3118 505 1267 631 1287 
3119 1279 1281 1265 1298 
3120 616 615 1330 1344 
3121 1249 1259 1322 1326 
3122 1051 1056 1050 1265 
3123 612 613 618 1347 
3124 1246 1286 1241 1354 
3125 11 10 12 43 
3126 594 588 589 1270 
3127 1266 1297 1253 1317 
3128 1249 1259 1321 1322 
3129 543 1280 542 1314 
3130 601 1310 1347 1373 
3131 13 11 12 43 
3132 682 687 681 1312 
3133 946 1188 944 1294 
3134 910 1116 908 1294 
3135 934 1164 932 1294 
3136 922 1140 920 1294 
3137 188 1329 197 1333 
3138 901 902 1100 1294 
3139 936 938 1172 1294 
3140 912 914 1124 1294 
3141 924 926 1148 1294 
3142 931 933 1308 1356 
3143 771 773 1275 1351 
3144 1075 1081 1271 1370 
3145 599 598 1350 1366 
3146 1013 1272 1238 1307 
3147 1250 1348 1284 1353 
3148 695 699 694 1345 
3149 755 1344 749 1359 
3150 937 1308 935 1356 
3151 884 1273 883 1327 
3152 1257 1310 1285 1366 
3153 1275 1284 1252 1365 
3154 961 967 1268 1326 
3155 626 632 631 1287 
3156 1273 1255 1292 1327 
3157 613 619 618 1347 
3158 970 964 965 1318 
3159 974 980 979 1326 
3160 675 674 1278 1312 
3161 946 901 1099 1294 
3162 910 912 1120 1294 
3163 936 1168 934 1294 
3164 1276 1300 1259 1342 
3165 924 1144 922 1294 
3166 22 92 103 37 
3167 1059 1279 1058 1302 
3168 140 83 89 153 
3169 648 521 1320 1358 
3170 1267 1306 1249 1318 
3171 788 783 1319 1365 
3172 14 12 59 51 
3173 1016 1022 1021 1375 
3174 534 1300 540 1342 
3175 190 188 197 1333 
3176 1208 1316 1201 1347 
3177 1075 1271 1281 1370 
3178 1276 1305 1247 1336 
3179 554 1280 555 1313 
3180 819 824 823 1354 
3181 627 632 626 1287 
3182 602 1310 608 1347 
3183 970 965 971 1318 
3184 838 1317 839 1345 
3185 1242 1336 1293 1338 
3186 536 542 1300 1314 
3187 1289 1328 1035 1332 
3188 522 516 517 1318 
3189 586 1269 587 1350 
3190 993 998 992 1276 
3191 540 1276 541 1367 
3192 745 751 750 1359 
3193 993 999 998 1276 
3194 730 729 1350 1366 
3195 849 1345 854 1352 
3196 1245 1301 1284 1337 
3197 1246 1297 1266 1317 
3198 889 776 774 1364 
3199 594 588 1270 1302 
3200 1305 1340 1244 1372 
3201 602 601 1310 1347 
3202 1249 1322 1261 1326 
3203 1253 1345 1317 1352 
3204 1248 1308 1251 1368 
3205 842 1317 843 1352 
3206 1262 1295 627 1344 
3207 773 775 782 1351 
3208 1015 1020 1014 1338 
3209 1230 575 582 1332 
3210 530 1290 536 1300 
3211 1250 1289 1309 1346 
3212 1087 1081 1082 1370 
3213 669 675 674 1278 
3214 666 661 667 1314 
3215 582 576 583 1270 
3216 15 52 91 45 
3217 1249 1258 1306 1361 
3218 992 1276 998 1324 
3219 1250 1310 1302 1373 
3220 993 1276 992 1342 
3221 1257 1284 1285 1348 
3222 1058 1052 1053 1302 
3223 559 1272 558 1367 
3224 858 1352 1278 1362 
3225 798 1296 803 1365 
3226 589 595 594 1270 
3227 744 1296 745 1359 
3228 1286 1350 1269 1353 
3229 933 935 1308 1356 
3230 270 268 267 273 
3231 1238 1307 1272 1375 
3232 512 513 1320 1360 
3233 681 675 676 1312 
3234 532 526 527 1358 
3235 774 1303 888 1364 
3236 1261 1315 1249 1318 
3237 1260 1267 1258 1361 
3238 1262 1243 1337 1351 
3239 1289 1328 1264 1339 
3240 529 1261 523 1290 
3241 1044 1038 1039 1339 
3242 1247 1280 1276 1367 
3243 169 1333 170 1334 
3244 1190 1261 528 1342 
3245 542 1280 541 1300 
3246 1286 1331 1269 1350 
3247 812 1286 813 1354 
3248 854 859 858 1352 
3249 517 523 522 1318 
3250 859 1278 858 1352 
3251 1304 1331 579 1374 
3252 1076 1281 1070 1316 
3253 182 172 1325 1329 
3254 1253 1313 1266 1357 
3255 213 207 208 328 
3256 627 165 632 1287 
3257 967 972 966 1369 
3258 585 579 586 1331 
3259 1249 1261 1318 1326 
3260 774 775 773 1303 
3261 536 1290 530 1314 
3262 587 1269 586 1331 
3263 52 89 159 60 
3264 22 15 92 45 
3265 888 883 884 1273 
3266 1050 1044 1265 1356 
3267 1261 1315 1290 1322 
3268 1267 1334 1291 1361 
3269 1291 1334 1287 1361 
3270 1261 1322 1259 1326 
3271 772 867 872 1283 
3272 666 660 661 1314 
3273 729 599 1350 1366 
3274 733 728 734 1343 
3275 1246 1274 1266 1304 
3276 1266 1313 1297 1341 
3277 549 543 544 1280 
3278 950 952 951 1370 
3279 1257 1299 1286 1343 
3280 609 1285 603 1366 
3281 1250 1309 1269 1353 
3282 915 917 1308 1368 
3283 619 613 614 1295 
3284 702 698 703 1266 
3285 631 505 503 1267 
3286 131 701 137 1304 
3287 919 921 1308 1368 
3288 812 1299 1286 1354 
3289 961 966 960 1268 
3290 527 533 532 1358 
3291 1161 1159 1163 1160 
3292 1113 1111 1115 1112 
3293 1185 1183 1187 1184 
3294 1004 998 999 1324 
3295 1137 1135 1139 1136 
3296 1244 1305 1300 1322 
3297 558 1307 552 1367 
3298 203 1214 1213 1333 
3299 1244 1314 1280 1372 
3300 961 962 967 1326 
3301 529 1290 530 1300 
3302 1112 1108 1109 1111 
3303 1157 1159 1160 1156 
3304 1183 1180 1184 1181 
3305 1132 1136 1135 1133 
3306 1053 1059 1058 1302 
3307 687 686 1312 1345 
3308 1242 1264 1336 1338 
3309 1113 1116 1112 1115 
3310 1163 1161 1160 1164 
3311 1140 1136 1137 1139 
3312 1188 1184 1185 1187 
3313 1157 1155 1159 1156 
3314 1107 1109 1108 1111 
3315 1015 1264 1021 1338 
3316 1181 1179 1183 1180 
3317 1133 1131 1135 1132 
3318 1262 1252 1337 1344 
3319 992 986 987 1342 
3320 1163 1165 1164 1167 
3321 1115 1117 1116 1119 
3322 1139 1141 1140 1143 
3323 1092 1187 1097 1188 
3324 1249 1291 1315 1323 
3325 858 1278 863 1362 
3326 649 648 1320 1358 
3327 619 614 620 1295 
3328 1128 1131 1129 1132 
3329 1152 1155 1153 1156 
3330 1176 1179 1177 1180 
3331 1104 1107 1105 1108 
3332 1184 1180 942 1294 
3333 1108 906 1112 1294 
3334 1156 930 1160 1294 
3335 1132 918 1136 1294 
3336 1108 1104 904 1294 
3337 1180 1176 940 1294 
3338 1132 1128 916 1294 
3339 1156 1152 928 1294 
3340 1259 1321 1305 1336 
3341 566 1266 565 1357 
3342 1244 1300 1280 1314 
3343 521 520 515 1320 
3344 728 733 727 1343 
3345 1034 1289 1028 1328 
3346 1131 1128 1129 1127 
3347 91 160 125 159 
3348 1107 1104 1105 1103 
3349 1179 1176 1177 1175 
3350 1155 1152 1153 1151 
3351 949 1271 1268 1369 
3352 908 1294 906 1308 
3353 904 906 1294 1308 
3354 1117 1120 1116 1119 
3355 1140 1143 1141 1144 
3356 1164 1167 1165 1168 
3357 1099 1188 1092 1097 
3358 776 1303 774 1364 
3359 1075 1081 1080 1271 
3360 1172 1175 1173 1176 
3361 1124 1127 1125 1128 
3362 1100 1103 1101 1104 
3363 1148 1151 1149 1152 
3364 1252 1262 1337 1351 
3365 671 677 676 1278 
3366 998 1276 999 1324 
3367 767 766 1262 1371 
3368 504 506 508 1318 
3369 548 1280 554 1367 
3370 1147 1144 1145 1143 
3371 1171 1168 1169 1167 
3372 1123 1120 1121 1119 
3373 1098 1099 1094 1097 
3374 1175 1172 1173 1171 
3375 1127 1124 1125 1123 
3376 1103 1100 1101 1098 
3377 1151 1148 1149 1147 
3378 592 1269 586 1350 
3379 1168 1171 1169 1172 
3380 1120 1123 1121 1124 
3381 1099 1098 1094 1100 
3382 1144 1147 1145 1148 
3383 904 1294 902 1308 
3384 873 1282 874 1327 
3385 1031 1025 1194 1328 
3386 51 14 15 52 
3387 834 833 1274 1317 
3388 910 1294 908 1308 
3389 768 769 1303 1319 
3390 1104 1100 902 1294 
3391 595 589 590 1310 
3392 1176 1172 938 1294 
3393 1128 1124 914 1294 
3394 1152 1148 926 1294 
3395 949 1268 960 1369 
3396 153 89 140 159 
3397 509 508 506 1318 
3398 838 839 843 1345 
3399 616 622 621 1344 
3400 1184 944 1188 1294 
3401 1112 908 1116 1294 
3402 1160 932 1164 1294 
3403 1140 1136 920 1294 
3404 1258 1267 1260 1363 
3405 520 513 515 1320 
3406 1291 1320 1254 1360 
3407 993 992 987 1342 
3408 942 944 1294 1308 
3409 918 1294 916 1308 
3410 15 51 45 44 
3411 1026 927 1020 1251 
3412 959 1191 965 1306 
3413 916 1294 914 1308 
3414 920 1294 918 1308 
3415 942 1294 940 1308 
3416 994 1000 999 1276 
3417 650 649 1320 1358 
3418 973 1268 967 1326 
3419 946 1294 944 1308 
3420 1261 1326 1259 1342 
3421 902 1294 901 1308 
3422 960 1268 966 1369 
3423 1285 1330 1296 1366 
3424 724 719 725 1350 
3425 207 202 208 328 
3426 616 621 615 1344 
3427 1247 1272 1313 1367 
3428 1272 1313 559 1341 
3429 912 1294 910 1308 
3430 960 951 961 1268 
3431 914 1294 912 1308 
3432 715 721 720 1331 
3433 207 330 202 328 
3434 1082 1088 1087 1370 
3435 1021 1338 1264 1339 
3436 1261 1259 1322 1342 
3437 868 1282 873 1362 
3438 901 1294 946 1308 
3439 529 534 528 1300 
3440 1267 1287 1334 1361 
3441 746 752 751 1359 
3442 1274 1317 833 1354 
3443 1255 1315 1291 1323 
3444 1288 1329 169 1333 
3445 940 1294 938 1308 
3446 1257 1284 1348 1353 
3447 750 744 745 1359 
3448 1268 1271 1251 1369 
3449 920 922 1294 1308 
3450 1026 927 1251 1356 
3451 1100 1099 901 1294 
3452 1172 1168 936 1294 
3453 1124 1120 912 1294 
3454 1148 1144 924 1294 
3455 1286 1299 1241 1354 
3456 932 1294 930 1308 
3457 928 930 1294 1308 
3458 325 234 228 332 
3459 203 1329 1214 1333 
3460 548 549 554 1280 
3461 1259 1276 1324 1336 
3462 1244 1283 1292 1362 
3463 549 555 554 1280 
3464 946 1099 1188 1294 
3465 910 1120 1116 1294 
3466 1164 934 1168 1294 
3467 1140 922 1144 1294 
3468 1252 1319 1262 1351 
3469 919 1308 917 1368 
3470 1070 1075 1069 1281 
3471 1295 1337 1252 1344 
3472 926 928 1294 1308 
3473 828 1274 833 1354 
3474 932 934 1294 1308 
3475 1269 1331 1246 1374 
3476 531 530 1290 1314 
3477 168 170 169 1329 
3478 540 546 1195 1276 
3479 1212 1211 765 1288 
3480 938 1294 936 1308 
3481 823 818 819 1354 
3482 941 939 1062 1356 
3483 120 93 91 92 
3484 37 22 92 45 
3485 1044 1038 1339 1356 
3486 541 1280 547 1367 
3487 924 1294 922 1308 
3488 951 952 953 1370 
3489 926 1294 924 1308 
3490 1300 1322 1259 1342 
3491 602 607 601 1347 
3492 674 668 669 1278 
3493 1050 1044 1045 1265 
3494 1058 1059 1064 1279 
3495 1009 1015 1338 1375 
3496 936 1294 934 1308 
3497 746 745 1296 1359 
3498 590 596 595 1310 
3499 882 877 878 1327 
3500 818 1286 819 1354 
3501 1245 1284 1298 1348 
3502 702 697 698 1266 
3503 1317 1345 1253 1357 
3504 1301 1321 1263 1323 
3505 849 854 853 1352 
3506 739 1296 738 1343 
3507 1254 1320 1273 1364 
3508 999 993 994 1276 
3509 1001 1000 995 1276 
3510 1254 1364 1303 1371 
3511 978 972 973 1369 
3512 718 719 724 1350 
3513 28 22 103 37 
3514 749 748 1330 1344 
3515 848 843 1345 1352 
3516 768 1303 636 1371 
3517 858 853 854 1352 
3518 558 1272 1197 1307 
3519 546 1195 1276 1367 
3520 568 569 1311 1341 
3521 962 968 967 1326 
3522 738 1343 1296 1366 
3523 1193 1270 588 1302 
3524 889 774 888 1364 
3525 839 838 834 1317 
3526 1268 1293 1259 1326 
3527 1051 1057 1056 1265 
3528 1064 1059 1065 1279 
3529 995 1000 994 1276 
3530 1246 1331 1286 1354 
3531 1311 1341 1256 1349 
3532 590 584 585 1269 
3533 165 237 245 1262 
3534 986 980 981 1342 
3535 1276 1247 1324 1336 
3536 1264 1336 1324 1375 
3537 607 602 608 1347 
3538 949 1271 948 1370 
3539 721 1286 720 1331 
3540 1257 1348 1310 1353 
3541 737 736 731 1366 
3542 1324 1336 1247 1375 
3543 1255 1327 1320 1358 
3544 83 140 89 68 
3545 1247 1297 1313 1341 
3546 951 1268 949 1370 
3547 1247 1313 1272 1341 
3548 586 591 585 1269 
3549 1242 1277 1336 1346 
3550 1264 1338 1015 1375 
3551 189 170 1333 1334 
3552 1035 1030 1036 1332 
3553 1262 1337 1295 1344 
3554 1210 1307 1195 1367 
3555 1253 1280 1312 1372 
3556 1205 534 540 1342 
3557 676 670 671 1278 
3558 585 591 590 1269 
3559 773 782 1275 1351 
3560 592 591 1269 1350 
3561 1247 1307 1272 1367 
3562 1257 1285 1310 1348 
3563 925 923 1014 1368 
3564 529 535 534 1300 
3565 740 746 745 1296 
3566 949 1248 1271 1369 
3567 653 659 658 1327 
3568 967 966 1268 1369 
3569 670 676 675 1278 
3570 586 592 591 1269 
3571 1044 1339 1265 1356 
3572 1264 1247 1336 1375 
3573 1244 1340 1283 1372 
3574 1242 1264 1339 1346 
3575 615 620 614 1295 
3576 967 1268 973 1369 
3577 1258 1306 1267 1363 
3578 620 615 621 1295 
3579 720 714 715 1331 
3580 609 1330 1285 1366 
3581 1254 1288 1287 1334 
3582 1242 1339 1265 1346 
3583 767 1303 768 1371 
3584 535 529 530 1300 
3585 1017 1023 1022 1328 
3586 1247 1297 1277 1340 
3587 698 1266 697 1357 
3588 197 1329 203 1333 
3589 615 1285 609 1330 
3590 749 755 754 1344 
3591 981 987 986 1342 
3592 1075 1070 1076 1281 
3593 628 1262 627 1344 
3594 1264 1336 1277 1346 
3595 1247 1277 1305 1340 
3596 609 608 603 1285 
3597 746 751 745 1359 
3598 1290 1300 1261 1322 
3599 512 1334 511 1360 
3600 756 1319 762 1344 
3601 170 169 1329 1333 
3602 1306 1363 1258 1370 
3603 814 1286 813 1343 
3604 964 959 965 1306 
3605 1030 1035 1029 1332 
3606 1250 1270 1289 1302 
3607 245 167 165 1287 
3608 1020 1251 925 1368 
3609 574 1304 579 1374 
3610 701 1266 702 1304 
3611 764 770 769 1319 
3612 768 763 769 1319 
3613 1267 1291 1249 1361 
3614 1180 1181 1177 1294 
3615 1105 1108 1109 1294 
3616 848 1345 849 1352 
3617 1153 1156 1157 1294 
3618 1132 1133 1129 1294 
3619 59 58 12 88 
3620 1185 1181 1184 1294 
3621 1109 1112 1113 1294 
3622 1161 1157 1160 1294 
3623 1137 1133 1136 1294 
3624 1105 1101 1104 1294 
3625 1177 1173 1176 1294 
3626 1129 1125 1128 1294 
3627 1153 1149 1152 1294 
3628 52 91 125 159 
3629 797 772 1275 1355 
3630 36 22 37 44 
3631 730 731 736 1366 
3632 1026 929 927 1356 
3633 859 864 863 1278 
3634 1101 1094 1100 1294 
3635 1173 1169 1172 1294 
3636 775 1303 777 1319 
3637 1125 1121 1124 1294 
3638 1149 1145 1148 1294 
3639 92 120 93 94 
3640 59 88 89 82 
3641 1021 1020 1338 1339 
3642 579 1304 581 1331 
3643 1185 1188 1092 1294 
3644 1113 1116 1117 1294 
3645 1161 1164 1165 1294 
3646 1140 1141 1137 1294 
3647 1309 1311 1256 1332 
3648 1266 1317 1253 1357 
3649 666 672 545 1314 
3650 1094 1092 1099 1294 
3651 739 745 744 1296 
3652 1169 1165 1168 1294 
3653 1121 1117 1120 1294 
3654 1145 1141 1144 1294 
3655 756 1319 1344 1359 
3656 964 957 959 1306 
3657 1015 1021 1020 1338 
3658 1221 1208 612 1231 
3659 1197 893 558 1210 
3660 540 546 1276 1367 
3661 1231 1221 896 624 
3662 1231 896 1204 624 
3663 160 91 125 93 
3664 1250 1302 1279 1373 
3665 652 653 658 1327 
3666 37 92 103 45 
3667 1244 1300 1290 1322 
3668 702 1274 707 1304 
3669 953 955 1306 1363 
3670 1275 1299 1284 1365 
3671 1208 1221 612 1227 
3672 893 1197 558 1224 
3673 838 843 1317 1345 
3674 967 973 972 1369 
3675 664 659 665 1282 
3676 1247 1305 1277 1336 
3677 1244 1278 1314 1372 
3678 949 1268 1271 1370 
3679 1276 1307 999 1324 
3680 764 769 763 1319 
3681 1267 1306 1258 1361 
3682 556 551 557 1312 
3683 1225 1203 575 1230 
3684 961 967 966 1268 
3685 788 1319 1359 1365 
3686 818 813 1286 1354 
3687 892 893 1210 546 
3688 963 957 964 1306 
3689 892 1210 1195 546 
3690 525 1290 524 1315 
3691 777 784 783 1319 
3692 534 1190 528 1342 
3693 1272 1328 1256 1349 
3694 1203 1225 575 1229 
3695 666 539 660 1314 
3696 794 799 798 1359 
3697 762 763 768 1319 
3698 313 317 318 312 
3699 608 1285 614 1347 
3700 862 867 1283 1362 
3701 551 556 550 1312 
3702 530 536 535 1300 
3703 558 1210 552 1307 
3704 1083 1088 1082 1363 
3705 749 754 748 1344 
3706 1305 1321 1259 1322 
3707 193 192 184 1335 
3708 1259 1324 1293 1336 
3709 1250 1279 1348 1373 
3710 89 68 67 83 
3711 799 1296 798 1359 
3712 1256 1311 1309 1374 
3713 220 1325 211 1335 
3714 874 873 869 1282 
3715 658 659 664 1282 
3716 1261 1322 1300 1342 
3717 745 739 740 1296 
3718 1262 1319 1252 1344 
3719 1081 1080 1271 1370 
3720 1001 1276 1195 1307 
3721 539 533 660 1314 
3722 562 565 561 1357 
3723 581 1304 580 1331 
3724 1257 1299 1284 1353 
3725 1247 1313 1280 1367 
3726 531 536 530 1314 
3727 666 545 539 1314 
3728 1091 1196 958 1363 
3729 1083 1089 1088 1363 
3730 71 73 64 72 
3731 534 535 540 1300 
3732 832 1354 1317 1355 
3733 1059 1053 1054 1302 
3734 612 618 1231 1316 
3735 1030 1024 1025 1328 
3736 1195 1307 1276 1367 
3737 1213 197 203 1333 
3738 862 867 772 1283 
3739 1265 1339 1251 1356 
3740 853 848 849 1352 
3741 15 51 52 45 
3742 1219 1190 528 1218 
3743 189 1334 1333 1360 
3744 594 1193 588 1302 
3745 518 510 512 1315 
3746 524 1290 523 1315 
3747 512 519 518 1315 
3748 1277 1263 1305 1340 
3749 509 507 510 1334 
3750 1243 1301 1323 1361 
3751 923 921 1235 1368 
3752 879 878 874 1327 
3753 612 1316 1208 1347 
3754 1245 1281 1279 1298 
3755 887 771 772 1275 
3756 1009 1338 1324 1375 
3757 955 957 963 1306 
3758 1030 1025 1031 1328 
3759 506 507 509 1334 
3760 1310 1348 1347 1373 
3761 1227 1201 606 1208 
3762 761 1262 760 1344 
3763 82 83 89 67 
3764 558 552 553 1367 
3765 1258 1321 1301 1361 
3766 954 953 952 1363 
3767 995 1205 1001 1276 
3768 1257 1343 1286 1350 
3769 681 687 686 1312 
3770 16 2 1341 1349 
3771 738 1296 744 1366 
3772 548 547 542 1280 
3773 1244 1283 1362 1372 
3774 1195 1001 1205 1276 
3775 531 1290 532 1314 
3776 553 1313 559 1367 
3777 45 22 15 44 
3778 125 159 160 132 
3779 883 888 887 1273 
3780 541 542 547 1280 
3781 979 1293 978 1369 
3782 1310 1348 1250 1353 
3783 1055 1061 1060 1302 
3784 670 675 669 1278 
3785 1291 1254 1334 1360 
3786 1060 1059 1054 1302 
3787 36 22 28 37 
3788 799 804 803 1296 
3789 953 954 955 1363 
3790 1036 1031 1037 1332 
3791 1204 896 1209 630 
3792 1193 1222 594 1226 
3793 974 968 969 1326 
3794 774 773 771 1303 
3795 535 541 540 1300 
3796 531 537 536 1314 
3797 1283 1340 1253 1372 
3798 766 761 767 1262 
3799 1060 1054 1055 1302 
3800 545 551 550 1312 
3801 1036 1030 1031 1332 
3802 644 650 649 1320 
3803 548 547 1280 1367 
3804 562 566 565 1357 
3805 834 838 833 1317 
3806 1289 1309 1256 1332 
3807 1045 1051 1050 1265 
3808 707 1274 713 1331 
3809 580 1304 145 1331 
3810 573 1304 574 1374 
3811 1201 1227 606 895 
3812 509 1315 517 1318 
3813 1283 1253 1352 1372 
3814 1249 1306 1267 1361 
3815 599 604 598 1366 
3816 614 609 615 1285 
3817 599 605 604 1366 
3818 809 814 813 1343 
3819 1218 1202 1190 534 
3820 895 1199 600 1201 
3821 1279 1281 1245 1316 
3822 724 723 718 1350 
3823 1029 1328 1030 1332 
3824 556 561 555 1313 
3825 748 747 1330 1344 
3826 167 169 1288 1329 
3827 658 664 663 1282 
3828 969 975 974 1326 
3829 654 533 527 1358 
3830 82 89 59 67 
3831 760 761 766 1262 
3832 54 1341 1311 1349 
3833 1256 1332 1311 1349 
3834 1252 1351 1275 1365 
3835 578 574 579 1374 
3836 1273 1320 1255 1327 
3837 553 559 558 1367 
3838 1312 1345 1253 1352 
3839 536 537 542 1314 
3840 1205 1202 1220 534 
3841 993 988 994 1342 
3842 103 115 37 45 
3843 643 649 648 1320 
3844 675 681 680 1312 
3845 614 608 609 1285 
3846 1218 1202 534 1220 
3847 895 1199 894 600 
3848 1270 1309 1289 1332 
3849 1214 1213 1333 1360 
3850 989 994 988 1342 
3851 1290 1300 1244 1314 
3852 1071 1076 1070 1316 
3853 892 1195 1228 540 
3854 600 1201 1199 1373 
3855 739 744 738 1296 
3856 1241 1284 1299 1353 
3857 168 172 170 1329 
3858 1249 1318 1306 1326 
3859 510 507 511 1334 
3860 1030 1328 1031 1332 
3861 145 1304 706 1331 
3862 660 533 654 1358 
3863 1205 1228 1195 540 
3864 1285 1347 1310 1348 
3865 723 717 718 1350 
3866 973 979 978 1369 
3867 168 1325 172 1329 
3868 995 1205 1276 1342 
3869 859 863 858 1278 
3870 857 1352 858 1362 
3871 543 542 537 1314 
3872 1330 1344 1252 1359 
3873 616 1330 617 1344 
3874 988 993 987 1342 
3875 726 721 727 1286 
3876 192 198 197 1325 
3877 1076 1071 1077 1316 
3878 756 762 761 1344 
3879 803 1296 804 1343 
3880 125 93 91 120 
3881 237 236 238 1262 
3882 788 787 783 1365 
3883 949 1248 948 1271 
3884 736 735 730 1366 
3885 52 59 89 60 
3886 1244 1362 1278 1372 
3887 75 67 76 82 
3888 1321 1323 1301 1361 
3889 628 165 627 1262 
3890 536 541 535 1300 
3891 1228 1205 1220 534 
3892 772 792 797 1275 
3893 994 989 995 1342 
3894 545 550 544 1312 
3895 1214 1360 1333 1371 
3896 833 1317 832 1354 
3897 979 984 978 1293 
3898 1249 1322 1321 1323 
3899 44 21 13 43 
3900 578 573 574 1374 
3901 798 793 794 1359 
3902 977 1192 1190 1261 
3903 1250 1289 1270 1309 
3904 990 1293 996 1368 
3905 1030 1029 1024 1328 
3906 814 819 818 1286 
3907 644 649 643 1320 
3908 1242 1336 1264 1346 
3909 771 887 888 1273 
3910 627 1295 621 1344 
3911 681 686 680 1312 
3912 1265 1339 1289 1346 
3913 197 1325 203 1329 
3914 714 1274 715 1331 
3915 28 103 109 37 
3916 628 237 165 1262 
3917 524 518 519 1315 
3918 768 636 634 1371 
3919 580 581 579 1304 
3920 643 648 642 1320 
3921 1252 1319 1351 1365 
3922 990 991 996 1293 
3923 536 542 541 1300 
3924 45 37 22 44 
3925 512 510 511 1334 
3926 798 803 802 1365 
3927 120 125 93 94 
3928 592 586 587 1350 
3929 1029 1023 1024 1328 
3930 1289 1339 1264 1346 
3931 1053 1047 1234 1302 
3932 808 807 803 1343 
3933 44 12 51 50 
3934 735 729 730 1366 
3935 182 172 173 1325 
3936 783 775 777 1319 
3937 1247 1307 1276 1324 
3938 757 1319 756 1359 
3939 145 711 581 1331 
3940 125 60 52 159 
3941 519 525 524 1315 
3942 848 847 843 1352 
3943 760 766 765 1262 
3944 617 1330 747 1344 
3945 1005 1000 1006 1307 
3946 83 82 76 67 
3947 11 13 20 43 
3948 760 765 759 1262 
3949 587 593 592 1350 
3950 140 159 160 153 
3951 999 1000 1005 1307 
3952 744 749 743 1330 
3953 1250 1348 1310 1373 
3954 546 1210 1195 1367 
3955 797 1275 792 1365 
3956 549 548 543 1280 
3957 1245 1279 1316 1347 
3958 1247 1307 1324 1375 
3959 756 1344 755 1359 
3960 1006 1000 1001 1307 
3961 756 761 755 1344 
3962 573 1311 1304 1374 
3963 22 27 36 28 
3964 731 726 732 1350 
3965 837 832 1317 1355 
3966 868 869 873 1282 
3967 726 720 721 1286 
3968 735 605 729 1366 
3969 610 1330 609 1366 
3970 1006 1001 1007 1307 
3971 1009 1324 1010 1375 
3972 51 58 12 59 
3973 84 1272 559 1341 
3974 91 120 52 125 
3975 183 192 188 1325 
3976 1005 1239 1011 1307 
3977 125 60 159 132 
3978 750 756 755 1359 
3979 1296 1299 1257 1343 
3980 858 863 862 1362 
3981 50 12 10 43 
3982 748 754 753 1344 
3983 36 21 44 43 
3984 120 92 103 94 
3985 697 1266 152 1357 
3986 542 543 548 1280 
3987 984 978 1293 1369 
3988 581 580 145 1331 
3989 1007 1001 1195 1307 
3990 579 574 580 1304 
3991 1278 1362 1352 1372 
3992 824 1274 823 1354 
3993 1246 1274 1331 1354 
3994 606 1347 1201 1373 
3995 1086 1271 1080 1370 
3996 559 1313 560 1341 
3997 723 593 717 1350 
3998 675 680 674 1312 
3999 1081 1086 1080 1370 
4000 578 1311 573 1374 
4001 250 244 251 331 
4002 1296 1343 1257 1366 
4003 1256 1328 1289 1332 
4004 593 587 717 1350 
4005 605 599 729 1366 
4006 103 120 45 92 
4007 711 706 712 1331 
4008 1265 1298 1242 1346 
4009 324 336 335 213 
4010 529 523 524 1290 
4011 873 874 878 1327 
4012 948 950 949 1370 
4013 714 713 1274 1331 
4014 799 803 798 1296 
4015 973 967 968 1326 
4016 672 678 551 1312 
4017 759 765 236 1262 
4018 1246 1317 1274 1354 
4019 330 207 213 328 
4020 812 1299 1354 1355 
4021 995 989 1202 1342 
4022 686 1345 692 1357 
4023 857 862 772 1283 
4024 702 707 706 1304 
4025 708 714 713 1274 
4026 103 109 115 104 
4027 660 655 661 1358 
4028 1267 1287 505 1334 
4029 950 1087 1088 1370 
4030 141 153 160 154 
4031 660 654 655 1358 
4032 1248 1271 1251 1356 
4033 1007 1195 1210 1307 
4034 679 685 684 1312 
4035 767 768 634 1371 
4036 201 195 324 333 
4037 1274 1304 1246 1331 
4038 759 760 1262 1344 
4039 680 686 685 1312 
4040 661 656 662 1358 
4041 725 726 731 1350 
4042 1245 1347 1285 1348 
4043 64 71 85 79 
4044 771 773 772 1275 
4045 748 753 747 1344 
4046 1293 1338 996 1368 
4047 182 183 188 1325 
4048 1204 1207 1085 1260 
4049 868 873 872 1362 
4050 1009 1003 1004 1324 
4051 763 758 764 1319 
4052 1250 1279 1298 1348 
4053 1296 1330 1252 1359 
4054 115 109 103 37 
4055 949 960 1248 1369 
4056 762 757 763 1319 
4057 818 817 813 1354 
4058 94 103 115 104 
4059 147 83 77 140 
4060 996 1293 997 1338 
4061 140 89 68 60 
4062 1245 1279 1347 1348 
4063 987 981 982 1342 
4064 1291 1323 1249 1361 
4065 195 186 324 333 
4066 540 541 546 1367 
4067 617 623 622 1344 
4068 328 327 299 223 
4069 842 847 1283 1352 
4070 738 733 739 1343 
4071 758 1319 757 1359 
4072 1256 1341 1272 1349 
4073 661 655 656 1358 
4074 524 530 529 1290 
4075 1010 1004 1005 1307 
4076 145 144 139 1304 
4077 140 89 60 159 
4078 1283 1352 857 1362 
4079 1216 1217 1232 1318 
4080 125 93 126 160 
4081 1245 1298 1279 1348 
4082 152 1266 696 1357 
4083 58 12 10 50 
4084 1208 1201 606 1347 
4085 125 126 93 94 
4086 541 547 546 1367 
4087 809 813 808 1343 
4088 1347 1348 1279 1373 
4089 1241 1354 1299 1355 
4090 125 120 121 94 
4091 1243 1323 1291 1361 
4092 1020 1026 1251 1339 
4093 616 617 622 1344 
4094 679 684 678 1312 
4095 533 538 532 1314 
4096 145 706 711 1331 
4097 792 772 787 1275 
4098 838 843 842 1317 
4099 1005 1011 1010 1307 
4100 678 673 679 1312 
4101 528 522 523 1261 
4102 672 551 545 1312 
4103 533 539 538 1314 
4104 1216 1232 1206 1318 
4105 988 987 982 1342 
4106 1015 1009 1010 1375 
4107 1352 1362 1283 1372 
4108 759 236 629 1262 
4109 750 755 749 1359 
4110 997 991 992 1324 
4111 552 1307 1210 1367 
4112 545 544 539 1314 
4113 120 103 115 94 
4114 995 1202 1205 1342 
4115 828 833 832 1354 
4116 1249 1323 1321 1361 
4117 680 685 679 1312 
4118 108 567 696 1266 
4119 1047 1052 1046 1302 
4120 95 121 96 94 
4121 66 74 81 75 
4122 126 93 95 160 
4123 758 763 757 1319 
4124 814 818 813 1286 
4125 120 103 45 115 
4126 824 829 828 1274 
4127 629 236 237 1262 
4128 983 989 988 1342 
4129 968 974 973 1326 
4130 636 1303 1364 1371 
4131 126 95 93 94 
4132 544 538 539 1314 
4133 997 1293 991 1324 
4134 692 687 693 1345 
4135 239 231 246 1325 
4136 646 652 651 1327 
4137 847 852 772 1283 
4138 852 857 772 1283 
4139 1014 1020 925 1368 
4140 153 148 141 147 
4141 988 982 983 1342 
4142 1282 1327 1255 1358 
4143 1047 1053 1052 1302 
4144 630 624 625 1260 
4145 788 1319 789 1359 
4146 51 58 50 12 
4147 971 965 1206 1318 
4148 237 628 629 1262 
4149 757 762 756 1319 
4150 620 625 619 1295 
4151 701 702 706 1304 
4152 759 1262 629 1344 
4153 829 834 833 1274 
4154 703 708 707 1274 
4155 629 1262 628 1344 
4156 997 996 991 1293 
4157 169 166 167 1287 
4158 1004 1307 1010 1375 
4159 1032 929 1026 1356 
4160 1026 1251 1339 1356 
4161 788 784 789 1319 
4162 231 240 239 246 
4163 708 713 707 1274 
4164 523 529 528 1261 
4165 979 985 984 1293 
4166 773 782 772 1275 
4167 1210 893 558 552 
4168 1231 1221 624 618 
4169 738 732 733 1343 
4170 1009 1004 1010 1324 
4171 672 673 678 1312 
4172 581 587 586 1331 
4173 182 173 183 1325 
4174 1253 1312 1352 1372 
4175 907 908 906 1308 
4176 787 772 782 1275 
4177 510 517 509 1315 
4178 638 1303 640 1364 
4179 1088 952 950 1370 
4180 618 1231 1221 612 
4181 1225 575 582 1230 
4182 552 1210 893 546 
4183 620 626 625 1295 
4184 887 882 883 1273 
4185 971 1206 1232 1318 
4186 693 698 697 1357 
4187 147 83 140 153 
4188 1252 1344 1319 1359 
4189 1324 1338 1264 1375 
4190 1004 1324 1307 1375 
4191 1278 1352 1312 1372 
4192 579 581 586 1331 
4193 518 517 510 1315 
4194 239 1325 246 1329 
4195 578 577 1311 1374 
4196 909 910 908 1308 
4197 686 687 692 1345 
4198 997 992 998 1324 
4199 896 1204 624 630 
4200 594 588 1193 1226 
4201 1010 1016 1015 1375 
4202 1091 958 956 1363 
4203 1003 1324 1009 1338 
4204 89 68 60 67 
4205 636 769 638 1303 
4206 1324 1336 1264 1338 
4207 1004 1010 1324 1375 
4208 240 246 231 1325 
4209 1247 1276 1307 1367 
4210 956 1090 1091 1363 
4211 238 245 1288 1329 
4212 625 631 630 1260 
4213 1333 1334 1254 1360 
4214 239 230 1325 1329 
4215 990 984 1293 1368 
4216 567 1266 566 1357 
4217 948 1271 1086 1370 
4218 54 571 53 1311 
4219 126 125 121 94 
4220 68 76 83 77 
4221 126 132 125 160 
4222 35 20 13 43 
4223 640 638 770 1303 
4224 1252 1359 1319 1365 
4225 537 531 532 1314 
4226 94 115 120 104 
4227 1081 1087 1086 1370 
4228 911 912 910 1308 
4229 1080 1086 1240 1271 
4230 1293 1324 997 1338 
4231 332 243 234 331 
4232 714 720 719 1331 
4233 1088 1363 952 1370 
4234 96 94 116 104 
4235 951 949 950 1370 
4236 983 1202 989 1342 
4237 692 693 697 1357 
4238 1262 1319 1303 1351 
4239 1218 528 534 1190 
4240 1304 1246 1331 1374 
4241 1208 1227 612 606 
4242 1011 1010 1307 1375 
4243 738 744 743 1366 
4244 161 133 95 160 
4245 947 901 946 1308 
4246 651 645 646 1327 
4247 946 944 945 1308 
4248 696 1266 567 1357 
4249 913 914 912 1308 
4250 532 538 537 1314 
4251 116 94 120 104 
4252 916 914 915 1308 
4253 334 330 202 207 
4254 943 944 942 1308 
4255 140 83 77 68 
4256 918 916 917 1308 
4257 3 558 559 1272 
4258 1195 892 546 540 
4259 1193 1043 1230 1270 
4260 802 797 798 1365 
4261 239 230 225 1325 
4262 84 16 2 1341 
4263 95 126 121 94 
4264 215 1214 1329 1333 
4265 84 2 3 1341 
4266 985 990 984 1293 
4267 775 776 777 1303 
4268 159 140 160 132 
4269 983 1190 1202 1342 
4270 622 627 621 1344 
4271 282 277 283 278 
4272 797 802 772 1355 
4273 919 920 918 1308 
4274 942 940 941 1308 
4275 895 1201 600 606 
4276 879 884 883 1327 
4277 193 184 185 1335 
4278 807 802 803 1343 
4279 543 537 538 1314 
4280 1072 1078 1077 1316 
4281 240 247 246 1325 
4282 544 543 538 1314 
4283 630 1204 624 1260 
4284 1054 1053 1234 1302 
4285 622 628 627 1344 
4286 518 523 517 1315 
4287 562 556 557 1357 
4288 633 1364 1360 1371 
4289 842 843 847 1352 
4290 121 122 95 96 
4291 568 1311 54 1341 
4292 67 60 89 59 
4293 1077 1071 1072 1316 
4294 84 559 560 1341 
4295 828 823 824 1274 
4296 769 636 768 1303 
4297 740 739 734 1343 
4298 1248 1368 1251 1369 
4299 807 1299 802 1343 
4300 984 1293 1368 1369 
4301 637 645 644 1320 
4302 569 1304 573 1311 
4303 770 638 769 1303 
4304 702 703 707 1274 
4305 600 606 1201 1373 
4306 116 120 115 104 
4307 1080 1240 1074 1271 
4308 126 132 160 133 
4309 1360 1364 1254 1371 
4310 557 563 562 1357 
4311 633 1320 1360 1364 
4312 1228 1205 534 540 
4313 922 920 921 1308 
4314 168 171 172 1325 
4315 788 1359 793 1365 
4316 938 939 940 1308 
4317 1248 1251 1271 1369 
4318 554 559 553 1313 
4319 554 1313 553 1367 
4320 829 833 828 1274 
4321 559 84 3 1272 
4322 904 1248 906 1308 
4323 167 1288 245 1329 
4324 714 719 713 1331 
4325 626 620 621 1295 
4326 862 857 858 1362 
4327 518 524 523 1315 
4328 1216 508 1217 1318 
4329 59 66 82 67 
4330 204 203 198 1325 
4331 73 71 64 79 
4332 1072 1073 1078 1316 
4333 1328 1332 1256 1349 
4334 637 1320 635 1364 
4335 169 166 1287 1334 
4336 963 962 955 1306 
4337 571 1311 576 1332 
4338 621 627 626 1295 
4339 1078 1073 1079 1316 
4340 955 962 953 1306 
4341 862 1283 857 1362 
4342 1163 1165 1161 1164 
4343 1115 1117 1113 1116 
4344 1139 1141 1137 1140 
4345 1092 1187 1188 1185 
4346 560 564 84 1341 
4347 1144 1145 1143 1141 
4348 1168 1169 1167 1165 
4349 1120 1121 1119 1117 
4350 1099 1094 1097 1092 
4351 597 602 596 1310 
4352 554 560 559 1313 
4353 783 784 788 1319 
4354 838 837 833 1317 
4355 168 246 1325 1329 
4356 133 126 95 160 
4357 525 530 524 1290 
4358 911 1248 909 1369 
4359 922 923 924 1308 
4360 1161 1159 1160 1157 
4361 1113 1111 1112 1109 
4362 1185 1183 1184 1181 
4363 1137 1135 1136 1133 
4364 239 225 231 1325 
4365 247 168 246 1325 
4366 178 333 243 250 
4367 526 520 521 1358 
4368 506 1267 505 1334 
4369 931 932 930 1308 
4370 929 930 928 1308 
4371 1172 1173 1171 1169 
4372 1124 1125 1123 1121 
4373 1100 1101 1098 1094 
4374 1148 1149 1147 1145 
4375 938 936 937 1308 
4376 802 1299 807 1355 
4377 1157 1155 1156 1153 
4378 1109 1107 1108 1105 
4379 1133 1131 1132 1129 
4380 1181 1179 1180 1177 
4381 710 716 715 1274 
4382 1128 1129 1127 1125 
4383 1176 1177 1175 1173 
4384 1104 1105 1103 1101 
4385 1152 1153 1151 1149 
4386 592 597 591 1350 
4387 336 213 330 334 
4388 743 737 738 1366 
4389 691 686 692 1357 
4390 932 933 934 1308 
4391 565 568 564 1341 
4392 926 927 928 1308 
4393 1251 1368 1293 1369 
4394 1185 1092 1093 1294 
4395 1094 1093 1092 1294 
4396 1169 1093 1165 1294 
4397 1113 1117 1093 1294 
4398 1121 1093 1117 1294 
4399 1161 1165 1093 1294 
4400 1145 1093 1141 1294 
4401 1093 1137 1141 1294 
4402 546 552 1210 1367 
4403 734 739 733 1343 
4404 1006 1239 1005 1307 
4405 935 936 934 1308 
4406 1101 1093 1094 1294 
4407 1185 1093 1181 1294 
4408 1173 1093 1169 1294 
4409 1109 1113 1093 1294 
4410 1161 1093 1157 1294 
4411 1125 1093 1121 1294 
4412 1137 1093 1133 1294 
4413 1149 1093 1145 1294 
4414 1105 1093 1101 1294 
4415 1177 1181 1093 1294 
4416 1177 1093 1173 1294 
4417 1105 1109 1093 1294 
4418 1129 1093 1125 1294 
4419 1153 1157 1093 1294 
4420 1153 1093 1149 1294 
4421 1093 1129 1133 1294 
4422 1251 1338 1293 1368 
4423 521 527 526 1358 
4424 54 16 1341 1349 
4425 924 925 926 1308 
4426 812 813 817 1354 
4427 609 603 604 1366 
4428 640 641 639 1364 
4429 174 248 221 1335 
4430 613 608 614 1347 
4431 954 1089 1090 1363 
4432 328 299 293 223 
4433 610 609 604 1366 
4434 238 1288 1211 1329 
4435 792 1275 787 1365 
4436 158 138 137 136 
4437 863 868 867 1362 
4438 867 868 872 1362 
4439 1293 1336 1324 1338 
4440 153 147 141 140 
4441 588 582 583 1270 
4442 613 607 608 1347 
4443 1032 1033 1038 1339 
4444 601 606 600 1373 
4445 1073 1208 1079 1316 
4446 597 603 602 1310 
4447 902 1248 904 1308 
4448 832 827 828 1354 
4449 610 616 615 1330 
4450 1254 1360 1320 1364 
4451 637 644 635 1320 
4452 525 531 530 1290 
4453 1054 1234 1055 1302 
4454 691 685 686 1357 
4455 948 1086 1087 1370 
4456 1013 1200 1019 1272 
4457 1020 1021 1026 1339 
4458 1296 1359 1252 1365 
4459 248 174 171 1335 
4460 140 159 60 132 
4461 592 598 597 1350 
4462 956 954 1090 1363 
4463 1013 1197 1200 1272 
4464 220 241 247 248 
4465 565 569 568 1341 
4466 701 706 145 1304 
4467 742 743 1330 1366 
4468 1231 1079 1208 1316 
4469 709 715 714 1274 
4470 838 842 837 1317 
4471 84 3 1272 1341 
4472 331 336 213 332 
4473 939 937 1056 1356 
4474 197 188 192 1325 
4475 638 636 1303 1364 
4476 633 635 1320 1364 
4477 583 589 588 1270 
4478 270 268 196 267 
4479 610 615 609 1330 
4480 215 1329 1288 1333 
4481 1031 1189 1037 1332 
4482 126 122 95 121 
4483 812 1354 817 1355 
4484 1006 1007 1239 1307 
4485 110 116 115 104 
4486 1189 1203 1037 1332 
4487 883 878 879 1327 
4488 88 59 58 82 
4489 776 775 774 1303 
4490 692 1345 693 1357 
4491 823 1274 828 1354 
4492 710 715 709 1274 
4493 705 710 709 1274 
4494 827 1354 832 1355 
4495 1333 1360 1254 1371 
4496 575 53 571 1332 
4497 795 794 790 1359 
4498 1032 931 929 1356 
4499 571 576 575 1332 
4500 94 121 96 116 
4501 189 511 1334 1360 
4502 154 141 161 160 
4503 911 978 913 1369 
4504 171 173 172 1325 
4505 120 121 94 116 
4506 505 504 503 1267 
4507 612 1208 606 1347 
4508 985 991 990 1293 
4509 857 1283 852 1352 
4510 560 554 555 1313 
4511 639 638 640 1364 
4512 904 905 906 1248 
4513 171 248 220 247 
4514 580 158 144 1304 
4515 713 719 718 1331 
4516 1197 1272 1013 1307 
4517 794 789 790 1359 
4518 1023 1028 1022 1328 
4519 595 1310 601 1373 
4520 555 561 560 1313 
4521 1014 1008 1009 1338 
4522 241 221 248 220 
4523 148 153 141 154 
4524 852 1283 847 1352 
4525 121 105 96 116 
4526 755 761 760 1344 
4527 1002 996 997 1338 
4528 1026 1339 1032 1356 
4529 712 718 717 1331 
4530 1288 1333 1254 1371 
4531 220 247 240 1325 
4532 506 504 505 1267 
4533 704 709 708 1274 
4534 1023 1029 1028 1328 
4535 158 139 146 144 
4536 690 563 684 1357 
4537 58 57 10 87 
4538 690 685 691 1357 
4539 566 562 563 1357 
4540 684 563 557 1357 
4541 53 1311 571 1332 
4542 189 1333 190 1360 
4543 505 631 632 1287 
4544 1008 1014 1235 1368 
4545 189 511 170 1334 
4546 171 247 220 1325 
4547 110 115 109 104 
4548 845 850 849 1345 
4549 697 152 692 1357 
4550 134 133 95 161 
4551 909 908 907 1308 
4552 224 1325 230 1329 
4553 1007 1197 1013 1307 
4554 1214 216 1213 1360 
4555 1214 203 215 1329 
4556 751 757 756 1359 
4557 714 708 709 1274 
4558 215 1333 1288 1371 
4559 690 684 685 1357 
4560 755 760 754 1344 
4561 712 717 711 1331 
4562 183 1325 173 1335 
4563 293 208 328 214 
4564 767 634 217 1371 
4565 713 718 712 1331 
4566 709 704 705 1274 
4567 909 911 910 1308 
4568 725 731 730 1350 
4569 152 691 692 1357 
4570 689 850 695 1345 
4571 837 842 772 1355 
4572 231 220 240 1325 
4573 35 13 21 43 
4574 563 567 566 1357 
4575 1007 1210 1197 1307 
4576 1272 1307 1247 1375 
4577 176 221 174 249 
4578 807 1299 812 1355 
4579 635 644 643 1320 
4580 211 210 205 1335 
4581 845 849 844 1345 
4582 171 168 247 1325 
4583 95 122 97 96 
4584 221 249 242 248 
4585 1014 1008 1338 1368 
4586 730 724 725 1350 
4587 911 913 912 1308 
4588 802 807 772 1355 
4589 642 633 643 1320 
4590 224 225 230 1325 
4591 804 809 808 1343 
4592 513 515 1320 1360 
4593 1039 1038 1033 1339 
4594 508 509 516 1318 
4595 166 505 1287 1334 
4596 632 166 505 1287 
4597 133 140 160 141 
4598 1011 1016 1010 1375 
4599 915 914 913 1308 
4600 917 916 915 1308 
4601 152 696 691 1357 
4602 900 901 947 1308 
4603 249 221 174 248 
4604 947 946 945 1308 
4605 947 945 1248 1308 
4606 919 918 917 1308 
4607 168 169 246 1329 
4608 943 945 944 1308 
4609 186 195 206 212 
4610 1003 997 1324 1338 
4611 516 509 517 1318 
4612 105 121 117 116 
4613 173 1325 171 1335 
4614 909 1248 911 1308 
4615 113 114 119 108 
4616 1021 1027 1026 1339 
4617 248 171 220 1335 
4618 1087 950 948 1370 
4619 141 153 140 160 
4620 943 942 941 1308 
4621 166 632 165 1287 
4622 919 921 920 1308 
4623 221 248 220 1335 
4624 133 95 126 127 
4625 1011 1017 1016 1375 
4626 203 1325 209 1329 
4627 789 794 793 1359 
4628 122 126 95 127 
4629 133 140 132 160 
4630 10 11 9 42 
4631 570 573 569 1304 
4632 756 750 751 1359 
4633 919 1235 921 1368 
4634 122 98 97 96 
4635 833 837 832 1317 
4636 573 570 574 1304 
4637 306 312 311 313 
4638 907 906 1248 1308 
4639 704 708 703 1274 
4640 43 20 11 42 
4641 643 633 635 1320 
4642 84 54 16 1341 
4643 1049 1193 1198 1302 
4644 849 848 844 1345 
4645 939 941 940 1308 
4646 1055 1049 1198 1302 
4647 923 922 921 1308 
4648 694 693 688 1345 
4649 333 336 324 213 
4650 601 595 596 1310 
4651 246 169 167 1329 
4652 333 336 213 331 
4653 998 1003 997 1324 
4654 161 141 133 160 
4655 105 122 121 96 
4656 853 858 857 1352 
4657 183 192 1325 1335 
4658 1211 1288 1212 1329 
4659 984 1368 913 1369 
4660 696 567 690 1357 
4661 862 863 867 1362 
4662 241 220 247 226 
4663 1217 508 516 1318 
4664 319 252 323 254 
4665 938 937 939 1308 
4666 696 690 691 1357 
4667 788 793 792 1365 
4668 931 930 929 1308 
4669 923 925 924 1308 
4670 997 1003 1002 1338 
4671 931 933 932 1308 
4672 929 928 927 1308 
4673 50 57 10 58 
4674 88 81 58 87 
4675 747 742 748 1330 
4676 1026 1027 1032 1339 
4677 1009 1015 1014 1338 
4678 933 935 934 1308 
4679 927 926 925 1308 
4680 1002 996 1338 1368 
4681 55 90 54 1349 
4682 911 909 972 1369 
4683 935 937 936 1308 
4684 742 1330 741 1366 
4685 1032 1339 1038 1356 
4686 548 553 547 1367 
4687 249 243 221 242 
4688 611 1330 610 1366 
4689 793 798 797 1365 
4690 596 602 601 1310 
4691 548 554 553 1367 
4692 688 693 687 1345 
4693 171 1325 220 1335 
4694 50 10 49 43 
4695 247 232 241 226 
4696 220 241 221 226 
4697 690 567 563 1357 
4698 212 174 221 1335 
4699 95 133 134 127 
4700 694 689 695 1345 
4701 808 803 804 1343 
4702 169 170 166 1334 
4703 1003 998 1004 1324 
4704 635 1364 633 1371 
4705 1222 594 600 1373 
4706 190 1333 1213 1360 
4707 737 743 742 1366 
4708 741 742 747 1330 
4709 595 600 594 1373 
4710 759 754 760 1344 
4711 122 105 121 117 
4712 183 184 192 1335 
4713 832 837 772 1355 
4714 848 853 852 1352 
4715 173 171 174 1335 
4716 198 1325 192 1335 
4717 628 622 623 1344 
4718 939 1056 1062 1356 
4719 902 903 904 1248 
4720 527 648 654 1358 
4721 907 906 905 1248 
4722 793 788 789 1359 
4723 913 984 915 1368 
4724 521 648 527 1358 
4725 754 759 753 1344 
4726 807 812 772 1355 
4727 623 629 628 1344 
4728 231 225 220 1325 
4729 688 689 694 1345 
4730 651 657 656 1358 
4731 617 616 611 1330 
4732 213 335 329 336 
4733 1008 1002 1003 1338 
4734 8 10 9 49 
4735 54 84 564 1341 
4736 248 227 221 241 
4737 741 747 617 1330 
4738 224 219 225 1325 
4739 1038 931 1032 1356 
4740 724 730 729 1350 
4741 848 843 844 1345 
4742 122 95 97 127 
4743 723 724 729 1350 
4744 741 1330 611 1366 
4745 54 90 16 1349 
4746 43 35 20 42 
4747 203 197 198 1325 
4748 598 592 593 1350 
4749 98 122 105 96 
4750 978 984 913 1369 
4751 223 293 328 214 
4752 595 601 600 1373 
4753 58 66 81 88 
4754 960 966 1248 1369 
4755 215 1214 1333 1371 
4756 1212 1288 215 1329 
4757 238 230 245 1329 
4758 642 1320 515 1360 
4759 55 47 46 90 
4760 245 230 239 1329 
4761 737 742 736 1366 
4762 610 611 616 1330 
4763 145 580 144 1304 
4764 245 239 167 1329 
4765 220 247 226 240 
4766 900 903 902 1248 
4767 58 65 81 66 
4768 651 656 650 1358 
4769 753 759 629 1344 
4770 638 639 637 1364 
4771 741 617 611 1330 
4772 753 629 623 1344 
4773 593 599 598 1350 
4774 636 637 635 1364 
4775 564 568 54 1341 
4776 1032 1027 1033 1339 
4777 50 57 49 10 
4778 117 111 105 116 
4779 261 262 254 260 
4780 909 907 1248 1308 
4781 329 334 196 207 
4782 158 138 139 137 
4783 334 330 207 213 
4784 723 599 593 1350 
4785 215 1288 1212 1371 
4786 772 827 832 1355 
4787 98 122 117 105 
4788 817 772 812 1355 
4789 206 195 201 212 
4790 933 931 1038 1356 
4791 937 935 1050 1356 
4792 723 729 599 1350 
4793 335 329 187 201 
4794 95 134 97 127 
4795 605 611 610 1366 
4796 240 226 220 231 
4797 952 1088 1089 1363 
4798 53 29 1215 1229 
4799 242 227 221 248 
4800 900 947 1248 1308 
4801 857 852 853 1352 
4802 251 178 333 180 
4803 604 605 610 1366 
4804 246 167 239 1329 
4805 507 166 170 1334 
4806 634 635 633 1371 
4807 818 823 822 1354 
4808 511 191 512 1360 
4809 578 577 573 1311 
4810 231 225 239 230 
4811 26 20 35 42 
4812 218 1325 224 1329 
4813 506 166 507 1334 
4814 8 10 49 86 
4815 788 792 787 1365 
4816 204 1325 198 1335 
4817 111 105 116 110 
4818 909 966 972 1369 
4819 512 191 513 1360 
4820 174 212 206 1335 
4821 612 606 607 1347 
4822 654 649 655 1358 
4823 772 817 822 1355 
4824 612 607 613 1347 
4825 215 203 209 1329 
4826 797 792 793 1365 
4827 572 573 577 1311 
4828 772 822 827 1355 
4829 823 828 827 1354 
4830 1089 954 952 1363 
4831 5 46 90 70 
4832 242 233 227 248 
4833 638 637 636 1364 
4834 1003 1009 1008 1338 
4835 212 221 174 176 
4836 47 55 38 90 
4837 166 506 505 1334 
4838 68 76 67 83 
4839 654 648 649 1358 
4840 38 90 55 1349 
4841 817 1354 822 1355 
4842 572 568 569 1311 
4843 134 141 133 161 
4844 907 905 960 1248 
4845 822 1354 827 1355 
4846 97 135 134 162 
4847 735 741 611 1366 
4848 569 573 572 1311 
4849 331 243 234 333 
4850 327 336 326 213 
4851 106 98 122 117 
4852 650 656 655 1358 
4853 216 642 515 1360 
4854 19 9 11 34 
4855 634 633 217 1371 
4856 848 852 847 1352 
4857 212 174 206 176 
4858 70 90 55 46 
4859 49 10 9 42 
4860 972 978 911 1369 
4861 1008 1002 1338 1368 
4862 216 515 514 1360 
4863 1002 1235 919 1368 
4864 546 547 552 1367 
4865 655 649 650 1358 
4866 1221 896 624 495 
4867 453 588 1226 1225 
4868 1224 558 893 413 
4869 522 1219 371 1217 
4870 324 335 207 213 
4871 905 904 903 1248 
4872 134 128 97 127 
4873 251 178 250 333 
4874 735 611 605 1366 
4875 86 10 57 87 
4876 935 933 1044 1356 
4877 547 553 552 1367 
4878 1216 508 357 1217 
4879 892 399 893 546 
4880 439 1229 575 1225 
4881 612 1221 481 1227 
4882 328 287 208 293 
4883 221 212 234 243 
4884 4 7 47 48 
4885 1220 385 1228 534 
4886 534 1220 385 1218 
4887 1222 894 600 467 
4888 467 894 600 895 
4889 503 349 1209 898 
4890 503 1223 349 898 
4891 86 64 65 57 
4892 630 896 1209 502 
4893 3 1224 897 420 
4894 1219 1218 528 378 
4895 1226 1222 594 460 
4896 123 106 98 122 
4897 88 58 66 82 
4898 202 196 334 207 
4899 38 90 16 40 
4900 1 2 78 1349 
4901 16 90 38 1349 
4902 903 900 948 1248 
4903 16 5 6 40 
4904 97 123 127 128 
4905 48 8 9 49 
4906 211 1325 210 1335 
4907 335 324 207 201 
4908 332 243 331 244 
4909 915 984 990 1368 
4910 142 148 155 149 
4911 134 155 161 162 
4912 61 69 62 1349 
4913 47 85 4 48 
4914 224 238 1211 1329 
4915 218 219 224 1325 
4916 81 57 58 87 
4917 1223 504 350 1216 
4918 895 474 1227 606 
4919 1228 392 892 540 
4920 33 7 40 18 
4921 1 17 32 2 
4922 29 53 439 1229 
4923 30 55 69 1349 
4924 238 224 230 1329 
4925 234 242 233 227 
4926 200 206 205 1335 
4927 38 47 90 40 
4928 6 2 32 17 
4929 513 514 515 1360 
4930 34 9 41 19 
4931 118 106 122 117 
4932 818 822 817 1354 
4933 135 97 134 128 
4934 193 198 192 1335 
4935 513 191 514 1360 
4936 259 266 257 265 
4937 827 822 823 1354 
4938 218 209 1325 1329 
4939 327 336 213 328 
4940 99 97 123 98 
4941 329 334 213 336 
4942 16 5 40 90 
4943 48 46 85 56 
4944 225 219 220 1325 
4945 265 267 259 266 
4946 49 10 57 86 
4947 1038 1044 933 1356 
4948 254 252 323 262 
4949 48 8 49 86 
4950 106 123 118 122 
4951 1050 1056 937 1356 
4952 46 55 69 30 
4953 55 47 30 46 
4954 46 5 90 47 
4955 39 78 2 1349 
4956 100 129 128 99 
4957 5 85 46 70 
4958 467 594 1222 460 
4959 385 528 1218 378 
4960 349 630 1209 502 
4961 31 3 897 420 
4962 75 67 82 66 
4963 568 571 54 1311 
4964 572 577 576 1311 
4965 189 190 191 1360 
4966 39 2 16 1349 
4967 155 134 142 162 
4968 90 5 40 47 
4969 55 47 38 30 
4970 123 124 128 100 
4971 572 576 571 1311 
4972 49 56 86 57 
4973 588 460 453 1226 
4974 522 378 371 1219 
4975 558 420 413 1224 
4976 624 502 495 896 
4977 123 100 99 98 
4978 69 62 63 61 
4979 210 209 204 1325 
4980 511 507 170 1334 
4981 2 1 78 32 
4982 572 571 568 1311 
4983 106 118 112 117 
4984 61 30 69 1349 
4985 413 552 893 406 
4986 495 618 1221 488 
4987 453 582 1225 446 
4988 371 516 1217 364 
4989 34 9 11 42 
4990 288 223 292 294 
4991 6 4 7 40 
4992 49 9 48 42 
4993 25 24 19 33 
4994 7 47 48 41 
4995 39 32 2 78 
4996 206 201 207 212 
4997 1228 385 392 534 
4998 1223 349 350 503 
4999 474 467 600 895 
5000 508 364 357 1217 
5001 575 446 439 1225 
5002 406 893 399 546 
5003 488 1221 481 612 
5004 55 30 38 1349 
5005 63 46 69 61 
5006 48 46 47 85 
5007 203 204 209 1325 
5008 333 331 243 250 
5009 960 966 907 1248 
5010 594 467 1222 600 
5011 630 349 1209 503 
5012 528 385 1218 534 
5013 588 460 1226 594 
5014 522 378 1219 528 
5015 558 420 1224 3 
5016 624 502 896 630 
5017 46 71 55 70 
5018 250 333 331 251 
5019 6 5 4 40 
5020 618 495 1221 624 
5021 582 453 1225 588 
5022 552 413 893 558 
5023 516 371 1217 522 
5024 204 198 199 1335 
5025 7 47 41 40 
5026 903 949 905 1248 
5027 508 516 364 1217 
5028 575 582 446 1225 
5029 1221 488 618 612 
5030 893 406 552 546 
5031 138 157 146 150 
5032 99 136 135 163 
5033 1008 1235 1002 1368 
5034 129 99 135 128 
5035 1212 209 218 1329 
5036 534 392 1228 540 
5037 350 504 1223 503 
5038 895 600 474 606 
5039 1227 474 481 606 
5040 357 350 504 1216 
5041 392 399 892 540 
5042 210 219 218 1325 
5043 226 247 232 240 
5044 38 899 39 1349 
5045 677 866 861 860 
5046 641 780 891 890 
5047 746 806 801 800 
5048 481 612 1227 606 
5049 53 439 1229 575 
5050 508 357 504 1216 
5051 546 892 399 540 
5052 1 17 23 32 
5053 39 16 38 1349 
5054 59 66 58 82 
5055 248 233 227 241 
5056 7 33 40 41 
5057 30 69 46 61 
5058 935 1044 1050 1356 
5059 511 189 191 1360 
5060 39 38 16 40 
5061 106 100 123 98 
5062 156 142 134 162 
5063 866 671 865 860 
5064 805 806 740 800 
5065 780 778 890 640 
5066 124 129 128 100 
5067 716 825 826 820 
5068 683 856 850 855 
5069 319 252 318 323 
5070 915 990 917 1368 
5071 722 826 821 820 
5072 689 856 851 850 
5073 881 885 653 886 
5074 810 805 806 740 
5075 865 671 866 870 
5076 705 836 835 840 
5077 779 778 780 640 
5078 499 337 341 498 
5079 463 457 462 456 
5080 423 417 422 416 
5081 375 380 381 374 
5082 9 34 41 42 
5083 107 124 123 100 
5084 86 4 48 8 
5085 499 497 337 498 
5086 456 457 462 455 
5087 416 417 422 415 
5088 373 375 374 380 
5089 329 196 187 201 
5090 746 806 800 740 
5091 641 780 890 640 
5092 677 866 860 671 
5093 380 386 379 384 
5094 454 462 461 466 
5095 337 339 338 347 
5096 337 496 347 338 
5097 372 380 379 384 
5098 462 468 461 466 
5099 329 187 269 335 
5100 30 899 38 1349 
5101 29 433 1215 1229 
5102 428 429 424 423 
5103 469 464 463 470 
5104 388 381 382 387 
5105 806 811 810 740 
5106 836 705 841 840 
5107 779 780 781 640 
5108 870 671 866 871 
5109 722 826 820 716 
5110 689 856 850 683 
5111 851 846 695 850 
5112 821 820 816 728 
5113 880 659 876 881 
5114 465 459 462 458 
5115 383 377 380 376 
5116 345 501 337 500 
5117 886 885 653 647 
5118 820 815 816 728 
5119 659 876 875 880 
5120 462 464 463 469 
5121 422 428 424 423 
5122 382 380 387 381 
5123 689 851 695 850 
5124 820 821 722 728 
5125 949 903 948 1248 
5126 69 62 72 63 
5127 457 458 462 455 
5128 417 422 415 418 
5129 373 375 380 376 
5130 499 497 500 337 
5131 463 457 464 462 
5132 423 417 424 422 
5133 375 380 382 381 
5134 361 367 360 359 
5135 705 700 841 840 
5136 770 779 781 640 
5137 671 870 665 871 
5138 231 226 220 225 
5139 1211 1212 218 1329 
5140 464 458 462 457 
5141 417 422 418 424 
5142 380 375 382 376 
5143 337 501 347 496 
5144 459 462 454 466 
5145 377 380 372 384 
5146 221 220 212 1335 
5147 408 400 412 407 
5148 442 448 441 443 
5149 484 485 490 483 
5150 402 408 401 403 
5151 100 128 123 99 
5152 412 418 411 408 
5153 442 448 443 449 
5154 491 485 490 484 
5155 402 408 403 409 
5156 128 97 123 99 
5157 427 29 433 1215 
5158 369 367 375 368 
5159 401 402 403 396 
5160 483 485 478 484 
5161 359 360 361 354 
5162 442 443 441 436 
5163 665 659 876 875 
5164 143 149 156 150 
5165 816 815 734 728 
5166 359 360 354 353 
5167 402 401 395 396 
5168 441 442 436 435 
5169 483 484 478 477 
5170 220 219 211 1325 
5171 462 465 464 469 
5172 425 428 424 422 
5173 380 382 387 383 
5174 218 209 210 1325 
5175 134 135 156 162 
5176 179 333 178 180 
5177 136 99 135 129 
5178 499 493 490 492 
5179 417 411 408 410 
5180 377 383 380 384 
5181 459 465 462 466 
5182 501 345 337 347 
5183 354 352 359 353 
5184 478 476 483 477 
5185 401 394 395 396 
5186 435 436 441 434 
5187 47 7 4 40 
5188 491 485 492 490 
5189 408 404 411 405 
5190 409 408 403 410 
5191 405 408 400 412 
5192 218 224 1211 1329 
5193 213 222 326 327 
5194 871 665 876 875 
5195 841 700 846 845 
5196 781 770 786 785 
5197 815 734 811 816 
5198 485 490 483 486 
5199 408 403 404 401 
5200 443 444 448 441 
5201 367 369 366 359 
5202 464 458 465 462 
5203 424 422 418 425 
5204 382 380 376 383 
5205 252 323 262 331 
5206 430 425 431 428 
5207 389 383 390 387 
5208 465 469 472 471 
5209 340 344 346 345 
5210 135 142 156 143 
5211 485 490 486 492 
5212 408 403 410 404 
5213 394 389 388 395 
5214 430 434 435 429 
5215 471 470 476 477 
5216 342 353 352 344 
5217 870 665 871 875 
5218 700 841 840 845 
5219 770 781 779 785 
5220 375 366 373 367 
5221 305 306 326 311 
5222 1170 1167 1169 1166 
5223 1122 1119 1121 1118 
5224 1096 1097 1094 1095 
5225 1146 1143 1145 1142 
5226 1186 1092 1187 1095 
5227 1162 1165 1163 1166 
5228 1138 1141 1139 1142 
5229 1114 1117 1115 1118 
5230 408 405 411 412 
5231 432 29 433 427 
5232 478 483 476 479 
5233 436 437 441 434 
5234 355 352 359 354 
5235 396 401 394 397 
5236 306 305 310 311 
5237 485 483 478 479 
5238 437 441 443 436 
5239 355 359 361 354 
5240 396 403 401 397 
5241 29 432 433 438 
5242 210 1325 204 1335 
5243 441 444 437 443 
5244 362 359 361 355 
5245 483 479 485 486 
5246 397 403 401 404 
5247 118 100 123 106 
5248 1212 215 209 1329 
5249 492 490 486 493 
5250 404 410 408 411 
5251 375 367 373 374 
5252 329 335 207 201 
5253 396 394 390 397 
5254 354 355 352 346 
5255 434 436 437 431 
5256 478 476 472 479 
5257 1102 1098 1101 1096 
5258 1150 1147 1149 1146 
5259 1174 1171 1173 1170 
5260 1126 1123 1125 1122 
5261 1134 1137 1135 1138 
5262 1158 1161 1159 1162 
5263 1110 1113 1111 1114 
5264 1182 1185 1183 1186 
5265 387 389 388 394 
5266 429 430 434 428 
5267 471 470 469 476 
5268 352 340 342 344 
5269 112 106 117 111 
5270 1154 1151 1153 1150 
5271 1103 1106 1102 1105 
5272 1130 1127 1129 1126 
5273 1175 1178 1174 1177 
5274 1178 1181 1179 1182 
5275 1110 1107 1109 1106 
5276 1130 1133 1131 1134 
5277 1154 1157 1155 1158 
5278 86 64 57 56 
5279 457 448 451 458 
5280 493 499 490 500 
5281 411 417 408 418 
5282 136 131 164 129 
5283 128 135 97 99 
5284 211 212 220 1335 
5285 49 56 48 86 
5286 497 490 499 500 
5287 457 455 448 458 
5288 417 415 408 418 
5289 375 366 376 373 
5290 352 340 344 346 
5291 430 431 434 428 
5292 390 389 387 394 
5293 469 472 471 476 
5294 42 9 48 41 
5295 919 917 996 1368 
5296 210 204 205 1335 
5297 386 379 385 1220 
5298 894 454 461 467 
5299 349 898 338 496 
5300 339 349 898 338 
5301 899 427 31 421 
5302 421 31 899 414 
5303 1220 379 385 372 
5304 467 461 894 468 
5305 107 113 112 118 
5306 124 107 123 119 
5307 1218 1220 385 372 
5308 1228 386 385 1220 
5309 468 894 467 895 
5310 894 1222 454 467 
5311 427 31 1215 899 
5312 897 899 31 414 
5313 1223 339 349 898 
5314 898 349 1209 496 
5315 1095 1092 1187 1097 
5316 1142 1141 1139 1143 
5317 1166 1165 1163 1167 
5318 1118 1117 1115 1119 
5319 32 24 18 23 
5320 232 226 240 231 
5321 210 211 219 1325 
5322 232 227 233 241 
5323 1167 1170 1169 1171 
5324 1143 1146 1145 1147 
5325 1119 1122 1121 1123 
5326 1097 1096 1094 1098 
5327 58 65 57 81 
5328 47 4 5 40 
5329 489 488 1221 482 
5330 118 112 100 106 
5331 206 201 195 200 
5332 440 453 1226 1225 
5333 413 893 1224 400 
5334 358 371 1219 1217 
5335 31 39 899 897 
5336 1162 1161 1159 1163 
5337 1114 1113 1111 1115 
5338 1138 1137 1135 1139 
5339 1186 1185 1183 1187 
5340 1216 357 358 1217 
5341 893 400 399 892 
5342 439 440 1229 1225 
5343 481 1221 482 1227 
5344 460 466 459 454 
5345 502 347 501 496 
5346 420 426 419 414 
5347 378 384 377 372 
5348 489 1221 495 896 
5349 1182 1181 1179 1183 
5350 1134 1133 1131 1135 
5351 1158 1157 1155 1159 
5352 1107 1110 1109 1111 
5353 327 229 299 223 
5354 135 142 134 156 
5355 31 29 427 1215 
5356 384 379 385 386 
5357 349 339 347 338 
5358 338 347 349 496 
5359 454 466 461 467 
5360 421 426 31 414 
5361 427 426 31 421 
5362 385 379 384 372 
5363 466 461 467 468 
5364 1098 1102 1101 1103 
5365 1147 1150 1149 1151 
5366 1171 1174 1173 1175 
5367 1123 1126 1125 1127 
5368 1224 407 413 400 
5369 365 371 1219 358 
5370 1226 447 453 440 
5371 1103 1106 1105 1107 
5372 1175 1178 1177 1179 
5373 1127 1130 1129 1131 
5374 1151 1154 1153 1155 
5375 1218 1219 365 378 
5376 407 897 1224 420 
5377 447 1222 1226 460 
5378 502 896 1209 489 
5379 440 439 1229 433 
5380 358 351 357 1216 
5381 482 475 481 1227 
5382 393 399 400 892 
5383 190 1213 514 1360 
5384 4 86 48 85 
5385 229 326 327 305 
5386 1215 31 30 899 
5387 489 487 488 482 
5388 895 474 475 1227 
5389 1223 350 351 1216 
5390 892 393 392 1228 
5391 447 445 453 440 
5392 407 412 413 400 
5393 370 371 365 358 
5394 6 32 7 17 
5395 48 7 8 4 
5396 905 949 960 1248 
5397 419 413 407 412 
5398 377 371 365 370 
5399 453 459 452 447 
5400 501 495 489 494 
5401 414 897 407 420 
5402 1209 496 502 489 
5403 372 1218 365 378 
5404 460 447 1222 454 
5405 433 29 439 1229 
5406 31 29 432 427 
5407 123 107 100 118 
5408 391 384 385 386 
5409 31 432 426 427 
5410 339 348 349 347 
5411 473 466 467 468 
5412 207 335 329 213 
5413 262 261 254 263 
5414 412 406 400 405 
5415 370 364 358 363 
5416 398 399 400 393 
5417 358 351 356 357 
5418 433 440 439 438 
5419 482 475 480 481 
5420 29 31 30 1215 
5421 46 71 70 85 
5422 514 1213 216 1360 
5423 32 7 18 40 
5424 339 350 351 1223 
5425 474 895 475 468 
5426 386 392 393 1228 
5427 289 283 284 288 
5428 420 407 414 419 
5429 496 501 502 489 
5430 365 372 378 377 
5431 454 460 447 459 
5432 487 489 488 494 
5433 25 20 26 34 
5434 445 447 453 452 
5435 990 996 917 1368 
5436 400 399 398 405 
5437 356 363 358 357 
5438 440 445 439 438 
5439 481 480 482 487 
5440 433 439 29 438 
5441 348 350 351 339 
5442 468 474 473 475 
5443 391 386 392 393 
5444 475 474 473 480 
5445 350 351 356 348 
5446 398 391 392 393 
5447 99 164 136 163 
5448 260 323 262 254 
5449 254 262 263 252 
5450 143 149 142 156 
5451 319 317 322 323 
5452 65 86 57 87 
5453 107 100 112 106 
5454 329 334 207 213 
5455 26 21 27 35 
5456 112 100 107 118 
5457 196 329 207 201 
5458 312 325 311 317 
5459 454 1222 460 467 
5460 372 385 1218 378 
5461 414 31 897 420 
5462 496 349 1209 502 
5463 248 242 233 241 
5464 32 6 7 40 
5465 162 135 156 163 
5466 34 11 20 42 
5467 241 232 247 240 
5468 392 386 385 1228 
5469 467 474 468 895 
5470 350 339 349 1223 
5471 365 1219 371 378 
5472 413 407 1224 420 
5473 896 502 495 489 
5474 453 447 1226 460 
5475 460 466 454 467 
5476 378 384 372 385 
5477 502 347 496 349 
5478 420 426 414 31 
5479 413 893 400 406 
5480 446 453 440 1225 
5481 364 371 358 1217 
5482 48 85 86 56 
5483 1002 919 996 1368 
5484 364 358 357 1217 
5485 399 400 893 406 
5486 446 440 439 1225 
5487 481 482 1221 488 
5488 489 488 495 1221 
5489 386 385 391 392 
5490 339 348 350 349 
5491 474 473 467 468 
5492 481 475 474 1227 
5493 350 357 351 1216 
5494 392 399 393 892 
5495 9 19 18 24 
5496 9 18 7 33 
5497 321 320 322 258 
5498 413 419 407 420 
5499 371 377 365 378 
5500 495 501 489 502 
5501 453 459 447 460 
5502 406 412 400 413 
5503 364 370 358 371 
5504 453 445 446 440 
5505 400 399 405 406 
5506 363 364 358 357 
5507 445 446 440 439 
5508 482 481 487 488 
5509 488 494 489 495 
5510 480 475 474 481 
5511 351 356 357 350 
5512 392 399 398 393 
5513 190 514 191 1360 
5514 34 26 35 42 
5515 124 102 100 107 
5516 263 253 254 252 
5517 318 180 331 252 
5518 143 163 156 135 
5519 262 324 263 252 
5520 252 323 331 318 
5521 263 253 324 335 
5522 53 30 1215 29 
5523 20 26 34 42 
5524 101 129 131 102 
5525 101 131 129 164 
5526 163 143 156 150 
5527 107 102 119 124 
5528 85 64 79 86 
5529 313 311 306 314 
5530 33 7 9 41 
5531 263 253 255 254 
5532 1186 1092 1185 1187 
5533 1165 1162 1163 1161 
5534 1141 1138 1139 1137 
5535 1117 1114 1115 1113 
5536 1092 1095 1094 1097 
5537 1167 1166 1165 1169 
5538 1143 1141 1145 1142 
5539 1121 1117 1118 1119 
5540 330 287 202 328 
5541 253 263 324 252 
5542 1182 1185 1181 1183 
5543 1134 1137 1133 1135 
5544 1158 1161 1157 1159 
5545 1110 1113 1109 1111 
5546 1094 1101 1098 1096 
5547 1170 1169 1171 1173 
5548 1145 1149 1147 1146 
5549 1125 1121 1122 1123 
5550 1178 1181 1177 1179 
5551 1107 1109 1106 1105 
5552 1130 1133 1129 1131 
5553 1154 1157 1153 1155 
5554 288 294 292 297 
5555 1153 1149 1150 1151 
5556 1105 1101 1102 1103 
5557 1129 1125 1126 1127 
5558 1175 1174 1173 1177 
5559 202 287 208 328 
5560 332 323 318 331 
5561 163 164 136 157 
5562 259 257 264 265 
5563 326 222 213 336 
5564 129 100 101 99 
5565 229 306 326 305 
5566 9 19 24 33 
5567 223 292 294 298 
5568 18 9 24 33 
5569 324 253 181 335 
5570 163 150 156 157 
5571 85 56 64 86 
5572 9 19 33 41 
5573 81 65 57 87 
5574 251 333 331 180 
5575 202 274 196 270 
5576 124 119 108 102 
5577 187 181 253 335 
5578 311 235 326 325 
5579 313 317 312 311 
5580 138 164 157 136 
5581 294 297 298 292 
5582 290 291 296 289 
5583 327 229 305 299 
5584 164 138 158 136 
5585 317 319 322 320 
5586 253 263 187 335 
5587 270 268 274 196 
5588 262 331 333 252 
5589 292 297 291 288 
5590 311 235 325 244 
5591 266 265 196 270 
5592 318 180 251 331 
5593 255 253 263 187 
5594 324 181 253 252 
5595 263 269 187 335 
5596 208 280 287 202 
5597 314 316 311 315 
5598 196 267 266 270 
5599 235 311 326 306 
5600 262 333 324 252 
5601 252 331 333 180 
5602 318 332 331 251 
5603 229 326 306 235 
5604 223 288 292 214 
5605 252 333 324 180 
5606 324 181 252 180 
5607 223 299 293 298 
5608 267 265 196 266 
5609 293 292 286 214 
5610 273 202 270 274 
5611 229 305 299 304 
5612 223 304 299 298 
5613 39 38 31 899 
5614 38 30 31 899 
5615 300 308 307 229 
5616 304 299 229 223 
5617 279 208 282 278 
5618 223 303 304 298 
5619 305 229 306 310 
5620 293 286 208 214 
5621 286 282 208 214 
5622 229 309 307 310 
5623 229 300 304 223 
5624 229 307 306 310 
5625 303 304 300 223 
5626 308 309 307 229 
5627 156 161 155 162 
5628 821 825 820 826 
5629 149 154 148 155 
5630 80 85 79 86 
5631 161 95 93 160 
5632 146 156 150 157 
5633 75 80 74 81 
5634 140 60 68 132 
5635 77 82 76 83 
5636 82 87 81 88 
5637 76 81 75 82 
5638 154 153 160 159 
5639 78 23 32 1 
5640 1049 1048 1043 1233 
5641 79 74 65 73 
5642 1080 947 945 1240 
5643 138 158 139 146 
5644 161 155 154 160 
5645 144 157 146 158 
5646 1049 1054 1048 1234 
5647 1008 921 1002 1235 
5648 1002 921 919 1235 
5649 454 462 455 461 
5650 3 31 897 39 
5651 1012 1011 1006 1239 
5652 1091 1090 1085 1237 
5653 158 163 157 164 
5654 1054 1053 1048 1234 
5655 453 445 452 446 
5656 79 70 71 85 
5657 1007 1012 1006 1239 
5658 87 8 86 10 
5659 1014 923 1008 1235 
5660 1013 1012 1007 1239 
5661 1080 945 1074 1240 
5662 1043 1048 1042 1233 
5663 408 400 407 401 
5664 1008 923 921 1235 
5665 1048 1047 1042 1233 
5666 851 855 850 856 
5667 861 865 860 866 
5668 891 778 890 780 
5669 325 243 234 332 
5670 281 286 280 287 
5671 337 496 338 497 
5672 1084 1089 1083 1237 
5673 372 380 373 379 
5674 368 374 367 375 
5675 301 306 300 307 
5676 313 306 307 314 
5677 308 313 307 314 
5678 264 257 255 265 
5679 196 265 264 270 
5680 253 255 264 187 
5681 296 290 289 295 
5682 265 266 271 270 
5683 277 276 271 272 
5684 983 982 977 1236 
5685 1018 1017 1012 1238 
5686 1090 1089 1084 1237 
5687 1085 1090 1084 1237 
5688 312 325 244 311 
5689 1086 947 1080 1240 
5690 1012 1017 1011 1238 
5691 1013 1018 1012 1238 
5692 1006 1011 1005 1239 
5693 300 235 229 306 
5694 300 307 306 229 
5695 307 312 306 313 
5696 311 244 312 306 
5697 1042 1047 1041 1233 
5698 321 256 320 258 
5699 489 1221 896 482 
5700 1055 1054 1049 1234 
5701 801 805 800 806 
5702 244 331 332 251 
5703 157 162 156 163 
5704 310 316 315 311 
5705 287 286 293 292 
5706 83 88 82 89 
5707 360 366 359 367 
5708 1048 1053 1047 1234 
5709 150 155 149 156 
5710 294 229 223 300 
5711 257 254 255 256 
5712 145 137 701 1304 
5713 206 212 211 1335 
5714 206 211 205 1335 
5715 199 205 204 1335 
5716 1281 1057 1271 1063 
5717 1281 1271 1057 1265 
5718 1062 1271 1057 1063 
5719 1062 1057 1271 1265 
5720 982 977 981 976 
5721 982 981 977 1236 
5722 975 981 977 976 
5723 975 977 981 1236 
5724 1236 982 1342 983 
5725 1236 1342 982 981 
5726 1237 1084 1260 1083 
5727 1237 1260 1084 1085 
5728 1316 1260 1084 1083 
5729 1316 1084 1260 1085 
5730 292 223 293 298 
5731 292 293 223 214 
5732 971 1261 1232 1192 
5733 971 1232 1261 1318 
5734 1302 1040 1265 1046 
5735 1302 1265 1040 1289 
5736 315 309 307 314 
5737 315 307 309 310 
5738 306 315 307 314 
5739 306 307 315 310 
5740 311 315 306 314 
5741 311 306 315 310 
5742 1293 980 1326 979 
5743 1293 1326 980 1259 
5744 1270 584 1309 583 
5745 1270 1309 584 1269 
5746 1292 1283 772 877 
5747 772 1283 1292 1275 
5748 772 882 1292 877 
5749 1318 970 1326 971 
5750 1318 1326 970 969 
5751 1270 1042 1289 1041 
5752 328 214 222 223 
5753 222 214 328 213 
5754 222 327 328 223 
5755 328 327 222 213 
5756 1328 1027 1289 1028 
5757 1328 1289 1027 1339 
5758 913 1308 1368 915 
5759 975 970 1326 969 
5760 245 1262 1287 165 
5761 1287 1262 245 1288 
5762 208 279 202 276 
5763 208 202 279 280 
5764 274 279 202 280 
5765 703 1317 699 704 
5766 699 1317 703 1266 
5767 1363 955 956 954 
5768 597 1350 596 591 
5769 597 596 1350 1310 
5770 590 596 1350 591 
5771 590 1350 596 1310 
5772 1066 1072 1316 1067 
5773 1316 1072 1066 1071 
5774 1306 957 1363 955 
5775 1266 108 151 114 
5776 1024 1328 1019 1025 
5777 956 957 1363 958 
5778 956 1363 957 955 
5779 618 1316 624 1231 
5780 1204 624 1316 1231 
5781 1204 1316 624 1260 
5782 1354 1286 716 715 
5783 1274 1354 716 715 
5784 1365 1351 783 1319 
5785 699 1357 1266 698 
5786 1266 1357 699 1317 
5787 273 279 202 274 
5788 273 202 279 276 
5789 1292 887 772 1275 
5790 1292 772 887 882 
5791 1316 1064 1281 1070 
5792 1316 1281 1064 1279 
5793 1306 1363 1196 1267 
5794 1306 1191 1196 959 
5795 1196 1191 1306 1267 
5796 294 297 303 298 
5797 303 223 294 298 
5798 716 1286 721 715 
5799 697 701 1266 702 
5800 1302 1058 1265 1279 
5801 1302 1265 1058 1052 
5802 1274 705 1317 704 
5803 1278 671 1282 670 
5804 1074 943 1240 945 
5805 1316 1066 1279 1065 
5806 1316 1279 1066 1067 
5807 1282 1358 1314 533 
5808 1282 1314 1358 1290 
5809 532 1314 1358 533 
5810 532 1358 1314 1290 
5811 267 272 270 273 
5812 646 641 1364 639 
5813 682 677 1278 676 
5814 693 1357 694 698 
5815 693 694 1357 1345 
5816 699 694 1357 698 
5817 699 1357 694 1345 
5818 603 1366 598 604 
5819 598 1366 603 1310 
5820 1318 1291 1334 509 
5821 1334 1291 1318 1267 
5822 1334 506 1318 509 
5823 1318 506 1334 1267 
5824 1272 1018 1013 1238 
5825 1272 1013 1018 1019 
5826 1292 882 1327 877 
5827 1292 1327 882 1273 
5828 670 665 1282 664 
5829 704 700 1317 699 
5830 1345 1317 700 699 
5831 1374 1331 585 1269 
5832 1318 523 1261 1315 
5833 1318 1261 523 522 
5834 1350 719 1331 718 
5835 1266 151 696 114 
5836 1266 696 151 152 
5837 1194 1019 1328 1025 
5838 308 300 302 303 
5839 1343 728 1286 727 
5840 1362 877 873 872 
5841 1362 873 877 1327 
5842 44 21 22 15 
5843 44 22 21 36 
5844 1319 767 1303 768 
5845 1319 1303 767 1262 
5846 964 1306 1318 963 
5847 1318 1306 964 965 
5848 14 59 52 51 
5849 14 52 59 89 
5850 238 1262 245 237 
5851 238 245 1262 1288 
5852 1260 503 631 630 
5853 1260 631 503 1267 
5854 1194 1200 1272 1019 
5855 1272 1200 1194 1349 
5856 1272 1328 1194 1019 
5857 1194 1328 1272 1349 
5858 263 268 187 269 
5859 1327 1282 659 658 
5860 1310 608 603 602 
5861 1310 603 608 1285 
5862 130 152 1266 151 
5863 1303 888 771 774 
5864 1303 771 888 1273 
5865 969 963 1326 968 
5866 962 963 1326 1306 
5867 962 1326 963 968 
5868 238 1211 1262 236 
5869 238 1262 1211 1288 
5870 765 1262 1211 236 
5871 765 1211 1262 1288 
5872 1000 1307 1276 1001 
5873 1276 1307 1000 999 
5874 268 261 187 264 
5875 268 187 261 263 
5876 1047 1234 1233 1048 
5877 1047 1233 1234 1302 
5878 1049 1233 1234 1048 
5879 1049 1234 1233 1302 
5880 1358 662 657 656 
5881 1191 965 1318 1206 
5882 1318 965 1191 1306 
5883 1304 158 131 164 
5884 1304 131 158 137 
5885 136 131 158 164 
5886 136 158 131 137 
5887 1319 1303 770 769 
5888 1082 1370 1076 1281 
5889 1082 1076 1370 1081 
5890 1075 1076 1370 1281 
5891 1075 1370 1076 1081 
5892 91 45 120 92 
5893 120 45 91 52 
5894 1332 582 576 575 
5895 1332 576 582 1270 
5896 565 1341 561 1313 
5897 565 561 1341 564 
5898 560 561 1341 1313 
5899 560 1341 561 564 
5900 1312 549 544 1280 
5901 1312 544 549 550 
5902 188 1329 1325 197 
5903 1325 1329 188 182 
5904 1239 1011 1238 1012 
5905 1238 1011 1239 1307 
5906 1238 1013 1239 1012 
5907 1239 1013 1238 1307 
5908 158 1304 139 144 
5909 139 1304 158 137 
5910 579 1374 585 578 
5911 585 1374 579 1331 
5912 1342 994 1276 995 
5913 1342 1276 994 993 
5914 641 1364 647 646 
5915 1272 1328 1017 1375 
5916 732 1350 1257 731 
5917 1257 1350 732 1343 
5918 732 1257 1366 731 
5919 1366 1257 732 1343 
5920 732 1366 737 731 
5921 62 1332 69 53 
5922 62 69 1332 1349 
5923 254 261 255 263 
5924 187 255 261 263 
5925 186 212 234 195 
5926 234 333 186 195 
5927 1296 740 1343 739 
5928 1353 1350 1310 1257 
5929 1353 1310 1350 1269 
5930 333 179 234 186 
5931 212 234 179 186 
5932 813 1343 812 808 
5933 813 812 1343 1299 
5934 807 812 1343 808 
5935 807 1343 812 1299 
5936 1224 1197 3 897 
5937 1375 1022 1017 1016 
5938 1375 1017 1022 1328 
5939 1004 1307 999 1005 
5940 1004 999 1307 1324 
5941 582 1230 588 1225 
5942 582 588 1230 1270 
5943 1226 588 1230 1225 
5944 1330 744 1366 743 
5945 1330 1366 744 1296 
5946 1338 1339 1368 1251 
5947 1020 1368 1339 1251 
5948 212 179 206 186 
5949 1222 1193 1302 1198 
5950 1302 1193 1222 594 
5951 1302 1373 1222 1198 
5952 1222 1373 1302 594 
5953 503 1260 1209 630 
5954 1204 1260 1209 1207 
5955 1204 1209 1260 630 
5956 1230 1193 588 1226 
5957 1230 588 1193 1270 
5958 1344 762 1262 1319 
5959 1344 1262 762 761 
5960 767 1262 762 1319 
5961 767 762 1262 761 
5962 101 1304 131 164 
5963 131 1304 101 102 
5964 1272 1018 1328 1019 
5965 1272 1328 1018 1017 
5966 1023 1018 1328 1017 
5967 1318 1206 1223 1191 
5968 1223 1318 1267 504 
5969 1267 1318 1223 1191 
5970 1223 1267 503 504 
5971 311 314 317 316 
5972 311 317 314 313 
5973 319 314 317 313 
5974 261 267 264 268 
5975 196 264 267 268 
5976 196 267 264 265 
5977 1342 1190 1236 983 
5978 1342 1236 1190 1261 
5979 977 1236 1190 983 
5980 977 1190 1236 1261 
5981 1359 798 1365 1296 
5982 1359 1365 798 793 
5983 1020 1338 1368 1014 
5984 1368 1338 1020 1339 
5985 1296 1343 1365 1299 
5986 1296 1365 1343 803 
5987 802 1365 1343 1299 
5988 802 1343 1365 803 
5989 178 177 206 179 
5990 206 177 178 176 
5991 206 212 178 179 
5992 178 212 206 176 
5993 1265 1039 1044 1045 
5994 1265 1044 1039 1339 
5995 1355 842 1317 837 
5996 1355 1317 842 1283 
5997 1229 53 1203 1215 
5998 36 21 35 27 
5999 36 35 21 43 
6000 749 1359 744 750 
6001 744 1359 749 1330 
6002 1207 1085 1237 1091 
6003 1237 1085 1207 1260 
6004 1207 1237 1363 1091 
6005 1363 1237 1207 1260 
6006 1207 1363 1196 1091 
6007 1283 842 772 847 
6008 1283 772 842 1355 
6009 683 1345 850 689 
6010 1304 707 1331 1274 
6011 1304 1331 707 706 
6012 884 880 1327 879 
6013 885 1327 653 647 
6014 1359 790 1319 789 
6015 561 1357 556 562 
6016 556 1357 561 1313 
6017 322 316 320 321 
6018 322 320 316 317 
6019 789 785 1319 784 
6020 879 875 1327 874 
6021 1327 875 1282 874 
6022 1327 1282 875 659 
6023 1282 665 875 659 
6024 819 815 1286 814 
6025 1286 815 1343 814 
6026 1286 1343 815 728 
6027 1343 734 815 728 
6028 913 1369 1248 911 
6029 1248 1369 913 1368 
6030 1248 1308 913 911 
6031 913 1308 1248 1368 
6032 854 850 1345 849 
6033 662 1358 663 1282 
6034 662 663 1358 657 
6035 1347 601 606 607 
6036 1347 606 601 1373 
6037 830 826 716 825 
6038 1327 647 652 653 
6039 1327 652 647 646 
6040 1217 522 1318 516 
6041 315 320 316 321 
6042 315 316 320 314 
6043 43 12 44 50 
6044 43 44 12 13 
6045 814 810 1343 809 
6046 640 779 1303 770 
6047 1303 779 1319 770 
6048 1303 1319 779 777 
6049 1319 784 779 777 
6050 1343 815 810 814 
6051 785 779 1319 784 
6052 785 1319 779 770 
6053 1302 1193 1233 1049 
6054 1302 1233 1193 1270 
6055 1043 1233 1193 1049 
6056 1043 1193 1233 1270 
6057 1335 200 199 205 
6058 504 1216 1318 508 
6059 1371 766 217 767 
6060 889 885 1364 884 
6061 558 1197 3 1224 
6062 558 3 1197 1272 
6063 1248 909 966 907 
6064 1248 966 909 1369 
6065 35 20 21 13 
6066 35 21 20 26 
6067 104 116 105 110 
6068 104 105 116 96 
6069 264 259 267 261 
6070 264 267 259 265 
6071 201 333 234 195 
6072 234 212 201 195 
6073 1275 787 1351 782 
6074 1275 1351 787 1365 
6075 783 1351 787 782 
6076 783 787 1351 1365 
6077 317 318 323 319 
6078 317 323 318 332 
6079 902 900 1308 901 
6080 902 1308 900 1248 
6081 212 243 179 234 
6082 212 179 243 178 
6083 333 179 243 234 
6084 333 243 179 178 
6085 633 1360 642 216 
6086 642 1360 633 1320 
6087 600 1222 1198 894 
6088 1198 1222 600 1373 
6089 1198 1199 600 894 
6090 600 1199 1198 1373 
6091 1275 1365 1355 1299 
6092 1275 1355 1365 797 
6093 802 1355 1365 1299 
6094 802 1365 1355 797 
6095 1203 575 53 1229 
6096 1203 53 575 1332 
6097 119 151 108 114 
6098 108 151 119 124 
6099 185 179 206 177 
6100 185 206 179 186 
6101 580 1304 164 158 
6102 226 241 227 232 
6103 226 227 241 221 
6104 325 312 332 317 
6105 325 332 312 244 
6106 251 312 332 244 
6107 97 122 123 98 
6108 123 122 97 127 
6109 212 207 234 201 
6110 234 207 212 213 
6111 207 333 234 201 
6112 234 333 207 213 
6113 207 324 333 201 
6114 333 324 207 213 
6115 1359 799 795 794 
6116 105 117 106 111 
6117 105 106 117 98 
6118 194 186 206 185 
6119 1335 194 206 185 
6120 1335 206 194 200 
6121 199 1335 194 200 
6122 194 195 206 186 
6123 206 195 194 200 
6124 1371 636 635 1364 
6125 1371 635 636 634 
6126 66 81 82 75 
6127 82 81 66 88 
6128 213 331 234 333 
6129 1200 1349 899 1194 
6130 1349 1189 899 1194 
6131 322 260 319 323 
6132 254 319 260 323 
6133 186 195 181 187 
6134 186 181 195 324 
6135 142 155 156 149 
6136 142 156 155 162 
6137 10 42 43 11 
6138 43 42 10 49 
6139 33 18 32 24 
6140 32 18 33 40 
6141 458 448 454 455 
6142 458 462 454 459 
6143 454 462 458 455 
6144 376 366 372 373 
6145 376 380 372 377 
6146 372 380 376 373 
6147 500 490 496 497 
6148 500 337 496 501 
6149 496 337 500 497 
6150 791 1359 795 790 
6151 1319 791 1359 758 
6152 1319 1359 791 790 
6153 764 791 1319 758 
6154 63 69 71 72 
6155 63 71 64 72 
6156 831 710 835 830 
6157 835 836 710 831 
6158 710 836 835 705 
6159 886 647 890 885 
6160 272 266 270 271 
6161 272 270 266 267 
6162 740 811 1343 734 
6163 740 1343 811 810 
6164 815 1343 811 734 
6165 815 811 1343 810 
6166 398 404 400 405 
6167 408 400 404 405 
6168 408 404 400 401 
6169 418 408 414 415 
6170 343 340 342 341 
6171 500 343 337 345 
6172 337 340 343 341 
6173 337 343 340 345 
6174 490 499 498 497 
6175 498 499 490 492 
6176 498 491 490 497 
6177 490 491 498 492 
6178 416 410 415 409 
6179 416 415 410 417 
6180 408 415 410 409 
6181 408 410 415 417 
6182 340 344 343 342 
6183 343 344 340 345 
6184 430 428 424 425 
6185 424 428 430 429 
6186 471 469 464 465 
6187 471 464 469 470 
6188 387 389 382 388 
6189 387 382 389 383 
6190 800 801 752 796 
6191 752 801 800 746 
6192 830 831 716 826 
6193 716 831 830 710 
6194 890 891 647 886 
6195 647 891 890 641 
6196 448 444 450 451 
6197 450 457 448 451 
6198 108 107 119 113 
6199 108 119 107 102 
6200 369 367 362 359 
6201 369 362 367 368 
6202 361 362 367 359 
6203 361 367 362 368 
6204 404 397 400 401 
6205 404 400 397 398 
6206 394 400 397 401 
6207 412 407 418 408 
6208 412 418 407 419 
6209 414 418 407 408 
6210 414 407 418 419 
6211 447 454 458 448 
6212 458 454 447 459 
6213 447 452 458 459 
6214 489 494 500 501 
6215 500 496 489 501 
6216 489 496 500 490 
6217 370 376 365 377 
6218 372 376 365 366 
6219 372 365 376 377 
6220 443 450 448 444 
6221 443 448 450 449 
6222 242 234 221 227 
6223 242 221 234 243 
6224 369 366 375 367 
6225 375 366 369 376 
6226 33 34 19 25 
6227 33 19 34 41 
6228 394 396 389 395 
6229 389 396 394 390 
6230 434 436 430 435 
6231 430 436 434 431 
6232 478 476 471 472 
6233 471 476 478 477 
6234 352 354 344 353 
6235 352 344 354 346 
6236 187 201 181 335 
6237 187 181 201 195 
6238 324 181 201 335 
6239 324 201 181 195 
6240 448 455 450 449 
6241 448 450 455 457 
6242 456 450 455 449 
6243 456 455 450 457 
6244 447 445 451 452 
6245 447 458 451 448 
6246 451 458 447 452 
6247 487 493 489 494 
6248 500 489 493 494 
6249 500 493 489 490 
6250 85 47 5 46 
6251 5 47 85 4 
6252 400 397 393 394 
6253 400 393 397 398 
6254 391 397 393 398 
6255 390 397 393 391 
6256 393 397 390 394 
6257 390 387 393 394 
6258 148 142 134 141 
6259 148 134 142 155 
6260 161 148 134 141 
6261 161 134 148 155 
6262 154 148 161 141 
6263 154 161 148 155 
6264 136 163 143 135 
6265 118 119 107 113 
6266 118 107 119 123 
6267 19 34 20 25 
6268 20 34 19 11 
6269 39 2 40 16 
6270 39 40 2 32 
6271 6 40 2 16 
6272 6 2 40 32 
6273 180 179 186 181 
6274 186 179 180 333 
6275 186 324 180 181 
6276 180 324 186 333 
6277 157 158 138 146 
6278 157 138 158 164 
6279 257 254 261 255 
6280 17 18 32 7 
6281 17 32 18 23 
6282 9 48 7 8 
6283 9 7 48 41 
6284 65 80 81 74 
6285 289 294 296 295 
6286 79 64 65 86 
6287 79 65 64 73 
6288 264 261 257 259 
6289 288 289 285 284 
6290 288 285 289 291 
6291 290 285 289 284 
6292 290 289 285 291 
6293 102 129 100 101 
6294 102 100 129 124 
6295 129 164 99 101 
6296 99 164 129 136 
6297 255 264 261 257 
6298 261 264 255 187 
6299 95 162 134 161 
6300 95 134 162 97 
6301 10 88 58 87 
6302 10 58 88 12 
6303 86 81 65 80 
6304 86 65 81 87 
6305 712 707 1331 706 
6306 712 1331 707 713 
6307 97 163 135 162 
6308 97 135 163 99 
6309 574 101 1304 570 
6310 587 711 1331 581 
6311 587 1331 711 717 
6312 679 674 1312 673 
6313 679 1312 674 680 
6314 557 678 1312 551 
6315 557 1312 678 684 
6316 672 667 1314 666 
6317 672 1314 667 673 
6318 521 642 1320 515 
6319 521 1320 642 648 
6320 320 317 314 316 
6321 320 314 317 319 
6322 1360 216 1371 1214 
6323 1360 1371 216 633 
6324 217 216 1371 633 
6325 302 307 300 308 
6326 300 307 302 301 
6327 89 12 59 14 
6328 89 59 12 88 
6329 272 270 276 271 
6330 976 971 975 970 
6331 976 975 971 977 
6332 1326 975 971 970 
6333 1326 971 975 977 
6334 1084 1079 1316 1078 
6335 1084 1316 1079 1085 
6336 285 280 282 279 
6337 285 282 280 286 
6338 208 282 280 279 
6339 208 280 282 286 
6340 223 228 327 229 
6341 223 327 228 222 
6342 326 327 228 229 
6343 326 228 327 222 
6344 325 234 326 228 
6345 325 326 234 235 
6346 229 326 234 228 
6347 229 234 326 235 
6348 286 287 208 280 
6349 286 208 287 293 
6350 310 304 229 309 
6351 310 229 304 305 
6352 309 303 300 308 
6353 300 303 309 304 
6354 300 229 309 308 
6355 309 229 300 304 
6356 300 295 296 294 
6357 296 295 300 301 
6358 300 302 296 301 
6359 752 757 1359 758 
6360 752 1359 757 751 
6361 215 1371 766 217 
6362 741 736 1366 735 
6363 741 1366 736 742 
6364 748 743 1330 742 
6365 748 1330 743 749 
6366 623 747 1344 617 
6367 623 1344 747 753 
6368 254 320 260 319 
6369 322 260 320 319 
6370 322 320 260 258 
6371 215 765 1371 1212 
6372 215 1371 765 766 
6373 1288 1371 765 1212 
6374 318 332 312 317 
6375 318 312 332 251 
6376 291 286 288 285 
6377 291 288 286 292 
6378 214 286 288 292 
6379 215 216 1371 217 
6380 215 1371 216 1214 
6381 55 1349 1332 69 
6382 1332 53 55 69 
6383 176 174 177 175 
6384 176 177 174 206 
6385 258 257 260 259 
6386 261 260 257 259 
6387 261 257 260 254 
6388 668 1282 667 662 
6389 661 667 1282 662 
6390 661 1282 667 1314 
6391 194 193 1335 199 
6392 1335 193 194 185 
6393 701 152 1266 130 
6394 1266 152 701 697 
6395 1018 1024 1328 1019 
6396 1018 1328 1024 1023 
6397 1308 943 1356 941 
6398 727 722 1286 721 
6399 716 1286 722 721 
6400 683 677 1278 682 
6401 1352 683 1278 682 
6402 1345 683 1352 682 
6403 705 700 1317 704 
6404 671 665 1282 670 
6405 532 1358 531 526 
6406 532 531 1358 1290 
6407 525 531 1358 526 
6408 525 1358 531 1290 
6409 1328 1021 1375 1264 
6410 1328 1375 1021 1022 
6411 1271 1240 948 1086 
6412 1271 948 1240 1248 
6413 948 1240 900 1086 
6414 948 900 1240 1248 
6415 900 1240 947 1086 
6416 900 947 1240 1248 
6417 888 1364 884 889 
6418 884 1364 888 1273 
6419 1366 738 732 737 
6420 1366 732 738 1343 
6421 1318 1217 1261 522 
6422 1318 1261 1217 1232 
6423 1192 1217 1261 1232 
6424 1349 61 1332 62 
6425 53 1332 61 62 
6426 1267 1191 898 1196 
6427 1267 898 1207 1196 
6428 1223 1216 1318 504 
6429 1318 1216 1223 1206 
6430 898 1223 1267 503 
6431 898 1267 1223 1191 
6432 898 1209 1267 1207 
6433 898 1267 1209 503 
6434 1260 1267 1209 1207 
6435 1260 1209 1267 503 
6436 719 1350 720 725 
6437 726 720 1350 725 
6438 726 1350 720 1286 
6439 880 1327 885 884 
6440 855 850 1345 854 
6441 855 1345 850 683 
6442 1352 855 1345 854 
6443 1352 1345 855 683 
6444 1278 855 1352 854 
6445 1278 1352 855 683 
6446 785 1319 790 789 
6447 875 880 1327 659 
6448 875 1327 880 879 
6449 652 657 1327 658 
6450 657 1282 1327 658 
6451 1327 1282 657 1358 
6452 657 663 1282 658 
6453 1282 663 657 1358 
6454 257 256 260 254 
6455 257 260 256 258 
6456 320 260 256 254 
6457 320 256 260 258 
6458 1327 651 657 652 
6459 1327 657 651 1358 
6460 839 835 1317 834 
6461 1317 835 1274 834 
6462 1317 1274 835 705 
6463 1274 710 835 705 
6464 671 870 1282 665 
6465 874 870 1282 869 
6466 705 840 1317 700 
6467 1317 840 1345 700 
6468 1317 1345 840 839 
6469 1345 844 840 839 
6470 845 840 1345 844 
6471 845 1345 840 700 
6472 875 870 1282 874 
6473 875 1282 870 665 
6474 163 150 136 143 
6475 163 136 150 157 
6476 138 136 150 143 
6477 138 150 136 157 
6478 859 855 1278 854 
6479 234 221 213 212 
6480 69 46 71 55 
6481 69 71 46 63 
6482 659 881 1327 653 
6483 659 1327 881 880 
6484 885 1327 881 653 
6485 885 881 1327 880 
6486 856 683 860 855 
6487 1319 790 786 785 
6488 1319 770 786 764 
6489 786 770 1319 785 
6490 850 846 1345 845 
6491 850 1345 846 695 
6492 700 1345 846 845 
6493 700 846 1345 695 
6494 337 499 343 500 
6495 337 343 499 341 
6496 444 441 447 448 
6497 444 451 447 445 
6498 447 451 444 448 
6499 486 483 489 490 
6500 486 493 489 487 
6501 489 493 486 490 
6502 359 365 369 366 
6503 376 365 369 370 
6504 376 369 365 366 
6505 393 386 390 391 
6506 393 390 386 387 
6507 384 390 386 391 
6508 860 861 683 856 
6509 683 861 860 677 
6510 380 383 386 384 
6511 380 386 383 387 
6512 390 386 383 384 
6513 390 383 386 387 
6514 365 369 358 359 
6515 365 358 369 370 
6516 363 369 358 370 
6517 489 486 482 483 
6518 489 482 486 487 
6519 480 486 482 487 
6520 440 438 444 445 
6521 440 447 444 441 
6522 444 447 440 445 
6523 358 356 362 363 
6524 358 369 362 359 
6525 362 369 358 363 
6526 227 234 213 228 
6527 213 234 227 221 
6528 213 222 227 228 
6529 227 222 213 221 
6530 580 101 1304 574 
6531 580 1304 101 164 
6532 54 1349 1332 55 
6533 1332 1349 54 1311 
6534 1332 53 54 55 
6535 54 53 1332 1311 
6536 981 1236 980 975 
6537 981 980 1236 1342 
6538 1326 980 1261 975 
6539 1326 1261 980 1342 
6540 980 1236 1261 975 
6541 980 1261 1236 1342 
6542 1047 1233 1046 1041 
6543 1047 1046 1233 1302 
6544 1046 1233 1040 1041 
6545 1046 1040 1233 1302 
6546 1040 1233 1289 1041 
6547 1040 1289 1233 1302 
6548 1289 1233 1270 1041 
6549 1289 1270 1233 1302 
6550 1332 1037 1042 1043 
6551 1332 1270 1042 1289 
6552 1042 1270 1332 1043 
6553 1036 1042 1332 1037 
6554 1316 624 619 618 
6555 1316 619 624 1260 
6556 124 130 108 151 
6557 1266 108 130 151 
6558 278 208 276 279 
6559 276 273 278 279 
6560 278 272 276 277 
6561 278 276 272 273 
6562 1302 1279 1060 1059 
6563 1061 1302 1279 1060 
6564 187 196 268 264 
6565 963 1326 1318 969 
6566 963 1318 1326 1306 
6567 1031 1189 1328 1194 
6568 1031 1328 1189 1332 
6569 1349 1328 1189 1194 
6570 1349 1189 1328 1332 
6571 647 1364 1327 646 
6572 1320 1364 1327 1273 
6573 722 1286 728 727 
6574 1199 1055 1302 1061 
6575 1279 1199 1302 1061 
6576 1279 1302 1199 1373 
6577 1067 1199 1279 1061 
6578 1198 1199 1302 1373 
6579 1302 1199 1198 1055 
6580 284 288 282 285 
6581 282 288 284 283 
6582 282 279 284 285 
6583 284 278 282 283 
6584 284 282 278 279 
6585 294 303 300 223 
6586 1327 885 1364 647 
6587 1274 716 830 710 
6588 1274 834 830 829 
6589 1359 752 800 746 
6590 800 1359 1296 799 
6591 1296 1359 800 746 
6592 800 1296 804 799 
6593 740 1296 800 746 
6594 1278 864 860 859 
6595 1278 683 860 677 
6596 647 890 1364 641 
6597 776 890 1364 889 
6598 890 640 1364 641 
6599 176 178 243 250 
6600 176 249 243 221 
6601 243 249 176 250 
6602 234 213 332 331 
6603 332 213 234 228 
6604 46 71 56 63 
6605 46 56 71 85 
6606 64 56 71 63 
6607 64 71 56 85 
6608 53 1332 30 61 
6609 1349 30 1332 61 
6610 1215 1203 1332 53 
6611 1332 1203 1215 1189 
6612 1332 30 1215 53 
6613 835 830 1274 834 
6614 1274 830 835 710 
6615 885 890 1364 647 
6616 885 1364 890 889 
6617 289 294 297 296 
6618 297 294 289 288 
6619 297 291 289 296 
6620 289 291 297 288 
6621 270 276 273 272 
6622 270 273 276 202 
6623 300 303 297 302 
6624 297 303 300 294 
6625 297 296 300 302 
6626 300 296 297 294 
6627 1371 765 1262 1288 
6628 1371 1262 765 766 
6629 286 288 282 214 
6630 286 282 288 285 
6631 1347 1316 1373 1279 
6632 1347 1373 1316 1201 
6633 282 276 278 208 
6634 278 276 282 277 
6635 646 1364 645 639 
6636 637 645 1364 639 
6637 637 1364 645 1320 
6638 39 78 1272 3 
6639 39 1272 78 1349 
6640 78 1 1272 3 
6641 78 1272 1 1349 
6642 645 1320 650 644 
6643 528 1261 1219 522 
6644 1217 1261 1219 1192 
6645 1217 1219 1261 522 
6646 1219 1190 1261 528 
6647 1219 1261 1190 1192 
6648 1327 645 1364 1320 
6649 1327 1364 645 646 
6650 1308 945 1240 943 
6651 1308 1240 945 1248 
6652 1271 1240 1356 1248 
6653 1356 1308 1240 943 
6654 1356 1240 1308 1248 
6655 728 820 1286 722 
6656 824 820 1286 819 
6657 805 800 1296 804 
6658 805 1296 800 740 
6659 1343 805 1296 804 
6660 1343 1296 805 740 
6661 809 805 1343 804 
6662 778 890 1364 776 
6663 778 1364 890 640 
6664 1303 778 1364 776 
6665 1303 1364 778 640 
6666 777 778 1303 776 
6667 810 805 1343 809 
6668 810 1343 805 740 
6669 835 840 1317 705 
6670 835 1317 840 839 
6671 779 778 1303 777 
6672 779 1303 778 640 
6673 1358 651 1320 650 
6674 1358 1320 651 1327 
6675 645 1320 651 650 
6676 645 651 1320 1327 
6677 786 791 1319 764 
6678 786 1319 791 790 
6679 444 440 437 438 
6680 444 437 440 441 
6681 434 440 437 441 
6682 362 358 355 356 
6683 362 355 358 359 
6684 352 358 355 359 
6685 486 482 479 480 
6686 486 479 482 483 
6687 476 482 479 483 
6688 899 1215 1349 30 
6689 899 1349 1215 1189 
6690 1332 1349 1215 30 
6691 1332 1215 1349 1189 
6692 440 437 433 434 
6693 440 433 437 438 
6694 432 437 433 438 
6695 348 355 351 356 
6696 358 351 355 356 
6697 358 355 351 352 
6698 475 473 479 480 
6699 475 482 479 476 
6700 479 482 475 480 
6701 428 433 431 434 
6702 437 433 431 432 
6703 437 431 433 434 
6704 355 346 351 352 
6705 355 351 346 348 
6706 340 351 346 352 
6707 469 475 472 476 
6708 479 475 472 473 
6709 479 472 475 476 
6710 274 269 196 268 
6711 187 196 269 268 
6712 187 269 196 329 
6713 1332 1035 1041 1036 
6714 1041 1035 1332 1289 
6715 1041 1042 1332 1036 
6716 1332 1042 1041 1289 
6717 958 957 1306 959 
6718 1306 957 958 1363 
6719 1306 1196 958 959 
6720 958 1196 1306 1363 
6721 1199 1201 1279 1373 
6722 1199 1279 1201 1067 
6723 1316 1279 1201 1373 
6724 1316 1201 1279 1067 
6725 39 1272 897 3 
6726 1197 1272 897 1200 
6727 1197 897 1272 3 
6728 884 1364 1327 885 
6729 884 1327 1364 1273 
6730 795 1359 800 799 
6731 671 1278 860 677 
6732 212 243 176 178 
6733 212 176 243 221 
6734 1282 667 1278 668 
6735 1282 1278 667 1314 
6736 673 1278 667 668 
6737 673 667 1278 1314 
6738 943 1068 1356 941 
6739 1062 1068 1356 1271 
6740 1062 1356 1068 941 
6741 1207 1267 1363 1260 
6742 1207 1363 1267 1196 
6743 1350 720 1331 719 
6744 1350 1331 720 1286 
6745 716 1286 820 722 
6746 855 860 1278 683 
6747 855 1278 860 859 
6748 184 1335 177 185 
6749 206 1335 177 174 
6750 206 177 1335 185 
6751 228 213 336 332 
6752 336 213 228 222 
6753 336 325 228 332 
6754 829 825 1274 824 
6755 825 820 1286 824 
6756 825 1286 820 716 
6757 1354 825 1286 824 
6758 1354 1286 825 716 
6759 1274 825 1354 824 
6760 1274 1354 825 716 
6761 820 815 1286 819 
6762 820 1286 815 728 
6763 865 860 1278 864 
6764 865 1278 860 671 
6765 1282 865 1278 864 
6766 1282 1278 865 671 
6767 869 865 1282 864 
6768 865 870 1282 671 
6769 865 1282 870 869 
6770 897 899 1349 39 
6771 1349 899 897 1200 
6772 1349 1272 897 39 
6773 897 1272 1349 1200 
6774 1359 758 796 752 
6775 1359 800 796 795 
6776 796 800 1359 752 
6777 339 347 346 348 
6778 346 351 339 348 
6779 339 351 346 340 
6780 427 426 431 432 
6781 431 433 427 432 
6782 427 433 431 428 
6783 475 468 472 473 
6784 475 472 468 469 
6785 466 472 468 473 
6786 337 345 339 347 
6787 337 339 345 340 
6788 346 339 345 347 
6789 346 345 339 340 
6790 425 431 427 426 
6791 427 431 425 428 
6792 425 422 427 428 
6793 472 465 468 469 
6794 472 468 465 466 
6795 462 468 465 469 
6796 462 465 468 466 
6797 334 196 275 329 
6798 269 196 275 274 
6799 269 275 196 329 
6800 101 567 1304 570 
6801 101 1304 567 102 
6802 825 830 1274 716 
6803 825 1274 830 829 
6804 326 228 336 325 
6805 326 336 228 222 
6806 791 1359 796 795 
6807 796 1359 791 758 
6808 427 425 421 422 
6809 427 421 425 426 
6810 425 421 414 426 
6811 425 419 414 418 
6812 414 419 425 426 
6813 415 414 422 421 
6814 415 422 414 418 
6815 425 422 414 421 
6816 425 414 422 418 
6817 183 1335 175 184 
6818 177 1335 175 174 
6819 177 175 1335 184 
6820 567 108 1304 1266 
6821 567 1304 108 102 
6822 2 3 1272 1 
6823 1272 3 2 1341 
6824 1272 1349 2 1 
6825 2 1349 1272 1341 
6826 1074 1240 1068 1271 
6827 1074 1068 1240 943 
6828 1356 1068 1240 1271 
6829 1356 1240 1068 943 
6830 1335 173 175 174 
6831 1335 175 173 183 
6832 280 275 202 274 
6833 196 202 275 274 
6834 196 275 202 334 
6835 330 202 281 334 
6836 275 202 281 280 
6837 275 281 202 334 
6838 567 1304 566 1266 
6839 567 566 1304 570 
6840 569 1304 566 570 
6841 1304 131 108 102 
6842 131 108 129 130 
6843 131 129 108 102 
6844 129 108 124 130 
6845 129 124 108 102 
6846 108 131 1266 130 
6847 108 1266 131 1304 
6848 701 1266 131 130 
6849 701 131 1266 1304 
6850 287 281 202 280 
6851 287 202 281 330 
6852 1341 1304 565 569 
6853 1341 565 1304 1266 
6854 566 565 1304 569 
6855 566 1304 565 1266 
6856 1309 1246 1269 1241 
6857 1309 1269 1246 1374 
$EndElements
